
Final_Project.elf:     file format elf32-avr

Sections:
Idx Name          Size      VMA       LMA       File off  Algn
  0 .text         00003b14  00000000  00000000  00000094  2**1
                  CONTENTS, ALLOC, LOAD, READONLY, CODE
  1 .data         0000020c  00800060  00003b14  00003ba8  2**0
                  CONTENTS, ALLOC, LOAD, DATA
  2 .bss          00000075  0080026c  0080026c  00003db4  2**0
                  ALLOC
  3 .stab         00009120  00000000  00000000  00003db4  2**2
                  CONTENTS, READONLY, DEBUGGING
  4 .stabstr      00004a43  00000000  00000000  0000ced4  2**0
                  CONTENTS, READONLY, DEBUGGING
  5 .debug_aranges 00000040  00000000  00000000  00011917  2**0
                  CONTENTS, READONLY, DEBUGGING
  6 .debug_pubnames 00000060  00000000  00000000  00011957  2**0
                  CONTENTS, READONLY, DEBUGGING
  7 .debug_info   00000946  00000000  00000000  000119b7  2**0
                  CONTENTS, READONLY, DEBUGGING
  8 .debug_abbrev 000002d9  00000000  00000000  000122fd  2**0
                  CONTENTS, READONLY, DEBUGGING
  9 .debug_line   0000032b  00000000  00000000  000125d6  2**0
                  CONTENTS, READONLY, DEBUGGING
 10 .debug_frame  00000040  00000000  00000000  00012904  2**2
                  CONTENTS, READONLY, DEBUGGING
 11 .debug_str    00000160  00000000  00000000  00012944  2**0
                  CONTENTS, READONLY, DEBUGGING
 12 .debug_loc    00000f6c  00000000  00000000  00012aa4  2**0
                  CONTENTS, READONLY, DEBUGGING
 13 .debug_ranges 00000018  00000000  00000000  00013a10  2**0
                  CONTENTS, READONLY, DEBUGGING

Disassembly of section .text:

00000000 <__vectors>:
       0:	0c 94 2a 01 	jmp	0x254	; 0x254 <__ctors_end>
       4:	0c 94 db 0d 	jmp	0x1bb6	; 0x1bb6 <__vector_1>
       8:	0c 94 47 01 	jmp	0x28e	; 0x28e <__bad_interrupt>
       c:	0c 94 47 01 	jmp	0x28e	; 0x28e <__bad_interrupt>
      10:	0c 94 e1 0b 	jmp	0x17c2	; 0x17c2 <__vector_4>
      14:	0c 94 1d 0c 	jmp	0x183a	; 0x183a <__vector_5>
      18:	0c 94 47 01 	jmp	0x28e	; 0x28e <__bad_interrupt>
      1c:	0c 94 47 01 	jmp	0x28e	; 0x28e <__bad_interrupt>
      20:	0c 94 47 01 	jmp	0x28e	; 0x28e <__bad_interrupt>
      24:	0c 94 8a 0a 	jmp	0x1514	; 0x1514 <__vector_9>
      28:	0c 94 47 01 	jmp	0x28e	; 0x28e <__bad_interrupt>
      2c:	0c 94 47 01 	jmp	0x28e	; 0x28e <__bad_interrupt>
      30:	0c 94 47 01 	jmp	0x28e	; 0x28e <__bad_interrupt>
      34:	0c 94 47 01 	jmp	0x28e	; 0x28e <__bad_interrupt>
      38:	0c 94 47 01 	jmp	0x28e	; 0x28e <__bad_interrupt>
      3c:	0c 94 47 01 	jmp	0x28e	; 0x28e <__bad_interrupt>
      40:	0c 94 47 01 	jmp	0x28e	; 0x28e <__bad_interrupt>
      44:	0c 94 47 01 	jmp	0x28e	; 0x28e <__bad_interrupt>
      48:	0c 94 47 01 	jmp	0x28e	; 0x28e <__bad_interrupt>
      4c:	0c 94 47 01 	jmp	0x28e	; 0x28e <__bad_interrupt>
      50:	0c 94 47 01 	jmp	0x28e	; 0x28e <__bad_interrupt>

00000054 <DDS_au8SineLUT>:
      54:	80 83 86 89 8c 8f 92 95 98 9b 9e a2 a5 a7 aa ad     ................
      64:	b0 b3 b6 b9 bc be c1 c4 c6 c9 cb ce d0 d3 d5 d7     ................
      74:	da dc de e0 e2 e4 e6 e8 ea eb ed ee f0 f1 f3 f4     ................
      84:	f5 f6 f8 f9 fa fa fb fc fd fd fe fe fe ff ff ff     ................
      94:	ff ff ff ff fe fe fe fd fd fc fb fa fa f9 f8 f6     ................
      a4:	f5 f4 f3 f1 f0 ee ed eb ea e8 e6 e4 e2 e0 de dc     ................
      b4:	da d7 d5 d3 d0 ce cb c9 c6 c4 c1 be bc b9 b6 b3     ................
      c4:	b0 ad aa a7 a5 a2 9e 9b 98 95 92 8f 8c 89 86 83     ................
      d4:	80 7c 79 76 73 70 6d 6a 67 64 61 5d 5a 58 55 52     .|yvspmjgda]ZXUR
      e4:	4f 4c 49 46 43 41 3e 3b 39 36 34 31 2f 2c 2a 28     OLIFCA>;9641/,*(
      f4:	25 23 21 1f 1d 1b 19 17 15 14 12 11 0f 0e 0c 0b     %#!.............
     104:	0a 09 07 06 05 05 04 03 02 02 01 01 01 00 00 00     ................
     114:	00 00 00 00 01 01 01 02 02 03 04 05 05 06 07 09     ................
     124:	0a 0b 0c 0e 0f 11 12 14 15 17 19 1b 1d 1f 21 23     ..............!#
     134:	25 28 2a 2c 2f 31 34 36 39 3b 3e 41 43 46 49 4c     %(*,/1469;>ACFIL
     144:	4f 52 55 58 5a 5d 61 64 67 6a 6d 70 73 76 79 7c     ORUXZ]adgjmpsvy|

00000154 <DDS_au8SaddleLUT>:
     154:	80 86 8c 92 97 9d a2 a7 ac b0 b4 b8 bb be c1 c4     ................
     164:	c6 c8 ca cc ce d0 d2 d4 d6 d8 db dd e0 e2 e5 e7     ................
     174:	ea ec ee f0 f2 f4 f6 f7 f9 fa fb fc fd fd fe fe     ................
     184:	ff ff ff fe fe fd fd fc fb fa f9 f7 f6 f4 f2 f0     ................
     194:	ee ec ea e7 e5 e2 e0 dd db d8 d6 d4 d2 d0 ce cc     ................
     1a4:	ca c8 c6 c4 c1 be bb b8 b4 b0 ac a7 a2 9d 97 92     ................
     1b4:	8c 86 80 79 73 6d 68 62 5d 58 53 4f 4b 47 44 41     ...ysmhb]XSOKGDA
     1c4:	3e 3b 39 37 35 33 31 2f 2d 2b 29 27 24 22 1f 1d     >;97531/-+)'$"..
     1d4:	1a 18 15 13 11 0f 0d 0b 09 08 06 05 04 03 02 02     ................
     1e4:	01 01 00 00 00 01 01 02 02 03 04 05 06 08 09 0b     ................
     1f4:	0d 0f 11 13 15 18 1a 1d 1f 22 24 27 29 2b 2d 2f     ........."$')+-/
     204:	31 33 35 37 39 3b 3e 41 44 47 4b 4f 53 58 5d 62     13579;>ADGKOSX]b
     214:	68 6d 73 79 80 86 8c 92 97 9d a2 a7 ac b0 b4 b8     hmsy............
     224:	bb be c1 c4 c6 c8 ca cc ce d0 d2 d4 d6 d8 db dd     ................
     234:	e0 e2 e5 e7 ea ec ee f0 f2 f4 f6 f7 f9 fa fb fc     ................
     244:	fd fd fe fe ff ff ff fe fe fd fd fc fb fa f9 f7     ................

00000254 <__ctors_end>:
     254:	11 24       	eor	r1, r1
     256:	1f be       	out	0x3f, r1	; 63
     258:	cf e5       	ldi	r28, 0x5F	; 95
     25a:	d8 e0       	ldi	r29, 0x08	; 8
     25c:	de bf       	out	0x3e, r29	; 62
     25e:	cd bf       	out	0x3d, r28	; 61

00000260 <__do_copy_data>:
     260:	12 e0       	ldi	r17, 0x02	; 2
     262:	a0 e6       	ldi	r26, 0x60	; 96
     264:	b0 e0       	ldi	r27, 0x00	; 0
     266:	e4 e1       	ldi	r30, 0x14	; 20
     268:	fb e3       	ldi	r31, 0x3B	; 59
     26a:	02 c0       	rjmp	.+4      	; 0x270 <.do_copy_data_start>

0000026c <.do_copy_data_loop>:
     26c:	05 90       	lpm	r0, Z+
     26e:	0d 92       	st	X+, r0

00000270 <.do_copy_data_start>:
     270:	ac 36       	cpi	r26, 0x6C	; 108
     272:	b1 07       	cpc	r27, r17
     274:	d9 f7       	brne	.-10     	; 0x26c <.do_copy_data_loop>

00000276 <__do_clear_bss>:
     276:	12 e0       	ldi	r17, 0x02	; 2
     278:	ac e6       	ldi	r26, 0x6C	; 108
     27a:	b2 e0       	ldi	r27, 0x02	; 2
     27c:	01 c0       	rjmp	.+2      	; 0x280 <.do_clear_bss_start>

0000027e <.do_clear_bss_loop>:
     27e:	1d 92       	st	X+, r1

00000280 <.do_clear_bss_start>:
     280:	a1 3e       	cpi	r26, 0xE1	; 225
     282:	b1 07       	cpc	r27, r17
     284:	e1 f7       	brne	.-8      	; 0x27e <.do_clear_bss_loop>
     286:	0e 94 19 1b 	call	0x3632	; 0x3632 <main>
     28a:	0c 94 88 1d 	jmp	0x3b10	; 0x3b10 <_exit>

0000028e <__bad_interrupt>:
     28e:	0c 94 00 00 	jmp	0	; 0x0 <__vectors>

00000292 <__ashldi3>:
     292:	ef 92       	push	r14
     294:	ff 92       	push	r15
     296:	0f 93       	push	r16
     298:	df 93       	push	r29
     29a:	cf 93       	push	r28
     29c:	cd b7       	in	r28, 0x3d	; 61
     29e:	de b7       	in	r29, 0x3e	; 62
     2a0:	60 97       	sbiw	r28, 0x10	; 16
     2a2:	0f b6       	in	r0, 0x3f	; 63
     2a4:	f8 94       	cli
     2a6:	de bf       	out	0x3e, r29	; 62
     2a8:	0f be       	out	0x3f, r0	; 63
     2aa:	cd bf       	out	0x3d, r28	; 61
     2ac:	a8 2f       	mov	r26, r24
     2ae:	00 23       	and	r16, r16
     2b0:	09 f4       	brne	.+2      	; 0x2b4 <__ashldi3+0x22>
     2b2:	61 c0       	rjmp	.+194    	; 0x376 <__ashldi3+0xe4>
     2b4:	7e 01       	movw	r14, r28
     2b6:	08 94       	sec
     2b8:	e1 1c       	adc	r14, r1
     2ba:	f1 1c       	adc	r15, r1
     2bc:	88 e0       	ldi	r24, 0x08	; 8
     2be:	f7 01       	movw	r30, r14
     2c0:	11 92       	st	Z+, r1
     2c2:	8a 95       	dec	r24
     2c4:	e9 f7       	brne	.-6      	; 0x2c0 <__ashldi3+0x2e>
     2c6:	29 83       	std	Y+1, r18	; 0x01
     2c8:	3a 83       	std	Y+2, r19	; 0x02
     2ca:	4b 83       	std	Y+3, r20	; 0x03
     2cc:	5c 83       	std	Y+4, r21	; 0x04
     2ce:	6d 83       	std	Y+5, r22	; 0x05
     2d0:	7e 83       	std	Y+6, r23	; 0x06
     2d2:	af 83       	std	Y+7, r26	; 0x07
     2d4:	98 87       	std	Y+8, r25	; 0x08
     2d6:	80 e2       	ldi	r24, 0x20	; 32
     2d8:	80 1b       	sub	r24, r16
     2da:	e8 2f       	mov	r30, r24
     2dc:	ff 27       	eor	r31, r31
     2de:	e7 fd       	sbrc	r30, 7
     2e0:	f0 95       	com	r31
     2e2:	49 81       	ldd	r20, Y+1	; 0x01
     2e4:	5a 81       	ldd	r21, Y+2	; 0x02
     2e6:	6b 81       	ldd	r22, Y+3	; 0x03
     2e8:	7c 81       	ldd	r23, Y+4	; 0x04
     2ea:	18 16       	cp	r1, r24
     2ec:	84 f0       	brlt	.+32     	; 0x30e <__ashldi3+0x7c>
     2ee:	19 86       	std	Y+9, r1	; 0x09
     2f0:	1a 86       	std	Y+10, r1	; 0x0a
     2f2:	1b 86       	std	Y+11, r1	; 0x0b
     2f4:	1c 86       	std	Y+12, r1	; 0x0c
     2f6:	88 27       	eor	r24, r24
     2f8:	99 27       	eor	r25, r25
     2fa:	8e 1b       	sub	r24, r30
     2fc:	9f 0b       	sbc	r25, r31
     2fe:	04 c0       	rjmp	.+8      	; 0x308 <__ashldi3+0x76>
     300:	44 0f       	add	r20, r20
     302:	55 1f       	adc	r21, r21
     304:	66 1f       	adc	r22, r22
     306:	77 1f       	adc	r23, r23
     308:	8a 95       	dec	r24
     30a:	d2 f7       	brpl	.-12     	; 0x300 <__ashldi3+0x6e>
     30c:	28 c0       	rjmp	.+80     	; 0x35e <__ashldi3+0xcc>
     30e:	20 2f       	mov	r18, r16
     310:	33 27       	eor	r19, r19
     312:	27 fd       	sbrc	r18, 7
     314:	30 95       	com	r19
     316:	db 01       	movw	r26, r22
     318:	ca 01       	movw	r24, r20
     31a:	02 2e       	mov	r0, r18
     31c:	04 c0       	rjmp	.+8      	; 0x326 <__ashldi3+0x94>
     31e:	88 0f       	add	r24, r24
     320:	99 1f       	adc	r25, r25
     322:	aa 1f       	adc	r26, r26
     324:	bb 1f       	adc	r27, r27
     326:	0a 94       	dec	r0
     328:	d2 f7       	brpl	.-12     	; 0x31e <__ashldi3+0x8c>
     32a:	89 87       	std	Y+9, r24	; 0x09
     32c:	9a 87       	std	Y+10, r25	; 0x0a
     32e:	ab 87       	std	Y+11, r26	; 0x0b
     330:	bc 87       	std	Y+12, r27	; 0x0c
     332:	04 c0       	rjmp	.+8      	; 0x33c <__ashldi3+0xaa>
     334:	76 95       	lsr	r23
     336:	67 95       	ror	r22
     338:	57 95       	ror	r21
     33a:	47 95       	ror	r20
     33c:	ea 95       	dec	r30
     33e:	d2 f7       	brpl	.-12     	; 0x334 <__ashldi3+0xa2>
     340:	8d 81       	ldd	r24, Y+5	; 0x05
     342:	9e 81       	ldd	r25, Y+6	; 0x06
     344:	af 81       	ldd	r26, Y+7	; 0x07
     346:	b8 85       	ldd	r27, Y+8	; 0x08
     348:	04 c0       	rjmp	.+8      	; 0x352 <__ashldi3+0xc0>
     34a:	88 0f       	add	r24, r24
     34c:	99 1f       	adc	r25, r25
     34e:	aa 1f       	adc	r26, r26
     350:	bb 1f       	adc	r27, r27
     352:	2a 95       	dec	r18
     354:	d2 f7       	brpl	.-12     	; 0x34a <__ashldi3+0xb8>
     356:	48 2b       	or	r20, r24
     358:	59 2b       	or	r21, r25
     35a:	6a 2b       	or	r22, r26
     35c:	7b 2b       	or	r23, r27
     35e:	4d 87       	std	Y+13, r20	; 0x0d
     360:	5e 87       	std	Y+14, r21	; 0x0e
     362:	6f 87       	std	Y+15, r22	; 0x0f
     364:	78 8b       	std	Y+16, r23	; 0x10
     366:	29 85       	ldd	r18, Y+9	; 0x09
     368:	3a 85       	ldd	r19, Y+10	; 0x0a
     36a:	4b 85       	ldd	r20, Y+11	; 0x0b
     36c:	5c 85       	ldd	r21, Y+12	; 0x0c
     36e:	6d 85       	ldd	r22, Y+13	; 0x0d
     370:	7e 85       	ldd	r23, Y+14	; 0x0e
     372:	af 85       	ldd	r26, Y+15	; 0x0f
     374:	98 89       	ldd	r25, Y+16	; 0x10
     376:	8a 2f       	mov	r24, r26
     378:	60 96       	adiw	r28, 0x10	; 16
     37a:	0f b6       	in	r0, 0x3f	; 63
     37c:	f8 94       	cli
     37e:	de bf       	out	0x3e, r29	; 62
     380:	0f be       	out	0x3f, r0	; 63
     382:	cd bf       	out	0x3d, r28	; 61
     384:	cf 91       	pop	r28
     386:	df 91       	pop	r29
     388:	0f 91       	pop	r16
     38a:	ff 90       	pop	r15
     38c:	ef 90       	pop	r14
     38e:	08 95       	ret

00000390 <__udivdi3>:
     390:	ae e5       	ldi	r26, 0x5E	; 94
     392:	b0 e0       	ldi	r27, 0x00	; 0
     394:	ee ec       	ldi	r30, 0xCE	; 206
     396:	f1 e0       	ldi	r31, 0x01	; 1
     398:	0c 94 51 1d 	jmp	0x3aa2	; 0x3aa2 <__prologue_saves__>
     39c:	a8 e0       	ldi	r26, 0x08	; 8
     39e:	4e 01       	movw	r8, r28
     3a0:	08 94       	sec
     3a2:	81 1c       	adc	r8, r1
     3a4:	91 1c       	adc	r9, r1
     3a6:	f4 01       	movw	r30, r8
     3a8:	6a 2e       	mov	r6, r26
     3aa:	11 92       	st	Z+, r1
     3ac:	6a 94       	dec	r6
     3ae:	e9 f7       	brne	.-6      	; 0x3aa <__udivdi3+0x1a>
     3b0:	29 83       	std	Y+1, r18	; 0x01
     3b2:	3a 83       	std	Y+2, r19	; 0x02
     3b4:	4b 83       	std	Y+3, r20	; 0x03
     3b6:	5c 83       	std	Y+4, r21	; 0x04
     3b8:	6d 83       	std	Y+5, r22	; 0x05
     3ba:	7e 83       	std	Y+6, r23	; 0x06
     3bc:	8f 83       	std	Y+7, r24	; 0x07
     3be:	98 87       	std	Y+8, r25	; 0x08
     3c0:	ce 01       	movw	r24, r28
     3c2:	09 96       	adiw	r24, 0x09	; 9
     3c4:	fc 01       	movw	r30, r24
     3c6:	11 92       	st	Z+, r1
     3c8:	aa 95       	dec	r26
     3ca:	e9 f7       	brne	.-6      	; 0x3c6 <__udivdi3+0x36>
     3cc:	a9 86       	std	Y+9, r10	; 0x09
     3ce:	ba 86       	std	Y+10, r11	; 0x0a
     3d0:	cb 86       	std	Y+11, r12	; 0x0b
     3d2:	dc 86       	std	Y+12, r13	; 0x0c
     3d4:	ed 86       	std	Y+13, r14	; 0x0d
     3d6:	fe 86       	std	Y+14, r15	; 0x0e
     3d8:	0f 87       	std	Y+15, r16	; 0x0f
     3da:	18 8b       	std	Y+16, r17	; 0x10
     3dc:	29 84       	ldd	r2, Y+9	; 0x09
     3de:	3a 84       	ldd	r3, Y+10	; 0x0a
     3e0:	4b 84       	ldd	r4, Y+11	; 0x0b
     3e2:	5c 84       	ldd	r5, Y+12	; 0x0c
     3e4:	ed 84       	ldd	r14, Y+13	; 0x0d
     3e6:	fe 84       	ldd	r15, Y+14	; 0x0e
     3e8:	0f 85       	ldd	r16, Y+15	; 0x0f
     3ea:	18 89       	ldd	r17, Y+16	; 0x10
     3ec:	69 80       	ldd	r6, Y+1	; 0x01
     3ee:	7a 80       	ldd	r7, Y+2	; 0x02
     3f0:	8b 80       	ldd	r8, Y+3	; 0x03
     3f2:	9c 80       	ldd	r9, Y+4	; 0x04
     3f4:	6d a6       	std	Y+45, r6	; 0x2d
     3f6:	7e a6       	std	Y+46, r7	; 0x2e
     3f8:	8f a6       	std	Y+47, r8	; 0x2f
     3fa:	98 aa       	std	Y+48, r9	; 0x30
     3fc:	6d 80       	ldd	r6, Y+5	; 0x05
     3fe:	7e 80       	ldd	r7, Y+6	; 0x06
     400:	8f 80       	ldd	r8, Y+7	; 0x07
     402:	98 84       	ldd	r9, Y+8	; 0x08
     404:	e1 14       	cp	r14, r1
     406:	f1 04       	cpc	r15, r1
     408:	01 05       	cpc	r16, r1
     40a:	11 05       	cpc	r17, r1
     40c:	09 f0       	breq	.+2      	; 0x410 <__udivdi3+0x80>
     40e:	b3 c3       	rjmp	.+1894   	; 0xb76 <__stack+0x317>
     410:	62 14       	cp	r6, r2
     412:	73 04       	cpc	r7, r3
     414:	84 04       	cpc	r8, r4
     416:	95 04       	cpc	r9, r5
     418:	08 f0       	brcs	.+2      	; 0x41c <__udivdi3+0x8c>
     41a:	3d c1       	rjmp	.+634    	; 0x696 <__udivdi3+0x306>
     41c:	00 e0       	ldi	r16, 0x00	; 0
     41e:	20 16       	cp	r2, r16
     420:	00 e0       	ldi	r16, 0x00	; 0
     422:	30 06       	cpc	r3, r16
     424:	01 e0       	ldi	r16, 0x01	; 1
     426:	40 06       	cpc	r4, r16
     428:	00 e0       	ldi	r16, 0x00	; 0
     42a:	50 06       	cpc	r5, r16
     42c:	88 f4       	brcc	.+34     	; 0x450 <__udivdi3+0xc0>
     42e:	1f ef       	ldi	r17, 0xFF	; 255
     430:	21 16       	cp	r2, r17
     432:	31 04       	cpc	r3, r1
     434:	41 04       	cpc	r4, r1
     436:	51 04       	cpc	r5, r1
     438:	39 f0       	breq	.+14     	; 0x448 <__udivdi3+0xb8>
     43a:	30 f0       	brcs	.+12     	; 0x448 <__udivdi3+0xb8>
     43c:	48 e0       	ldi	r20, 0x08	; 8
     43e:	e4 2e       	mov	r14, r20
     440:	f1 2c       	mov	r15, r1
     442:	01 2d       	mov	r16, r1
     444:	11 2d       	mov	r17, r1
     446:	18 c0       	rjmp	.+48     	; 0x478 <__udivdi3+0xe8>
     448:	ee 24       	eor	r14, r14
     44a:	ff 24       	eor	r15, r15
     44c:	87 01       	movw	r16, r14
     44e:	14 c0       	rjmp	.+40     	; 0x478 <__udivdi3+0xe8>
     450:	20 e0       	ldi	r18, 0x00	; 0
     452:	22 16       	cp	r2, r18
     454:	20 e0       	ldi	r18, 0x00	; 0
     456:	32 06       	cpc	r3, r18
     458:	20 e0       	ldi	r18, 0x00	; 0
     45a:	42 06       	cpc	r4, r18
     45c:	21 e0       	ldi	r18, 0x01	; 1
     45e:	52 06       	cpc	r5, r18
     460:	30 f0       	brcs	.+12     	; 0x46e <__udivdi3+0xde>
     462:	38 e1       	ldi	r19, 0x18	; 24
     464:	e3 2e       	mov	r14, r19
     466:	f1 2c       	mov	r15, r1
     468:	01 2d       	mov	r16, r1
     46a:	11 2d       	mov	r17, r1
     46c:	05 c0       	rjmp	.+10     	; 0x478 <__udivdi3+0xe8>
     46e:	20 e1       	ldi	r18, 0x10	; 16
     470:	e2 2e       	mov	r14, r18
     472:	f1 2c       	mov	r15, r1
     474:	01 2d       	mov	r16, r1
     476:	11 2d       	mov	r17, r1
     478:	d2 01       	movw	r26, r4
     47a:	c1 01       	movw	r24, r2
     47c:	0e 2c       	mov	r0, r14
     47e:	04 c0       	rjmp	.+8      	; 0x488 <__udivdi3+0xf8>
     480:	b6 95       	lsr	r27
     482:	a7 95       	ror	r26
     484:	97 95       	ror	r25
     486:	87 95       	ror	r24
     488:	0a 94       	dec	r0
     48a:	d2 f7       	brpl	.-12     	; 0x480 <__udivdi3+0xf0>
     48c:	82 53       	subi	r24, 0x32	; 50
     48e:	9f 4f       	sbci	r25, 0xFF	; 255
     490:	dc 01       	movw	r26, r24
     492:	2c 91       	ld	r18, X
     494:	80 e2       	ldi	r24, 0x20	; 32
     496:	90 e0       	ldi	r25, 0x00	; 0
     498:	a0 e0       	ldi	r26, 0x00	; 0
     49a:	b0 e0       	ldi	r27, 0x00	; 0
     49c:	8e 19       	sub	r24, r14
     49e:	9f 09       	sbc	r25, r15
     4a0:	a0 0b       	sbc	r26, r16
     4a2:	b1 0b       	sbc	r27, r17
     4a4:	7c 01       	movw	r14, r24
     4a6:	8d 01       	movw	r16, r26
     4a8:	e2 1a       	sub	r14, r18
     4aa:	f1 08       	sbc	r15, r1
     4ac:	01 09       	sbc	r16, r1
     4ae:	11 09       	sbc	r17, r1
     4b0:	e1 14       	cp	r14, r1
     4b2:	f1 04       	cpc	r15, r1
     4b4:	01 05       	cpc	r16, r1
     4b6:	11 05       	cpc	r17, r1
     4b8:	a1 f1       	breq	.+104    	; 0x522 <__udivdi3+0x192>
     4ba:	0e 2c       	mov	r0, r14
     4bc:	04 c0       	rjmp	.+8      	; 0x4c6 <__udivdi3+0x136>
     4be:	22 0c       	add	r2, r2
     4c0:	33 1c       	adc	r3, r3
     4c2:	44 1c       	adc	r4, r4
     4c4:	55 1c       	adc	r5, r5
     4c6:	0a 94       	dec	r0
     4c8:	d2 f7       	brpl	.-12     	; 0x4be <__udivdi3+0x12e>
     4ca:	a4 01       	movw	r20, r8
     4cc:	93 01       	movw	r18, r6
     4ce:	0e 2c       	mov	r0, r14
     4d0:	04 c0       	rjmp	.+8      	; 0x4da <__udivdi3+0x14a>
     4d2:	22 0f       	add	r18, r18
     4d4:	33 1f       	adc	r19, r19
     4d6:	44 1f       	adc	r20, r20
     4d8:	55 1f       	adc	r21, r21
     4da:	0a 94       	dec	r0
     4dc:	d2 f7       	brpl	.-12     	; 0x4d2 <__udivdi3+0x142>
     4de:	80 e2       	ldi	r24, 0x20	; 32
     4e0:	90 e0       	ldi	r25, 0x00	; 0
     4e2:	8e 19       	sub	r24, r14
     4e4:	9f 09       	sbc	r25, r15
     4e6:	6d a4       	ldd	r6, Y+45	; 0x2d
     4e8:	7e a4       	ldd	r7, Y+46	; 0x2e
     4ea:	8f a4       	ldd	r8, Y+47	; 0x2f
     4ec:	98 a8       	ldd	r9, Y+48	; 0x30
     4ee:	04 c0       	rjmp	.+8      	; 0x4f8 <__udivdi3+0x168>
     4f0:	96 94       	lsr	r9
     4f2:	87 94       	ror	r8
     4f4:	77 94       	ror	r7
     4f6:	67 94       	ror	r6
     4f8:	8a 95       	dec	r24
     4fa:	d2 f7       	brpl	.-12     	; 0x4f0 <__udivdi3+0x160>
     4fc:	62 2a       	or	r6, r18
     4fe:	73 2a       	or	r7, r19
     500:	84 2a       	or	r8, r20
     502:	95 2a       	or	r9, r21
     504:	ad a4       	ldd	r10, Y+45	; 0x2d
     506:	be a4       	ldd	r11, Y+46	; 0x2e
     508:	cf a4       	ldd	r12, Y+47	; 0x2f
     50a:	d8 a8       	ldd	r13, Y+48	; 0x30
     50c:	04 c0       	rjmp	.+8      	; 0x516 <__udivdi3+0x186>
     50e:	aa 0c       	add	r10, r10
     510:	bb 1c       	adc	r11, r11
     512:	cc 1c       	adc	r12, r12
     514:	dd 1c       	adc	r13, r13
     516:	ea 94       	dec	r14
     518:	d2 f7       	brpl	.-12     	; 0x50e <__udivdi3+0x17e>
     51a:	ad a6       	std	Y+45, r10	; 0x2d
     51c:	be a6       	std	Y+46, r11	; 0x2e
     51e:	cf a6       	std	Y+47, r12	; 0x2f
     520:	d8 aa       	std	Y+48, r13	; 0x30
     522:	62 01       	movw	r12, r4
     524:	ee 24       	eor	r14, r14
     526:	ff 24       	eor	r15, r15
     528:	cd aa       	std	Y+53, r12	; 0x35
     52a:	de aa       	std	Y+54, r13	; 0x36
     52c:	ef aa       	std	Y+55, r14	; 0x37
     52e:	f8 ae       	std	Y+56, r15	; 0x38
     530:	92 01       	movw	r18, r4
     532:	81 01       	movw	r16, r2
     534:	20 70       	andi	r18, 0x00	; 0
     536:	30 70       	andi	r19, 0x00	; 0
     538:	09 af       	std	Y+57, r16	; 0x39
     53a:	1a af       	std	Y+58, r17	; 0x3a
     53c:	2b af       	std	Y+59, r18	; 0x3b
     53e:	3c af       	std	Y+60, r19	; 0x3c
     540:	c4 01       	movw	r24, r8
     542:	b3 01       	movw	r22, r6
     544:	a7 01       	movw	r20, r14
     546:	96 01       	movw	r18, r12
     548:	0e 94 2f 1d 	call	0x3a5e	; 0x3a5e <__udivmodsi4>
     54c:	7b 01       	movw	r14, r22
     54e:	8c 01       	movw	r16, r24
     550:	c4 01       	movw	r24, r8
     552:	b3 01       	movw	r22, r6
     554:	2d a9       	ldd	r18, Y+53	; 0x35
     556:	3e a9       	ldd	r19, Y+54	; 0x36
     558:	4f a9       	ldd	r20, Y+55	; 0x37
     55a:	58 ad       	ldd	r21, Y+56	; 0x38
     55c:	0e 94 2f 1d 	call	0x3a5e	; 0x3a5e <__udivmodsi4>
     560:	c9 01       	movw	r24, r18
     562:	da 01       	movw	r26, r20
     564:	3c 01       	movw	r6, r24
     566:	4d 01       	movw	r8, r26
     568:	c4 01       	movw	r24, r8
     56a:	b3 01       	movw	r22, r6
     56c:	29 ad       	ldd	r18, Y+57	; 0x39
     56e:	3a ad       	ldd	r19, Y+58	; 0x3a
     570:	4b ad       	ldd	r20, Y+59	; 0x3b
     572:	5c ad       	ldd	r21, Y+60	; 0x3c
     574:	0e 94 10 1d 	call	0x3a20	; 0x3a20 <__mulsi3>
     578:	9b 01       	movw	r18, r22
     57a:	ac 01       	movw	r20, r24
     57c:	87 01       	movw	r16, r14
     57e:	ff 24       	eor	r15, r15
     580:	ee 24       	eor	r14, r14
     582:	ad a4       	ldd	r10, Y+45	; 0x2d
     584:	be a4       	ldd	r11, Y+46	; 0x2e
     586:	cf a4       	ldd	r12, Y+47	; 0x2f
     588:	d8 a8       	ldd	r13, Y+48	; 0x30
     58a:	c6 01       	movw	r24, r12
     58c:	aa 27       	eor	r26, r26
     58e:	bb 27       	eor	r27, r27
     590:	57 01       	movw	r10, r14
     592:	68 01       	movw	r12, r16
     594:	a8 2a       	or	r10, r24
     596:	b9 2a       	or	r11, r25
     598:	ca 2a       	or	r12, r26
     59a:	db 2a       	or	r13, r27
     59c:	a2 16       	cp	r10, r18
     59e:	b3 06       	cpc	r11, r19
     5a0:	c4 06       	cpc	r12, r20
     5a2:	d5 06       	cpc	r13, r21
     5a4:	e0 f4       	brcc	.+56     	; 0x5de <__udivdi3+0x24e>
     5a6:	08 94       	sec
     5a8:	61 08       	sbc	r6, r1
     5aa:	71 08       	sbc	r7, r1
     5ac:	81 08       	sbc	r8, r1
     5ae:	91 08       	sbc	r9, r1
     5b0:	a2 0c       	add	r10, r2
     5b2:	b3 1c       	adc	r11, r3
     5b4:	c4 1c       	adc	r12, r4
     5b6:	d5 1c       	adc	r13, r5
     5b8:	a2 14       	cp	r10, r2
     5ba:	b3 04       	cpc	r11, r3
     5bc:	c4 04       	cpc	r12, r4
     5be:	d5 04       	cpc	r13, r5
     5c0:	70 f0       	brcs	.+28     	; 0x5de <__udivdi3+0x24e>
     5c2:	a2 16       	cp	r10, r18
     5c4:	b3 06       	cpc	r11, r19
     5c6:	c4 06       	cpc	r12, r20
     5c8:	d5 06       	cpc	r13, r21
     5ca:	48 f4       	brcc	.+18     	; 0x5de <__udivdi3+0x24e>
     5cc:	08 94       	sec
     5ce:	61 08       	sbc	r6, r1
     5d0:	71 08       	sbc	r7, r1
     5d2:	81 08       	sbc	r8, r1
     5d4:	91 08       	sbc	r9, r1
     5d6:	a2 0c       	add	r10, r2
     5d8:	b3 1c       	adc	r11, r3
     5da:	c4 1c       	adc	r12, r4
     5dc:	d5 1c       	adc	r13, r5
     5de:	a2 1a       	sub	r10, r18
     5e0:	b3 0a       	sbc	r11, r19
     5e2:	c4 0a       	sbc	r12, r20
     5e4:	d5 0a       	sbc	r13, r21
     5e6:	c6 01       	movw	r24, r12
     5e8:	b5 01       	movw	r22, r10
     5ea:	2d a9       	ldd	r18, Y+53	; 0x35
     5ec:	3e a9       	ldd	r19, Y+54	; 0x36
     5ee:	4f a9       	ldd	r20, Y+55	; 0x37
     5f0:	58 ad       	ldd	r21, Y+56	; 0x38
     5f2:	0e 94 2f 1d 	call	0x3a5e	; 0x3a5e <__udivmodsi4>
     5f6:	7b 01       	movw	r14, r22
     5f8:	8c 01       	movw	r16, r24
     5fa:	c6 01       	movw	r24, r12
     5fc:	b5 01       	movw	r22, r10
     5fe:	2d a9       	ldd	r18, Y+53	; 0x35
     600:	3e a9       	ldd	r19, Y+54	; 0x36
     602:	4f a9       	ldd	r20, Y+55	; 0x37
     604:	58 ad       	ldd	r21, Y+56	; 0x38
     606:	0e 94 2f 1d 	call	0x3a5e	; 0x3a5e <__udivmodsi4>
     60a:	c9 01       	movw	r24, r18
     60c:	da 01       	movw	r26, r20
     60e:	5c 01       	movw	r10, r24
     610:	6d 01       	movw	r12, r26
     612:	c6 01       	movw	r24, r12
     614:	b5 01       	movw	r22, r10
     616:	29 ad       	ldd	r18, Y+57	; 0x39
     618:	3a ad       	ldd	r19, Y+58	; 0x3a
     61a:	4b ad       	ldd	r20, Y+59	; 0x3b
     61c:	5c ad       	ldd	r21, Y+60	; 0x3c
     61e:	0e 94 10 1d 	call	0x3a20	; 0x3a20 <__mulsi3>
     622:	9b 01       	movw	r18, r22
     624:	ac 01       	movw	r20, r24
     626:	87 01       	movw	r16, r14
     628:	ff 24       	eor	r15, r15
     62a:	ee 24       	eor	r14, r14
     62c:	8d a5       	ldd	r24, Y+45	; 0x2d
     62e:	9e a5       	ldd	r25, Y+46	; 0x2e
     630:	af a5       	ldd	r26, Y+47	; 0x2f
     632:	b8 a9       	ldd	r27, Y+48	; 0x30
     634:	a0 70       	andi	r26, 0x00	; 0
     636:	b0 70       	andi	r27, 0x00	; 0
     638:	e8 2a       	or	r14, r24
     63a:	f9 2a       	or	r15, r25
     63c:	0a 2b       	or	r16, r26
     63e:	1b 2b       	or	r17, r27
     640:	e2 16       	cp	r14, r18
     642:	f3 06       	cpc	r15, r19
     644:	04 07       	cpc	r16, r20
     646:	15 07       	cpc	r17, r21
     648:	c0 f4       	brcc	.+48     	; 0x67a <__udivdi3+0x2ea>
     64a:	08 94       	sec
     64c:	a1 08       	sbc	r10, r1
     64e:	b1 08       	sbc	r11, r1
     650:	c1 08       	sbc	r12, r1
     652:	d1 08       	sbc	r13, r1
     654:	e2 0c       	add	r14, r2
     656:	f3 1c       	adc	r15, r3
     658:	04 1d       	adc	r16, r4
     65a:	15 1d       	adc	r17, r5
     65c:	e2 14       	cp	r14, r2
     65e:	f3 04       	cpc	r15, r3
     660:	04 05       	cpc	r16, r4
     662:	15 05       	cpc	r17, r5
     664:	50 f0       	brcs	.+20     	; 0x67a <__udivdi3+0x2ea>
     666:	e2 16       	cp	r14, r18
     668:	f3 06       	cpc	r15, r19
     66a:	04 07       	cpc	r16, r20
     66c:	15 07       	cpc	r17, r21
     66e:	28 f4       	brcc	.+10     	; 0x67a <__udivdi3+0x2ea>
     670:	08 94       	sec
     672:	a1 08       	sbc	r10, r1
     674:	b1 08       	sbc	r11, r1
     676:	c1 08       	sbc	r12, r1
     678:	d1 08       	sbc	r13, r1
     67a:	d3 01       	movw	r26, r6
     67c:	99 27       	eor	r25, r25
     67e:	88 27       	eor	r24, r24
     680:	86 01       	movw	r16, r12
     682:	75 01       	movw	r14, r10
     684:	e8 2a       	or	r14, r24
     686:	f9 2a       	or	r15, r25
     688:	0a 2b       	or	r16, r26
     68a:	1b 2b       	or	r17, r27
     68c:	e9 aa       	std	Y+49, r14	; 0x31
     68e:	fa aa       	std	Y+50, r15	; 0x32
     690:	0b ab       	std	Y+51, r16	; 0x33
     692:	1c ab       	std	Y+52, r17	; 0x34
     694:	cf c4       	rjmp	.+2462   	; 0x1034 <__stack+0x7d5>
     696:	21 14       	cp	r2, r1
     698:	31 04       	cpc	r3, r1
     69a:	41 04       	cpc	r4, r1
     69c:	51 04       	cpc	r5, r1
     69e:	71 f4       	brne	.+28     	; 0x6bc <__udivdi3+0x32c>
     6a0:	61 e0       	ldi	r22, 0x01	; 1
     6a2:	70 e0       	ldi	r23, 0x00	; 0
     6a4:	80 e0       	ldi	r24, 0x00	; 0
     6a6:	90 e0       	ldi	r25, 0x00	; 0
     6a8:	20 e0       	ldi	r18, 0x00	; 0
     6aa:	30 e0       	ldi	r19, 0x00	; 0
     6ac:	40 e0       	ldi	r20, 0x00	; 0
     6ae:	50 e0       	ldi	r21, 0x00	; 0
     6b0:	0e 94 2f 1d 	call	0x3a5e	; 0x3a5e <__udivmodsi4>
     6b4:	c9 01       	movw	r24, r18
     6b6:	da 01       	movw	r26, r20
     6b8:	1c 01       	movw	r2, r24
     6ba:	2d 01       	movw	r4, r26
     6bc:	00 e0       	ldi	r16, 0x00	; 0
     6be:	20 16       	cp	r2, r16
     6c0:	00 e0       	ldi	r16, 0x00	; 0
     6c2:	30 06       	cpc	r3, r16
     6c4:	01 e0       	ldi	r16, 0x01	; 1
     6c6:	40 06       	cpc	r4, r16
     6c8:	00 e0       	ldi	r16, 0x00	; 0
     6ca:	50 06       	cpc	r5, r16
     6cc:	88 f4       	brcc	.+34     	; 0x6f0 <__udivdi3+0x360>
     6ce:	1f ef       	ldi	r17, 0xFF	; 255
     6d0:	21 16       	cp	r2, r17
     6d2:	31 04       	cpc	r3, r1
     6d4:	41 04       	cpc	r4, r1
     6d6:	51 04       	cpc	r5, r1
     6d8:	31 f0       	breq	.+12     	; 0x6e6 <__udivdi3+0x356>
     6da:	28 f0       	brcs	.+10     	; 0x6e6 <__udivdi3+0x356>
     6dc:	48 e0       	ldi	r20, 0x08	; 8
     6de:	50 e0       	ldi	r21, 0x00	; 0
     6e0:	60 e0       	ldi	r22, 0x00	; 0
     6e2:	70 e0       	ldi	r23, 0x00	; 0
     6e4:	17 c0       	rjmp	.+46     	; 0x714 <__udivdi3+0x384>
     6e6:	40 e0       	ldi	r20, 0x00	; 0
     6e8:	50 e0       	ldi	r21, 0x00	; 0
     6ea:	60 e0       	ldi	r22, 0x00	; 0
     6ec:	70 e0       	ldi	r23, 0x00	; 0
     6ee:	12 c0       	rjmp	.+36     	; 0x714 <__udivdi3+0x384>
     6f0:	20 e0       	ldi	r18, 0x00	; 0
     6f2:	22 16       	cp	r2, r18
     6f4:	20 e0       	ldi	r18, 0x00	; 0
     6f6:	32 06       	cpc	r3, r18
     6f8:	20 e0       	ldi	r18, 0x00	; 0
     6fa:	42 06       	cpc	r4, r18
     6fc:	21 e0       	ldi	r18, 0x01	; 1
     6fe:	52 06       	cpc	r5, r18
     700:	28 f0       	brcs	.+10     	; 0x70c <__udivdi3+0x37c>
     702:	48 e1       	ldi	r20, 0x18	; 24
     704:	50 e0       	ldi	r21, 0x00	; 0
     706:	60 e0       	ldi	r22, 0x00	; 0
     708:	70 e0       	ldi	r23, 0x00	; 0
     70a:	04 c0       	rjmp	.+8      	; 0x714 <__udivdi3+0x384>
     70c:	40 e1       	ldi	r20, 0x10	; 16
     70e:	50 e0       	ldi	r21, 0x00	; 0
     710:	60 e0       	ldi	r22, 0x00	; 0
     712:	70 e0       	ldi	r23, 0x00	; 0
     714:	d2 01       	movw	r26, r4
     716:	c1 01       	movw	r24, r2
     718:	04 2e       	mov	r0, r20
     71a:	04 c0       	rjmp	.+8      	; 0x724 <__udivdi3+0x394>
     71c:	b6 95       	lsr	r27
     71e:	a7 95       	ror	r26
     720:	97 95       	ror	r25
     722:	87 95       	ror	r24
     724:	0a 94       	dec	r0
     726:	d2 f7       	brpl	.-12     	; 0x71c <__udivdi3+0x38c>
     728:	82 53       	subi	r24, 0x32	; 50
     72a:	9f 4f       	sbci	r25, 0xFF	; 255
     72c:	dc 01       	movw	r26, r24
     72e:	2c 91       	ld	r18, X
     730:	e0 e2       	ldi	r30, 0x20	; 32
     732:	ee 2e       	mov	r14, r30
     734:	f1 2c       	mov	r15, r1
     736:	01 2d       	mov	r16, r1
     738:	11 2d       	mov	r17, r1
     73a:	d8 01       	movw	r26, r16
     73c:	c7 01       	movw	r24, r14
     73e:	84 1b       	sub	r24, r20
     740:	95 0b       	sbc	r25, r21
     742:	a6 0b       	sbc	r26, r22
     744:	b7 0b       	sbc	r27, r23
     746:	82 1b       	sub	r24, r18
     748:	91 09       	sbc	r25, r1
     74a:	a1 09       	sbc	r26, r1
     74c:	b1 09       	sbc	r27, r1
     74e:	00 97       	sbiw	r24, 0x00	; 0
     750:	a1 05       	cpc	r26, r1
     752:	b1 05       	cpc	r27, r1
     754:	61 f4       	brne	.+24     	; 0x76e <__udivdi3+0x3de>
     756:	64 01       	movw	r12, r8
     758:	53 01       	movw	r10, r6
     75a:	a2 18       	sub	r10, r2
     75c:	b3 08       	sbc	r11, r3
     75e:	c4 08       	sbc	r12, r4
     760:	d5 08       	sbc	r13, r5
     762:	31 e0       	ldi	r19, 0x01	; 1
     764:	63 2e       	mov	r6, r19
     766:	71 2c       	mov	r7, r1
     768:	81 2c       	mov	r8, r1
     76a:	91 2c       	mov	r9, r1
     76c:	1e c1       	rjmp	.+572    	; 0x9aa <__stack+0x14b>
     76e:	6f 96       	adiw	r28, 0x1f	; 31
     770:	8f af       	std	Y+63, r24	; 0x3f
     772:	6f 97       	sbiw	r28, 0x1f	; 31
     774:	08 2e       	mov	r0, r24
     776:	04 c0       	rjmp	.+8      	; 0x780 <__udivdi3+0x3f0>
     778:	22 0c       	add	r2, r2
     77a:	33 1c       	adc	r3, r3
     77c:	44 1c       	adc	r4, r4
     77e:	55 1c       	adc	r5, r5
     780:	0a 94       	dec	r0
     782:	d2 f7       	brpl	.-12     	; 0x778 <__udivdi3+0x3e8>
     784:	ee 2d       	mov	r30, r14
     786:	e8 1b       	sub	r30, r24
     788:	64 01       	movw	r12, r8
     78a:	53 01       	movw	r10, r6
     78c:	0e 2e       	mov	r0, r30
     78e:	04 c0       	rjmp	.+8      	; 0x798 <__udivdi3+0x408>
     790:	d6 94       	lsr	r13
     792:	c7 94       	ror	r12
     794:	b7 94       	ror	r11
     796:	a7 94       	ror	r10
     798:	0a 94       	dec	r0
     79a:	d2 f7       	brpl	.-12     	; 0x790 <__udivdi3+0x400>
     79c:	a4 01       	movw	r20, r8
     79e:	93 01       	movw	r18, r6
     7a0:	6f 96       	adiw	r28, 0x1f	; 31
     7a2:	0f ac       	ldd	r0, Y+63	; 0x3f
     7a4:	6f 97       	sbiw	r28, 0x1f	; 31
     7a6:	04 c0       	rjmp	.+8      	; 0x7b0 <__udivdi3+0x420>
     7a8:	22 0f       	add	r18, r18
     7aa:	33 1f       	adc	r19, r19
     7ac:	44 1f       	adc	r20, r20
     7ae:	55 1f       	adc	r21, r21
     7b0:	0a 94       	dec	r0
     7b2:	d2 f7       	brpl	.-12     	; 0x7a8 <__udivdi3+0x418>
     7b4:	6d a4       	ldd	r6, Y+45	; 0x2d
     7b6:	7e a4       	ldd	r7, Y+46	; 0x2e
     7b8:	8f a4       	ldd	r8, Y+47	; 0x2f
     7ba:	98 a8       	ldd	r9, Y+48	; 0x30
     7bc:	0e 2e       	mov	r0, r30
     7be:	04 c0       	rjmp	.+8      	; 0x7c8 <__udivdi3+0x438>
     7c0:	96 94       	lsr	r9
     7c2:	87 94       	ror	r8
     7c4:	77 94       	ror	r7
     7c6:	67 94       	ror	r6
     7c8:	0a 94       	dec	r0
     7ca:	d2 f7       	brpl	.-12     	; 0x7c0 <__udivdi3+0x430>
     7cc:	84 01       	movw	r16, r8
     7ce:	73 01       	movw	r14, r6
     7d0:	e2 2a       	or	r14, r18
     7d2:	f3 2a       	or	r15, r19
     7d4:	04 2b       	or	r16, r20
     7d6:	15 2b       	or	r17, r21
     7d8:	e9 a6       	std	Y+41, r14	; 0x29
     7da:	fa a6       	std	Y+42, r15	; 0x2a
     7dc:	0b a7       	std	Y+43, r16	; 0x2b
     7de:	1c a7       	std	Y+44, r17	; 0x2c
     7e0:	32 01       	movw	r6, r4
     7e2:	88 24       	eor	r8, r8
     7e4:	99 24       	eor	r9, r9
     7e6:	92 01       	movw	r18, r4
     7e8:	81 01       	movw	r16, r2
     7ea:	20 70       	andi	r18, 0x00	; 0
     7ec:	30 70       	andi	r19, 0x00	; 0
     7ee:	21 96       	adiw	r28, 0x01	; 1
     7f0:	0c af       	std	Y+60, r16	; 0x3c
     7f2:	1d af       	std	Y+61, r17	; 0x3d
     7f4:	2e af       	std	Y+62, r18	; 0x3e
     7f6:	3f af       	std	Y+63, r19	; 0x3f
     7f8:	21 97       	sbiw	r28, 0x01	; 1
     7fa:	c6 01       	movw	r24, r12
     7fc:	b5 01       	movw	r22, r10
     7fe:	a4 01       	movw	r20, r8
     800:	93 01       	movw	r18, r6
     802:	0e 94 2f 1d 	call	0x3a5e	; 0x3a5e <__udivmodsi4>
     806:	7b 01       	movw	r14, r22
     808:	8c 01       	movw	r16, r24
     80a:	c6 01       	movw	r24, r12
     80c:	b5 01       	movw	r22, r10
     80e:	a4 01       	movw	r20, r8
     810:	93 01       	movw	r18, r6
     812:	0e 94 2f 1d 	call	0x3a5e	; 0x3a5e <__udivmodsi4>
     816:	c9 01       	movw	r24, r18
     818:	da 01       	movw	r26, r20
     81a:	25 96       	adiw	r28, 0x05	; 5
     81c:	8c af       	std	Y+60, r24	; 0x3c
     81e:	9d af       	std	Y+61, r25	; 0x3d
     820:	ae af       	std	Y+62, r26	; 0x3e
     822:	bf af       	std	Y+63, r27	; 0x3f
     824:	25 97       	sbiw	r28, 0x05	; 5
     826:	bc 01       	movw	r22, r24
     828:	cd 01       	movw	r24, r26
     82a:	21 96       	adiw	r28, 0x01	; 1
     82c:	2c ad       	ldd	r18, Y+60	; 0x3c
     82e:	3d ad       	ldd	r19, Y+61	; 0x3d
     830:	4e ad       	ldd	r20, Y+62	; 0x3e
     832:	5f ad       	ldd	r21, Y+63	; 0x3f
     834:	21 97       	sbiw	r28, 0x01	; 1
     836:	0e 94 10 1d 	call	0x3a20	; 0x3a20 <__mulsi3>
     83a:	9b 01       	movw	r18, r22
     83c:	ac 01       	movw	r20, r24
     83e:	87 01       	movw	r16, r14
     840:	ff 24       	eor	r15, r15
     842:	ee 24       	eor	r14, r14
     844:	a9 a4       	ldd	r10, Y+41	; 0x29
     846:	ba a4       	ldd	r11, Y+42	; 0x2a
     848:	cb a4       	ldd	r12, Y+43	; 0x2b
     84a:	dc a4       	ldd	r13, Y+44	; 0x2c
     84c:	c6 01       	movw	r24, r12
     84e:	aa 27       	eor	r26, r26
     850:	bb 27       	eor	r27, r27
     852:	5c 01       	movw	r10, r24
     854:	6d 01       	movw	r12, r26
     856:	ae 28       	or	r10, r14
     858:	bf 28       	or	r11, r15
     85a:	c0 2a       	or	r12, r16
     85c:	d1 2a       	or	r13, r17
     85e:	a2 16       	cp	r10, r18
     860:	b3 06       	cpc	r11, r19
     862:	c4 06       	cpc	r12, r20
     864:	d5 06       	cpc	r13, r21
     866:	60 f5       	brcc	.+88     	; 0x8c0 <__stack+0x61>
     868:	25 96       	adiw	r28, 0x05	; 5
     86a:	6c ad       	ldd	r22, Y+60	; 0x3c
     86c:	7d ad       	ldd	r23, Y+61	; 0x3d
     86e:	8e ad       	ldd	r24, Y+62	; 0x3e
     870:	9f ad       	ldd	r25, Y+63	; 0x3f
     872:	25 97       	sbiw	r28, 0x05	; 5
     874:	61 50       	subi	r22, 0x01	; 1
     876:	70 40       	sbci	r23, 0x00	; 0
     878:	80 40       	sbci	r24, 0x00	; 0
     87a:	90 40       	sbci	r25, 0x00	; 0
     87c:	25 96       	adiw	r28, 0x05	; 5
     87e:	6c af       	std	Y+60, r22	; 0x3c
     880:	7d af       	std	Y+61, r23	; 0x3d
     882:	8e af       	std	Y+62, r24	; 0x3e
     884:	9f af       	std	Y+63, r25	; 0x3f
     886:	25 97       	sbiw	r28, 0x05	; 5
     888:	a2 0c       	add	r10, r2
     88a:	b3 1c       	adc	r11, r3
     88c:	c4 1c       	adc	r12, r4
     88e:	d5 1c       	adc	r13, r5
     890:	a2 14       	cp	r10, r2
     892:	b3 04       	cpc	r11, r3
     894:	c4 04       	cpc	r12, r4
     896:	d5 04       	cpc	r13, r5
     898:	98 f0       	brcs	.+38     	; 0x8c0 <__stack+0x61>
     89a:	a2 16       	cp	r10, r18
     89c:	b3 06       	cpc	r11, r19
     89e:	c4 06       	cpc	r12, r20
     8a0:	d5 06       	cpc	r13, r21
     8a2:	70 f4       	brcc	.+28     	; 0x8c0 <__stack+0x61>
     8a4:	61 50       	subi	r22, 0x01	; 1
     8a6:	70 40       	sbci	r23, 0x00	; 0
     8a8:	80 40       	sbci	r24, 0x00	; 0
     8aa:	90 40       	sbci	r25, 0x00	; 0
     8ac:	25 96       	adiw	r28, 0x05	; 5
     8ae:	6c af       	std	Y+60, r22	; 0x3c
     8b0:	7d af       	std	Y+61, r23	; 0x3d
     8b2:	8e af       	std	Y+62, r24	; 0x3e
     8b4:	9f af       	std	Y+63, r25	; 0x3f
     8b6:	25 97       	sbiw	r28, 0x05	; 5
     8b8:	a2 0c       	add	r10, r2
     8ba:	b3 1c       	adc	r11, r3
     8bc:	c4 1c       	adc	r12, r4
     8be:	d5 1c       	adc	r13, r5
     8c0:	a2 1a       	sub	r10, r18
     8c2:	b3 0a       	sbc	r11, r19
     8c4:	c4 0a       	sbc	r12, r20
     8c6:	d5 0a       	sbc	r13, r21
     8c8:	c6 01       	movw	r24, r12
     8ca:	b5 01       	movw	r22, r10
     8cc:	a4 01       	movw	r20, r8
     8ce:	93 01       	movw	r18, r6
     8d0:	0e 94 2f 1d 	call	0x3a5e	; 0x3a5e <__udivmodsi4>
     8d4:	7b 01       	movw	r14, r22
     8d6:	8c 01       	movw	r16, r24
     8d8:	c6 01       	movw	r24, r12
     8da:	b5 01       	movw	r22, r10
     8dc:	a4 01       	movw	r20, r8
     8de:	93 01       	movw	r18, r6
     8e0:	0e 94 2f 1d 	call	0x3a5e	; 0x3a5e <__udivmodsi4>
     8e4:	c9 01       	movw	r24, r18
     8e6:	da 01       	movw	r26, r20
     8e8:	3c 01       	movw	r6, r24
     8ea:	4d 01       	movw	r8, r26
     8ec:	c4 01       	movw	r24, r8
     8ee:	b3 01       	movw	r22, r6
     8f0:	21 96       	adiw	r28, 0x01	; 1
     8f2:	2c ad       	ldd	r18, Y+60	; 0x3c
     8f4:	3d ad       	ldd	r19, Y+61	; 0x3d
     8f6:	4e ad       	ldd	r20, Y+62	; 0x3e
     8f8:	5f ad       	ldd	r21, Y+63	; 0x3f
     8fa:	21 97       	sbiw	r28, 0x01	; 1
     8fc:	0e 94 10 1d 	call	0x3a20	; 0x3a20 <__mulsi3>
     900:	9b 01       	movw	r18, r22
     902:	ac 01       	movw	r20, r24
     904:	87 01       	movw	r16, r14
     906:	ff 24       	eor	r15, r15
     908:	ee 24       	eor	r14, r14
     90a:	89 a5       	ldd	r24, Y+41	; 0x29
     90c:	9a a5       	ldd	r25, Y+42	; 0x2a
     90e:	ab a5       	ldd	r26, Y+43	; 0x2b
     910:	bc a5       	ldd	r27, Y+44	; 0x2c
     912:	a0 70       	andi	r26, 0x00	; 0
     914:	b0 70       	andi	r27, 0x00	; 0
     916:	57 01       	movw	r10, r14
     918:	68 01       	movw	r12, r16
     91a:	a8 2a       	or	r10, r24
     91c:	b9 2a       	or	r11, r25
     91e:	ca 2a       	or	r12, r26
     920:	db 2a       	or	r13, r27
     922:	a2 16       	cp	r10, r18
     924:	b3 06       	cpc	r11, r19
     926:	c4 06       	cpc	r12, r20
     928:	d5 06       	cpc	r13, r21
     92a:	e0 f4       	brcc	.+56     	; 0x964 <__stack+0x105>
     92c:	08 94       	sec
     92e:	61 08       	sbc	r6, r1
     930:	71 08       	sbc	r7, r1
     932:	81 08       	sbc	r8, r1
     934:	91 08       	sbc	r9, r1
     936:	a2 0c       	add	r10, r2
     938:	b3 1c       	adc	r11, r3
     93a:	c4 1c       	adc	r12, r4
     93c:	d5 1c       	adc	r13, r5
     93e:	a2 14       	cp	r10, r2
     940:	b3 04       	cpc	r11, r3
     942:	c4 04       	cpc	r12, r4
     944:	d5 04       	cpc	r13, r5
     946:	70 f0       	brcs	.+28     	; 0x964 <__stack+0x105>
     948:	a2 16       	cp	r10, r18
     94a:	b3 06       	cpc	r11, r19
     94c:	c4 06       	cpc	r12, r20
     94e:	d5 06       	cpc	r13, r21
     950:	48 f4       	brcc	.+18     	; 0x964 <__stack+0x105>
     952:	08 94       	sec
     954:	61 08       	sbc	r6, r1
     956:	71 08       	sbc	r7, r1
     958:	81 08       	sbc	r8, r1
     95a:	91 08       	sbc	r9, r1
     95c:	a2 0c       	add	r10, r2
     95e:	b3 1c       	adc	r11, r3
     960:	c4 1c       	adc	r12, r4
     962:	d5 1c       	adc	r13, r5
     964:	8d a5       	ldd	r24, Y+45	; 0x2d
     966:	9e a5       	ldd	r25, Y+46	; 0x2e
     968:	af a5       	ldd	r26, Y+47	; 0x2f
     96a:	b8 a9       	ldd	r27, Y+48	; 0x30
     96c:	6f 96       	adiw	r28, 0x1f	; 31
     96e:	0f ac       	ldd	r0, Y+63	; 0x3f
     970:	6f 97       	sbiw	r28, 0x1f	; 31
     972:	04 c0       	rjmp	.+8      	; 0x97c <__stack+0x11d>
     974:	88 0f       	add	r24, r24
     976:	99 1f       	adc	r25, r25
     978:	aa 1f       	adc	r26, r26
     97a:	bb 1f       	adc	r27, r27
     97c:	0a 94       	dec	r0
     97e:	d2 f7       	brpl	.-12     	; 0x974 <__stack+0x115>
     980:	8d a7       	std	Y+45, r24	; 0x2d
     982:	9e a7       	std	Y+46, r25	; 0x2e
     984:	af a7       	std	Y+47, r26	; 0x2f
     986:	b8 ab       	std	Y+48, r27	; 0x30
     988:	a2 1a       	sub	r10, r18
     98a:	b3 0a       	sbc	r11, r19
     98c:	c4 0a       	sbc	r12, r20
     98e:	d5 0a       	sbc	r13, r21
     990:	25 96       	adiw	r28, 0x05	; 5
     992:	ec ac       	ldd	r14, Y+60	; 0x3c
     994:	fd ac       	ldd	r15, Y+61	; 0x3d
     996:	0e ad       	ldd	r16, Y+62	; 0x3e
     998:	1f ad       	ldd	r17, Y+63	; 0x3f
     99a:	25 97       	sbiw	r28, 0x05	; 5
     99c:	d7 01       	movw	r26, r14
     99e:	99 27       	eor	r25, r25
     9a0:	88 27       	eor	r24, r24
     9a2:	68 2a       	or	r6, r24
     9a4:	79 2a       	or	r7, r25
     9a6:	8a 2a       	or	r8, r26
     9a8:	9b 2a       	or	r9, r27
     9aa:	82 01       	movw	r16, r4
     9ac:	22 27       	eor	r18, r18
     9ae:	33 27       	eor	r19, r19
     9b0:	29 96       	adiw	r28, 0x09	; 9
     9b2:	0c af       	std	Y+60, r16	; 0x3c
     9b4:	1d af       	std	Y+61, r17	; 0x3d
     9b6:	2e af       	std	Y+62, r18	; 0x3e
     9b8:	3f af       	std	Y+63, r19	; 0x3f
     9ba:	29 97       	sbiw	r28, 0x09	; 9
     9bc:	a2 01       	movw	r20, r4
     9be:	91 01       	movw	r18, r2
     9c0:	40 70       	andi	r20, 0x00	; 0
     9c2:	50 70       	andi	r21, 0x00	; 0
     9c4:	2d 96       	adiw	r28, 0x0d	; 13
     9c6:	2c af       	std	Y+60, r18	; 0x3c
     9c8:	3d af       	std	Y+61, r19	; 0x3d
     9ca:	4e af       	std	Y+62, r20	; 0x3e
     9cc:	5f af       	std	Y+63, r21	; 0x3f
     9ce:	2d 97       	sbiw	r28, 0x0d	; 13
     9d0:	c6 01       	movw	r24, r12
     9d2:	b5 01       	movw	r22, r10
     9d4:	29 96       	adiw	r28, 0x09	; 9
     9d6:	2c ad       	ldd	r18, Y+60	; 0x3c
     9d8:	3d ad       	ldd	r19, Y+61	; 0x3d
     9da:	4e ad       	ldd	r20, Y+62	; 0x3e
     9dc:	5f ad       	ldd	r21, Y+63	; 0x3f
     9de:	29 97       	sbiw	r28, 0x09	; 9
     9e0:	0e 94 2f 1d 	call	0x3a5e	; 0x3a5e <__udivmodsi4>
     9e4:	7b 01       	movw	r14, r22
     9e6:	8c 01       	movw	r16, r24
     9e8:	c6 01       	movw	r24, r12
     9ea:	b5 01       	movw	r22, r10
     9ec:	29 96       	adiw	r28, 0x09	; 9
     9ee:	2c ad       	ldd	r18, Y+60	; 0x3c
     9f0:	3d ad       	ldd	r19, Y+61	; 0x3d
     9f2:	4e ad       	ldd	r20, Y+62	; 0x3e
     9f4:	5f ad       	ldd	r21, Y+63	; 0x3f
     9f6:	29 97       	sbiw	r28, 0x09	; 9
     9f8:	0e 94 2f 1d 	call	0x3a5e	; 0x3a5e <__udivmodsi4>
     9fc:	c9 01       	movw	r24, r18
     9fe:	da 01       	movw	r26, r20
     a00:	61 96       	adiw	r28, 0x11	; 17
     a02:	8c af       	std	Y+60, r24	; 0x3c
     a04:	9d af       	std	Y+61, r25	; 0x3d
     a06:	ae af       	std	Y+62, r26	; 0x3e
     a08:	bf af       	std	Y+63, r27	; 0x3f
     a0a:	61 97       	sbiw	r28, 0x11	; 17
     a0c:	bc 01       	movw	r22, r24
     a0e:	cd 01       	movw	r24, r26
     a10:	2d 96       	adiw	r28, 0x0d	; 13
     a12:	2c ad       	ldd	r18, Y+60	; 0x3c
     a14:	3d ad       	ldd	r19, Y+61	; 0x3d
     a16:	4e ad       	ldd	r20, Y+62	; 0x3e
     a18:	5f ad       	ldd	r21, Y+63	; 0x3f
     a1a:	2d 97       	sbiw	r28, 0x0d	; 13
     a1c:	0e 94 10 1d 	call	0x3a20	; 0x3a20 <__mulsi3>
     a20:	9b 01       	movw	r18, r22
     a22:	ac 01       	movw	r20, r24
     a24:	87 01       	movw	r16, r14
     a26:	ff 24       	eor	r15, r15
     a28:	ee 24       	eor	r14, r14
     a2a:	ad a4       	ldd	r10, Y+45	; 0x2d
     a2c:	be a4       	ldd	r11, Y+46	; 0x2e
     a2e:	cf a4       	ldd	r12, Y+47	; 0x2f
     a30:	d8 a8       	ldd	r13, Y+48	; 0x30
     a32:	c6 01       	movw	r24, r12
     a34:	aa 27       	eor	r26, r26
     a36:	bb 27       	eor	r27, r27
     a38:	57 01       	movw	r10, r14
     a3a:	68 01       	movw	r12, r16
     a3c:	a8 2a       	or	r10, r24
     a3e:	b9 2a       	or	r11, r25
     a40:	ca 2a       	or	r12, r26
     a42:	db 2a       	or	r13, r27
     a44:	a2 16       	cp	r10, r18
     a46:	b3 06       	cpc	r11, r19
     a48:	c4 06       	cpc	r12, r20
     a4a:	d5 06       	cpc	r13, r21
     a4c:	60 f5       	brcc	.+88     	; 0xaa6 <__stack+0x247>
     a4e:	61 96       	adiw	r28, 0x11	; 17
     a50:	6c ad       	ldd	r22, Y+60	; 0x3c
     a52:	7d ad       	ldd	r23, Y+61	; 0x3d
     a54:	8e ad       	ldd	r24, Y+62	; 0x3e
     a56:	9f ad       	ldd	r25, Y+63	; 0x3f
     a58:	61 97       	sbiw	r28, 0x11	; 17
     a5a:	61 50       	subi	r22, 0x01	; 1
     a5c:	70 40       	sbci	r23, 0x00	; 0
     a5e:	80 40       	sbci	r24, 0x00	; 0
     a60:	90 40       	sbci	r25, 0x00	; 0
     a62:	61 96       	adiw	r28, 0x11	; 17
     a64:	6c af       	std	Y+60, r22	; 0x3c
     a66:	7d af       	std	Y+61, r23	; 0x3d
     a68:	8e af       	std	Y+62, r24	; 0x3e
     a6a:	9f af       	std	Y+63, r25	; 0x3f
     a6c:	61 97       	sbiw	r28, 0x11	; 17
     a6e:	a2 0c       	add	r10, r2
     a70:	b3 1c       	adc	r11, r3
     a72:	c4 1c       	adc	r12, r4
     a74:	d5 1c       	adc	r13, r5
     a76:	a2 14       	cp	r10, r2
     a78:	b3 04       	cpc	r11, r3
     a7a:	c4 04       	cpc	r12, r4
     a7c:	d5 04       	cpc	r13, r5
     a7e:	98 f0       	brcs	.+38     	; 0xaa6 <__stack+0x247>
     a80:	a2 16       	cp	r10, r18
     a82:	b3 06       	cpc	r11, r19
     a84:	c4 06       	cpc	r12, r20
     a86:	d5 06       	cpc	r13, r21
     a88:	70 f4       	brcc	.+28     	; 0xaa6 <__stack+0x247>
     a8a:	61 50       	subi	r22, 0x01	; 1
     a8c:	70 40       	sbci	r23, 0x00	; 0
     a8e:	80 40       	sbci	r24, 0x00	; 0
     a90:	90 40       	sbci	r25, 0x00	; 0
     a92:	61 96       	adiw	r28, 0x11	; 17
     a94:	6c af       	std	Y+60, r22	; 0x3c
     a96:	7d af       	std	Y+61, r23	; 0x3d
     a98:	8e af       	std	Y+62, r24	; 0x3e
     a9a:	9f af       	std	Y+63, r25	; 0x3f
     a9c:	61 97       	sbiw	r28, 0x11	; 17
     a9e:	a2 0c       	add	r10, r2
     aa0:	b3 1c       	adc	r11, r3
     aa2:	c4 1c       	adc	r12, r4
     aa4:	d5 1c       	adc	r13, r5
     aa6:	a2 1a       	sub	r10, r18
     aa8:	b3 0a       	sbc	r11, r19
     aaa:	c4 0a       	sbc	r12, r20
     aac:	d5 0a       	sbc	r13, r21
     aae:	c6 01       	movw	r24, r12
     ab0:	b5 01       	movw	r22, r10
     ab2:	29 96       	adiw	r28, 0x09	; 9
     ab4:	2c ad       	ldd	r18, Y+60	; 0x3c
     ab6:	3d ad       	ldd	r19, Y+61	; 0x3d
     ab8:	4e ad       	ldd	r20, Y+62	; 0x3e
     aba:	5f ad       	ldd	r21, Y+63	; 0x3f
     abc:	29 97       	sbiw	r28, 0x09	; 9
     abe:	0e 94 2f 1d 	call	0x3a5e	; 0x3a5e <__udivmodsi4>
     ac2:	7b 01       	movw	r14, r22
     ac4:	8c 01       	movw	r16, r24
     ac6:	c6 01       	movw	r24, r12
     ac8:	b5 01       	movw	r22, r10
     aca:	29 96       	adiw	r28, 0x09	; 9
     acc:	2c ad       	ldd	r18, Y+60	; 0x3c
     ace:	3d ad       	ldd	r19, Y+61	; 0x3d
     ad0:	4e ad       	ldd	r20, Y+62	; 0x3e
     ad2:	5f ad       	ldd	r21, Y+63	; 0x3f
     ad4:	29 97       	sbiw	r28, 0x09	; 9
     ad6:	0e 94 2f 1d 	call	0x3a5e	; 0x3a5e <__udivmodsi4>
     ada:	c9 01       	movw	r24, r18
     adc:	da 01       	movw	r26, r20
     ade:	5c 01       	movw	r10, r24
     ae0:	6d 01       	movw	r12, r26
     ae2:	c6 01       	movw	r24, r12
     ae4:	b5 01       	movw	r22, r10
     ae6:	2d 96       	adiw	r28, 0x0d	; 13
     ae8:	2c ad       	ldd	r18, Y+60	; 0x3c
     aea:	3d ad       	ldd	r19, Y+61	; 0x3d
     aec:	4e ad       	ldd	r20, Y+62	; 0x3e
     aee:	5f ad       	ldd	r21, Y+63	; 0x3f
     af0:	2d 97       	sbiw	r28, 0x0d	; 13
     af2:	0e 94 10 1d 	call	0x3a20	; 0x3a20 <__mulsi3>
     af6:	9b 01       	movw	r18, r22
     af8:	ac 01       	movw	r20, r24
     afa:	87 01       	movw	r16, r14
     afc:	ff 24       	eor	r15, r15
     afe:	ee 24       	eor	r14, r14
     b00:	8d a5       	ldd	r24, Y+45	; 0x2d
     b02:	9e a5       	ldd	r25, Y+46	; 0x2e
     b04:	af a5       	ldd	r26, Y+47	; 0x2f
     b06:	b8 a9       	ldd	r27, Y+48	; 0x30
     b08:	a0 70       	andi	r26, 0x00	; 0
     b0a:	b0 70       	andi	r27, 0x00	; 0
     b0c:	e8 2a       	or	r14, r24
     b0e:	f9 2a       	or	r15, r25
     b10:	0a 2b       	or	r16, r26
     b12:	1b 2b       	or	r17, r27
     b14:	e2 16       	cp	r14, r18
     b16:	f3 06       	cpc	r15, r19
     b18:	04 07       	cpc	r16, r20
     b1a:	15 07       	cpc	r17, r21
     b1c:	c0 f4       	brcc	.+48     	; 0xb4e <__stack+0x2ef>
     b1e:	08 94       	sec
     b20:	a1 08       	sbc	r10, r1
     b22:	b1 08       	sbc	r11, r1
     b24:	c1 08       	sbc	r12, r1
     b26:	d1 08       	sbc	r13, r1
     b28:	e2 0c       	add	r14, r2
     b2a:	f3 1c       	adc	r15, r3
     b2c:	04 1d       	adc	r16, r4
     b2e:	15 1d       	adc	r17, r5
     b30:	e2 14       	cp	r14, r2
     b32:	f3 04       	cpc	r15, r3
     b34:	04 05       	cpc	r16, r4
     b36:	15 05       	cpc	r17, r5
     b38:	50 f0       	brcs	.+20     	; 0xb4e <__stack+0x2ef>
     b3a:	e2 16       	cp	r14, r18
     b3c:	f3 06       	cpc	r15, r19
     b3e:	04 07       	cpc	r16, r20
     b40:	15 07       	cpc	r17, r21
     b42:	28 f4       	brcc	.+10     	; 0xb4e <__stack+0x2ef>
     b44:	08 94       	sec
     b46:	a1 08       	sbc	r10, r1
     b48:	b1 08       	sbc	r11, r1
     b4a:	c1 08       	sbc	r12, r1
     b4c:	d1 08       	sbc	r13, r1
     b4e:	61 96       	adiw	r28, 0x11	; 17
     b50:	ec ac       	ldd	r14, Y+60	; 0x3c
     b52:	fd ac       	ldd	r15, Y+61	; 0x3d
     b54:	0e ad       	ldd	r16, Y+62	; 0x3e
     b56:	1f ad       	ldd	r17, Y+63	; 0x3f
     b58:	61 97       	sbiw	r28, 0x11	; 17
     b5a:	d7 01       	movw	r26, r14
     b5c:	99 27       	eor	r25, r25
     b5e:	88 27       	eor	r24, r24
     b60:	96 01       	movw	r18, r12
     b62:	85 01       	movw	r16, r10
     b64:	08 2b       	or	r16, r24
     b66:	19 2b       	or	r17, r25
     b68:	2a 2b       	or	r18, r26
     b6a:	3b 2b       	or	r19, r27
     b6c:	09 ab       	std	Y+49, r16	; 0x31
     b6e:	1a ab       	std	Y+50, r17	; 0x32
     b70:	2b ab       	std	Y+51, r18	; 0x33
     b72:	3c ab       	std	Y+52, r19	; 0x34
     b74:	62 c2       	rjmp	.+1220   	; 0x103a <__stack+0x7db>
     b76:	6e 14       	cp	r6, r14
     b78:	7f 04       	cpc	r7, r15
     b7a:	80 06       	cpc	r8, r16
     b7c:	91 06       	cpc	r9, r17
     b7e:	08 f4       	brcc	.+2      	; 0xb82 <__stack+0x323>
     b80:	51 c2       	rjmp	.+1186   	; 0x1024 <__stack+0x7c5>
     b82:	20 e0       	ldi	r18, 0x00	; 0
     b84:	e2 16       	cp	r14, r18
     b86:	20 e0       	ldi	r18, 0x00	; 0
     b88:	f2 06       	cpc	r15, r18
     b8a:	21 e0       	ldi	r18, 0x01	; 1
     b8c:	02 07       	cpc	r16, r18
     b8e:	20 e0       	ldi	r18, 0x00	; 0
     b90:	12 07       	cpc	r17, r18
     b92:	88 f4       	brcc	.+34     	; 0xbb6 <__stack+0x357>
     b94:	3f ef       	ldi	r19, 0xFF	; 255
     b96:	e3 16       	cp	r14, r19
     b98:	f1 04       	cpc	r15, r1
     b9a:	01 05       	cpc	r16, r1
     b9c:	11 05       	cpc	r17, r1
     b9e:	31 f0       	breq	.+12     	; 0xbac <__stack+0x34d>
     ba0:	28 f0       	brcs	.+10     	; 0xbac <__stack+0x34d>
     ba2:	48 e0       	ldi	r20, 0x08	; 8
     ba4:	50 e0       	ldi	r21, 0x00	; 0
     ba6:	60 e0       	ldi	r22, 0x00	; 0
     ba8:	70 e0       	ldi	r23, 0x00	; 0
     baa:	17 c0       	rjmp	.+46     	; 0xbda <__stack+0x37b>
     bac:	40 e0       	ldi	r20, 0x00	; 0
     bae:	50 e0       	ldi	r21, 0x00	; 0
     bb0:	60 e0       	ldi	r22, 0x00	; 0
     bb2:	70 e0       	ldi	r23, 0x00	; 0
     bb4:	12 c0       	rjmp	.+36     	; 0xbda <__stack+0x37b>
     bb6:	40 e0       	ldi	r20, 0x00	; 0
     bb8:	e4 16       	cp	r14, r20
     bba:	40 e0       	ldi	r20, 0x00	; 0
     bbc:	f4 06       	cpc	r15, r20
     bbe:	40 e0       	ldi	r20, 0x00	; 0
     bc0:	04 07       	cpc	r16, r20
     bc2:	41 e0       	ldi	r20, 0x01	; 1
     bc4:	14 07       	cpc	r17, r20
     bc6:	28 f0       	brcs	.+10     	; 0xbd2 <__stack+0x373>
     bc8:	48 e1       	ldi	r20, 0x18	; 24
     bca:	50 e0       	ldi	r21, 0x00	; 0
     bcc:	60 e0       	ldi	r22, 0x00	; 0
     bce:	70 e0       	ldi	r23, 0x00	; 0
     bd0:	04 c0       	rjmp	.+8      	; 0xbda <__stack+0x37b>
     bd2:	40 e1       	ldi	r20, 0x10	; 16
     bd4:	50 e0       	ldi	r21, 0x00	; 0
     bd6:	60 e0       	ldi	r22, 0x00	; 0
     bd8:	70 e0       	ldi	r23, 0x00	; 0
     bda:	d8 01       	movw	r26, r16
     bdc:	c7 01       	movw	r24, r14
     bde:	04 2e       	mov	r0, r20
     be0:	04 c0       	rjmp	.+8      	; 0xbea <__stack+0x38b>
     be2:	b6 95       	lsr	r27
     be4:	a7 95       	ror	r26
     be6:	97 95       	ror	r25
     be8:	87 95       	ror	r24
     bea:	0a 94       	dec	r0
     bec:	d2 f7       	brpl	.-12     	; 0xbe2 <__stack+0x383>
     bee:	82 53       	subi	r24, 0x32	; 50
     bf0:	9f 4f       	sbci	r25, 0xFF	; 255
     bf2:	dc 01       	movw	r26, r24
     bf4:	2c 91       	ld	r18, X
     bf6:	30 e2       	ldi	r19, 0x20	; 32
     bf8:	a3 2e       	mov	r10, r19
     bfa:	b1 2c       	mov	r11, r1
     bfc:	c1 2c       	mov	r12, r1
     bfe:	d1 2c       	mov	r13, r1
     c00:	d6 01       	movw	r26, r12
     c02:	c5 01       	movw	r24, r10
     c04:	84 1b       	sub	r24, r20
     c06:	95 0b       	sbc	r25, r21
     c08:	a6 0b       	sbc	r26, r22
     c0a:	b7 0b       	sbc	r27, r23
     c0c:	82 1b       	sub	r24, r18
     c0e:	91 09       	sbc	r25, r1
     c10:	a1 09       	sbc	r26, r1
     c12:	b1 09       	sbc	r27, r1
     c14:	00 97       	sbiw	r24, 0x00	; 0
     c16:	a1 05       	cpc	r26, r1
     c18:	b1 05       	cpc	r27, r1
     c1a:	89 f4       	brne	.+34     	; 0xc3e <__stack+0x3df>
     c1c:	e6 14       	cp	r14, r6
     c1e:	f7 04       	cpc	r15, r7
     c20:	08 05       	cpc	r16, r8
     c22:	19 05       	cpc	r17, r9
     c24:	08 f4       	brcc	.+2      	; 0xc28 <__stack+0x3c9>
     c26:	f2 c1       	rjmp	.+996    	; 0x100c <__stack+0x7ad>
     c28:	6d a4       	ldd	r6, Y+45	; 0x2d
     c2a:	7e a4       	ldd	r7, Y+46	; 0x2e
     c2c:	8f a4       	ldd	r8, Y+47	; 0x2f
     c2e:	98 a8       	ldd	r9, Y+48	; 0x30
     c30:	62 14       	cp	r6, r2
     c32:	73 04       	cpc	r7, r3
     c34:	84 04       	cpc	r8, r4
     c36:	95 04       	cpc	r9, r5
     c38:	08 f0       	brcs	.+2      	; 0xc3c <__stack+0x3dd>
     c3a:	e8 c1       	rjmp	.+976    	; 0x100c <__stack+0x7ad>
     c3c:	f3 c1       	rjmp	.+998    	; 0x1024 <__stack+0x7c5>
     c3e:	6e 96       	adiw	r28, 0x1e	; 30
     c40:	8f af       	std	Y+63, r24	; 0x3f
     c42:	6e 97       	sbiw	r28, 0x1e	; 30
     c44:	08 2e       	mov	r0, r24
     c46:	04 c0       	rjmp	.+8      	; 0xc50 <__stack+0x3f1>
     c48:	ee 0c       	add	r14, r14
     c4a:	ff 1c       	adc	r15, r15
     c4c:	00 1f       	adc	r16, r16
     c4e:	11 1f       	adc	r17, r17
     c50:	0a 94       	dec	r0
     c52:	d2 f7       	brpl	.-12     	; 0xc48 <__stack+0x3e9>
     c54:	6a 2d       	mov	r22, r10
     c56:	68 1b       	sub	r22, r24
     c58:	d2 01       	movw	r26, r4
     c5a:	c1 01       	movw	r24, r2
     c5c:	06 2e       	mov	r0, r22
     c5e:	04 c0       	rjmp	.+8      	; 0xc68 <__stack+0x409>
     c60:	b6 95       	lsr	r27
     c62:	a7 95       	ror	r26
     c64:	97 95       	ror	r25
     c66:	87 95       	ror	r24
     c68:	0a 94       	dec	r0
     c6a:	d2 f7       	brpl	.-12     	; 0xc60 <__stack+0x401>
     c6c:	5c 01       	movw	r10, r24
     c6e:	6d 01       	movw	r12, r26
     c70:	ae 28       	or	r10, r14
     c72:	bf 28       	or	r11, r15
     c74:	c0 2a       	or	r12, r16
     c76:	d1 2a       	or	r13, r17
     c78:	ad a2       	std	Y+37, r10	; 0x25
     c7a:	be a2       	std	Y+38, r11	; 0x26
     c7c:	cf a2       	std	Y+39, r12	; 0x27
     c7e:	d8 a6       	std	Y+40, r13	; 0x28
     c80:	72 01       	movw	r14, r4
     c82:	61 01       	movw	r12, r2
     c84:	6e 96       	adiw	r28, 0x1e	; 30
     c86:	0f ac       	ldd	r0, Y+63	; 0x3f
     c88:	6e 97       	sbiw	r28, 0x1e	; 30
     c8a:	04 c0       	rjmp	.+8      	; 0xc94 <__stack+0x435>
     c8c:	cc 0c       	add	r12, r12
     c8e:	dd 1c       	adc	r13, r13
     c90:	ee 1c       	adc	r14, r14
     c92:	ff 1c       	adc	r15, r15
     c94:	0a 94       	dec	r0
     c96:	d2 f7       	brpl	.-12     	; 0xc8c <__stack+0x42d>
     c98:	c9 a2       	std	Y+33, r12	; 0x21
     c9a:	da a2       	std	Y+34, r13	; 0x22
     c9c:	eb a2       	std	Y+35, r14	; 0x23
     c9e:	fc a2       	std	Y+36, r15	; 0x24
     ca0:	64 01       	movw	r12, r8
     ca2:	53 01       	movw	r10, r6
     ca4:	06 2e       	mov	r0, r22
     ca6:	04 c0       	rjmp	.+8      	; 0xcb0 <__stack+0x451>
     ca8:	d6 94       	lsr	r13
     caa:	c7 94       	ror	r12
     cac:	b7 94       	ror	r11
     cae:	a7 94       	ror	r10
     cb0:	0a 94       	dec	r0
     cb2:	d2 f7       	brpl	.-12     	; 0xca8 <__stack+0x449>
     cb4:	d4 01       	movw	r26, r8
     cb6:	c3 01       	movw	r24, r6
     cb8:	6e 96       	adiw	r28, 0x1e	; 30
     cba:	0f ac       	ldd	r0, Y+63	; 0x3f
     cbc:	6e 97       	sbiw	r28, 0x1e	; 30
     cbe:	04 c0       	rjmp	.+8      	; 0xcc8 <__stack+0x469>
     cc0:	88 0f       	add	r24, r24
     cc2:	99 1f       	adc	r25, r25
     cc4:	aa 1f       	adc	r26, r26
     cc6:	bb 1f       	adc	r27, r27
     cc8:	0a 94       	dec	r0
     cca:	d2 f7       	brpl	.-12     	; 0xcc0 <__stack+0x461>
     ccc:	ed a4       	ldd	r14, Y+45	; 0x2d
     cce:	fe a4       	ldd	r15, Y+46	; 0x2e
     cd0:	0f a5       	ldd	r16, Y+47	; 0x2f
     cd2:	18 a9       	ldd	r17, Y+48	; 0x30
     cd4:	04 c0       	rjmp	.+8      	; 0xcde <__stack+0x47f>
     cd6:	16 95       	lsr	r17
     cd8:	07 95       	ror	r16
     cda:	f7 94       	ror	r15
     cdc:	e7 94       	ror	r14
     cde:	6a 95       	dec	r22
     ce0:	d2 f7       	brpl	.-12     	; 0xcd6 <__stack+0x477>
     ce2:	37 01       	movw	r6, r14
     ce4:	48 01       	movw	r8, r16
     ce6:	68 2a       	or	r6, r24
     ce8:	79 2a       	or	r7, r25
     cea:	8a 2a       	or	r8, r26
     cec:	9b 2a       	or	r9, r27
     cee:	6d 8e       	std	Y+29, r6	; 0x1d
     cf0:	7e 8e       	std	Y+30, r7	; 0x1e
     cf2:	8f 8e       	std	Y+31, r8	; 0x1f
     cf4:	98 a2       	std	Y+32, r9	; 0x20
     cf6:	ed a0       	ldd	r14, Y+37	; 0x25
     cf8:	fe a0       	ldd	r15, Y+38	; 0x26
     cfa:	0f a1       	ldd	r16, Y+39	; 0x27
     cfc:	18 a5       	ldd	r17, Y+40	; 0x28
     cfe:	38 01       	movw	r6, r16
     d00:	88 24       	eor	r8, r8
     d02:	99 24       	eor	r9, r9
     d04:	98 01       	movw	r18, r16
     d06:	87 01       	movw	r16, r14
     d08:	20 70       	andi	r18, 0x00	; 0
     d0a:	30 70       	andi	r19, 0x00	; 0
     d0c:	65 96       	adiw	r28, 0x15	; 21
     d0e:	0c af       	std	Y+60, r16	; 0x3c
     d10:	1d af       	std	Y+61, r17	; 0x3d
     d12:	2e af       	std	Y+62, r18	; 0x3e
     d14:	3f af       	std	Y+63, r19	; 0x3f
     d16:	65 97       	sbiw	r28, 0x15	; 21
     d18:	c6 01       	movw	r24, r12
     d1a:	b5 01       	movw	r22, r10
     d1c:	a4 01       	movw	r20, r8
     d1e:	93 01       	movw	r18, r6
     d20:	0e 94 2f 1d 	call	0x3a5e	; 0x3a5e <__udivmodsi4>
     d24:	7b 01       	movw	r14, r22
     d26:	8c 01       	movw	r16, r24
     d28:	c6 01       	movw	r24, r12
     d2a:	b5 01       	movw	r22, r10
     d2c:	a4 01       	movw	r20, r8
     d2e:	93 01       	movw	r18, r6
     d30:	0e 94 2f 1d 	call	0x3a5e	; 0x3a5e <__udivmodsi4>
     d34:	c9 01       	movw	r24, r18
     d36:	da 01       	movw	r26, r20
     d38:	1c 01       	movw	r2, r24
     d3a:	2d 01       	movw	r4, r26
     d3c:	c2 01       	movw	r24, r4
     d3e:	b1 01       	movw	r22, r2
     d40:	65 96       	adiw	r28, 0x15	; 21
     d42:	2c ad       	ldd	r18, Y+60	; 0x3c
     d44:	3d ad       	ldd	r19, Y+61	; 0x3d
     d46:	4e ad       	ldd	r20, Y+62	; 0x3e
     d48:	5f ad       	ldd	r21, Y+63	; 0x3f
     d4a:	65 97       	sbiw	r28, 0x15	; 21
     d4c:	0e 94 10 1d 	call	0x3a20	; 0x3a20 <__mulsi3>
     d50:	9b 01       	movw	r18, r22
     d52:	ac 01       	movw	r20, r24
     d54:	87 01       	movw	r16, r14
     d56:	ff 24       	eor	r15, r15
     d58:	ee 24       	eor	r14, r14
     d5a:	ad 8c       	ldd	r10, Y+29	; 0x1d
     d5c:	be 8c       	ldd	r11, Y+30	; 0x1e
     d5e:	cf 8c       	ldd	r12, Y+31	; 0x1f
     d60:	d8 a0       	ldd	r13, Y+32	; 0x20
     d62:	c6 01       	movw	r24, r12
     d64:	aa 27       	eor	r26, r26
     d66:	bb 27       	eor	r27, r27
     d68:	57 01       	movw	r10, r14
     d6a:	68 01       	movw	r12, r16
     d6c:	a8 2a       	or	r10, r24
     d6e:	b9 2a       	or	r11, r25
     d70:	ca 2a       	or	r12, r26
     d72:	db 2a       	or	r13, r27
     d74:	a2 16       	cp	r10, r18
     d76:	b3 06       	cpc	r11, r19
     d78:	c4 06       	cpc	r12, r20
     d7a:	d5 06       	cpc	r13, r21
     d7c:	00 f5       	brcc	.+64     	; 0xdbe <__stack+0x55f>
     d7e:	08 94       	sec
     d80:	21 08       	sbc	r2, r1
     d82:	31 08       	sbc	r3, r1
     d84:	41 08       	sbc	r4, r1
     d86:	51 08       	sbc	r5, r1
     d88:	ed a0       	ldd	r14, Y+37	; 0x25
     d8a:	fe a0       	ldd	r15, Y+38	; 0x26
     d8c:	0f a1       	ldd	r16, Y+39	; 0x27
     d8e:	18 a5       	ldd	r17, Y+40	; 0x28
     d90:	ae 0c       	add	r10, r14
     d92:	bf 1c       	adc	r11, r15
     d94:	c0 1e       	adc	r12, r16
     d96:	d1 1e       	adc	r13, r17
     d98:	ae 14       	cp	r10, r14
     d9a:	bf 04       	cpc	r11, r15
     d9c:	c0 06       	cpc	r12, r16
     d9e:	d1 06       	cpc	r13, r17
     da0:	70 f0       	brcs	.+28     	; 0xdbe <__stack+0x55f>
     da2:	a2 16       	cp	r10, r18
     da4:	b3 06       	cpc	r11, r19
     da6:	c4 06       	cpc	r12, r20
     da8:	d5 06       	cpc	r13, r21
     daa:	48 f4       	brcc	.+18     	; 0xdbe <__stack+0x55f>
     dac:	08 94       	sec
     dae:	21 08       	sbc	r2, r1
     db0:	31 08       	sbc	r3, r1
     db2:	41 08       	sbc	r4, r1
     db4:	51 08       	sbc	r5, r1
     db6:	ae 0c       	add	r10, r14
     db8:	bf 1c       	adc	r11, r15
     dba:	c0 1e       	adc	r12, r16
     dbc:	d1 1e       	adc	r13, r17
     dbe:	a2 1a       	sub	r10, r18
     dc0:	b3 0a       	sbc	r11, r19
     dc2:	c4 0a       	sbc	r12, r20
     dc4:	d5 0a       	sbc	r13, r21
     dc6:	c6 01       	movw	r24, r12
     dc8:	b5 01       	movw	r22, r10
     dca:	a4 01       	movw	r20, r8
     dcc:	93 01       	movw	r18, r6
     dce:	0e 94 2f 1d 	call	0x3a5e	; 0x3a5e <__udivmodsi4>
     dd2:	7b 01       	movw	r14, r22
     dd4:	8c 01       	movw	r16, r24
     dd6:	c6 01       	movw	r24, r12
     dd8:	b5 01       	movw	r22, r10
     dda:	a4 01       	movw	r20, r8
     ddc:	93 01       	movw	r18, r6
     dde:	0e 94 2f 1d 	call	0x3a5e	; 0x3a5e <__udivmodsi4>
     de2:	c9 01       	movw	r24, r18
     de4:	da 01       	movw	r26, r20
     de6:	3c 01       	movw	r6, r24
     de8:	4d 01       	movw	r8, r26
     dea:	c4 01       	movw	r24, r8
     dec:	b3 01       	movw	r22, r6
     dee:	65 96       	adiw	r28, 0x15	; 21
     df0:	2c ad       	ldd	r18, Y+60	; 0x3c
     df2:	3d ad       	ldd	r19, Y+61	; 0x3d
     df4:	4e ad       	ldd	r20, Y+62	; 0x3e
     df6:	5f ad       	ldd	r21, Y+63	; 0x3f
     df8:	65 97       	sbiw	r28, 0x15	; 21
     dfa:	0e 94 10 1d 	call	0x3a20	; 0x3a20 <__mulsi3>
     dfe:	9b 01       	movw	r18, r22
     e00:	ac 01       	movw	r20, r24
     e02:	87 01       	movw	r16, r14
     e04:	ff 24       	eor	r15, r15
     e06:	ee 24       	eor	r14, r14
     e08:	8d 8d       	ldd	r24, Y+29	; 0x1d
     e0a:	9e 8d       	ldd	r25, Y+30	; 0x1e
     e0c:	af 8d       	ldd	r26, Y+31	; 0x1f
     e0e:	b8 a1       	ldd	r27, Y+32	; 0x20
     e10:	a0 70       	andi	r26, 0x00	; 0
     e12:	b0 70       	andi	r27, 0x00	; 0
     e14:	57 01       	movw	r10, r14
     e16:	68 01       	movw	r12, r16
     e18:	a8 2a       	or	r10, r24
     e1a:	b9 2a       	or	r11, r25
     e1c:	ca 2a       	or	r12, r26
     e1e:	db 2a       	or	r13, r27
     e20:	a2 16       	cp	r10, r18
     e22:	b3 06       	cpc	r11, r19
     e24:	c4 06       	cpc	r12, r20
     e26:	d5 06       	cpc	r13, r21
     e28:	00 f5       	brcc	.+64     	; 0xe6a <__stack+0x60b>
     e2a:	08 94       	sec
     e2c:	61 08       	sbc	r6, r1
     e2e:	71 08       	sbc	r7, r1
     e30:	81 08       	sbc	r8, r1
     e32:	91 08       	sbc	r9, r1
     e34:	6d a1       	ldd	r22, Y+37	; 0x25
     e36:	7e a1       	ldd	r23, Y+38	; 0x26
     e38:	8f a1       	ldd	r24, Y+39	; 0x27
     e3a:	98 a5       	ldd	r25, Y+40	; 0x28
     e3c:	a6 0e       	add	r10, r22
     e3e:	b7 1e       	adc	r11, r23
     e40:	c8 1e       	adc	r12, r24
     e42:	d9 1e       	adc	r13, r25
     e44:	a6 16       	cp	r10, r22
     e46:	b7 06       	cpc	r11, r23
     e48:	c8 06       	cpc	r12, r24
     e4a:	d9 06       	cpc	r13, r25
     e4c:	70 f0       	brcs	.+28     	; 0xe6a <__stack+0x60b>
     e4e:	a2 16       	cp	r10, r18
     e50:	b3 06       	cpc	r11, r19
     e52:	c4 06       	cpc	r12, r20
     e54:	d5 06       	cpc	r13, r21
     e56:	48 f4       	brcc	.+18     	; 0xe6a <__stack+0x60b>
     e58:	08 94       	sec
     e5a:	61 08       	sbc	r6, r1
     e5c:	71 08       	sbc	r7, r1
     e5e:	81 08       	sbc	r8, r1
     e60:	91 08       	sbc	r9, r1
     e62:	a6 0e       	add	r10, r22
     e64:	b7 1e       	adc	r11, r23
     e66:	c8 1e       	adc	r12, r24
     e68:	d9 1e       	adc	r13, r25
     e6a:	d6 01       	movw	r26, r12
     e6c:	c5 01       	movw	r24, r10
     e6e:	82 1b       	sub	r24, r18
     e70:	93 0b       	sbc	r25, r19
     e72:	a4 0b       	sbc	r26, r20
     e74:	b5 0b       	sbc	r27, r21
     e76:	89 8f       	std	Y+25, r24	; 0x19
     e78:	9a 8f       	std	Y+26, r25	; 0x1a
     e7a:	ab 8f       	std	Y+27, r26	; 0x1b
     e7c:	bc 8f       	std	Y+28, r27	; 0x1c
     e7e:	d1 01       	movw	r26, r2
     e80:	99 27       	eor	r25, r25
     e82:	88 27       	eor	r24, r24
     e84:	64 01       	movw	r12, r8
     e86:	53 01       	movw	r10, r6
     e88:	a8 2a       	or	r10, r24
     e8a:	b9 2a       	or	r11, r25
     e8c:	ca 2a       	or	r12, r26
     e8e:	db 2a       	or	r13, r27
     e90:	a9 aa       	std	Y+49, r10	; 0x31
     e92:	ba aa       	std	Y+50, r11	; 0x32
     e94:	cb aa       	std	Y+51, r12	; 0x33
     e96:	dc aa       	std	Y+52, r13	; 0x34
     e98:	86 01       	movw	r16, r12
     e9a:	75 01       	movw	r14, r10
     e9c:	2f ef       	ldi	r18, 0xFF	; 255
     e9e:	3f ef       	ldi	r19, 0xFF	; 255
     ea0:	40 e0       	ldi	r20, 0x00	; 0
     ea2:	50 e0       	ldi	r21, 0x00	; 0
     ea4:	e2 22       	and	r14, r18
     ea6:	f3 22       	and	r15, r19
     ea8:	04 23       	and	r16, r20
     eaa:	15 23       	and	r17, r21
     eac:	a6 01       	movw	r20, r12
     eae:	66 27       	eor	r22, r22
     eb0:	77 27       	eor	r23, r23
     eb2:	6d 96       	adiw	r28, 0x1d	; 29
     eb4:	4c af       	std	Y+60, r20	; 0x3c
     eb6:	5d af       	std	Y+61, r21	; 0x3d
     eb8:	6e af       	std	Y+62, r22	; 0x3e
     eba:	7f af       	std	Y+63, r23	; 0x3f
     ebc:	6d 97       	sbiw	r28, 0x1d	; 29
     ebe:	a9 a0       	ldd	r10, Y+33	; 0x21
     ec0:	ba a0       	ldd	r11, Y+34	; 0x22
     ec2:	cb a0       	ldd	r12, Y+35	; 0x23
     ec4:	dc a0       	ldd	r13, Y+36	; 0x24
     ec6:	6f ef       	ldi	r22, 0xFF	; 255
     ec8:	7f ef       	ldi	r23, 0xFF	; 255
     eca:	80 e0       	ldi	r24, 0x00	; 0
     ecc:	90 e0       	ldi	r25, 0x00	; 0
     ece:	a6 22       	and	r10, r22
     ed0:	b7 22       	and	r11, r23
     ed2:	c8 22       	and	r12, r24
     ed4:	d9 22       	and	r13, r25
     ed6:	89 a1       	ldd	r24, Y+33	; 0x21
     ed8:	9a a1       	ldd	r25, Y+34	; 0x22
     eda:	ab a1       	ldd	r26, Y+35	; 0x23
     edc:	bc a1       	ldd	r27, Y+36	; 0x24
     ede:	1d 01       	movw	r2, r26
     ee0:	44 24       	eor	r4, r4
     ee2:	55 24       	eor	r5, r5
     ee4:	c8 01       	movw	r24, r16
     ee6:	b7 01       	movw	r22, r14
     ee8:	a6 01       	movw	r20, r12
     eea:	95 01       	movw	r18, r10
     eec:	0e 94 10 1d 	call	0x3a20	; 0x3a20 <__mulsi3>
     ef0:	69 96       	adiw	r28, 0x19	; 25
     ef2:	6c af       	std	Y+60, r22	; 0x3c
     ef4:	7d af       	std	Y+61, r23	; 0x3d
     ef6:	8e af       	std	Y+62, r24	; 0x3e
     ef8:	9f af       	std	Y+63, r25	; 0x3f
     efa:	69 97       	sbiw	r28, 0x19	; 25
     efc:	c8 01       	movw	r24, r16
     efe:	b7 01       	movw	r22, r14
     f00:	a2 01       	movw	r20, r4
     f02:	91 01       	movw	r18, r2
     f04:	0e 94 10 1d 	call	0x3a20	; 0x3a20 <__mulsi3>
     f08:	3b 01       	movw	r6, r22
     f0a:	4c 01       	movw	r8, r24
     f0c:	6d 96       	adiw	r28, 0x1d	; 29
     f0e:	6c ad       	ldd	r22, Y+60	; 0x3c
     f10:	7d ad       	ldd	r23, Y+61	; 0x3d
     f12:	8e ad       	ldd	r24, Y+62	; 0x3e
     f14:	9f ad       	ldd	r25, Y+63	; 0x3f
     f16:	6d 97       	sbiw	r28, 0x1d	; 29
     f18:	a6 01       	movw	r20, r12
     f1a:	95 01       	movw	r18, r10
     f1c:	0e 94 10 1d 	call	0x3a20	; 0x3a20 <__mulsi3>
     f20:	7b 01       	movw	r14, r22
     f22:	8c 01       	movw	r16, r24
     f24:	6d 96       	adiw	r28, 0x1d	; 29
     f26:	6c ad       	ldd	r22, Y+60	; 0x3c
     f28:	7d ad       	ldd	r23, Y+61	; 0x3d
     f2a:	8e ad       	ldd	r24, Y+62	; 0x3e
     f2c:	9f ad       	ldd	r25, Y+63	; 0x3f
     f2e:	6d 97       	sbiw	r28, 0x1d	; 29
     f30:	a2 01       	movw	r20, r4
     f32:	91 01       	movw	r18, r2
     f34:	0e 94 10 1d 	call	0x3a20	; 0x3a20 <__mulsi3>
     f38:	5b 01       	movw	r10, r22
     f3a:	6c 01       	movw	r12, r24
     f3c:	a8 01       	movw	r20, r16
     f3e:	97 01       	movw	r18, r14
     f40:	26 0d       	add	r18, r6
     f42:	37 1d       	adc	r19, r7
     f44:	48 1d       	adc	r20, r8
     f46:	59 1d       	adc	r21, r9
     f48:	69 96       	adiw	r28, 0x19	; 25
     f4a:	6c ac       	ldd	r6, Y+60	; 0x3c
     f4c:	7d ac       	ldd	r7, Y+61	; 0x3d
     f4e:	8e ac       	ldd	r8, Y+62	; 0x3e
     f50:	9f ac       	ldd	r9, Y+63	; 0x3f
     f52:	69 97       	sbiw	r28, 0x19	; 25
     f54:	c4 01       	movw	r24, r8
     f56:	aa 27       	eor	r26, r26
     f58:	bb 27       	eor	r27, r27
     f5a:	28 0f       	add	r18, r24
     f5c:	39 1f       	adc	r19, r25
     f5e:	4a 1f       	adc	r20, r26
     f60:	5b 1f       	adc	r21, r27
     f62:	2e 15       	cp	r18, r14
     f64:	3f 05       	cpc	r19, r15
     f66:	40 07       	cpc	r20, r16
     f68:	51 07       	cpc	r21, r17
     f6a:	48 f4       	brcc	.+18     	; 0xf7e <__stack+0x71f>
     f6c:	e1 2c       	mov	r14, r1
     f6e:	f1 2c       	mov	r15, r1
     f70:	61 e0       	ldi	r22, 0x01	; 1
     f72:	06 2f       	mov	r16, r22
     f74:	11 2d       	mov	r17, r1
     f76:	ae 0c       	add	r10, r14
     f78:	bf 1c       	adc	r11, r15
     f7a:	c0 1e       	adc	r12, r16
     f7c:	d1 1e       	adc	r13, r17
     f7e:	ca 01       	movw	r24, r20
     f80:	aa 27       	eor	r26, r26
     f82:	bb 27       	eor	r27, r27
     f84:	bc 01       	movw	r22, r24
     f86:	cd 01       	movw	r24, r26
     f88:	6a 0d       	add	r22, r10
     f8a:	7b 1d       	adc	r23, r11
     f8c:	8c 1d       	adc	r24, r12
     f8e:	9d 1d       	adc	r25, r13
     f90:	69 8c       	ldd	r6, Y+25	; 0x19
     f92:	7a 8c       	ldd	r7, Y+26	; 0x1a
     f94:	8b 8c       	ldd	r8, Y+27	; 0x1b
     f96:	9c 8c       	ldd	r9, Y+28	; 0x1c
     f98:	66 16       	cp	r6, r22
     f9a:	77 06       	cpc	r7, r23
     f9c:	88 06       	cpc	r8, r24
     f9e:	99 06       	cpc	r9, r25
     fa0:	40 f1       	brcs	.+80     	; 0xff2 <__stack+0x793>
     fa2:	66 15       	cp	r22, r6
     fa4:	77 05       	cpc	r23, r7
     fa6:	88 05       	cpc	r24, r8
     fa8:	99 05       	cpc	r25, r9
     faa:	09 f0       	breq	.+2      	; 0xfae <__stack+0x74f>
     fac:	43 c0       	rjmp	.+134    	; 0x1034 <__stack+0x7d5>
     fae:	d9 01       	movw	r26, r18
     fb0:	99 27       	eor	r25, r25
     fb2:	88 27       	eor	r24, r24
     fb4:	69 96       	adiw	r28, 0x19	; 25
     fb6:	2c ad       	ldd	r18, Y+60	; 0x3c
     fb8:	3d ad       	ldd	r19, Y+61	; 0x3d
     fba:	4e ad       	ldd	r20, Y+62	; 0x3e
     fbc:	5f ad       	ldd	r21, Y+63	; 0x3f
     fbe:	69 97       	sbiw	r28, 0x19	; 25
     fc0:	40 70       	andi	r20, 0x00	; 0
     fc2:	50 70       	andi	r21, 0x00	; 0
     fc4:	82 0f       	add	r24, r18
     fc6:	93 1f       	adc	r25, r19
     fc8:	a4 1f       	adc	r26, r20
     fca:	b5 1f       	adc	r27, r21
     fcc:	2d a5       	ldd	r18, Y+45	; 0x2d
     fce:	3e a5       	ldd	r19, Y+46	; 0x2e
     fd0:	4f a5       	ldd	r20, Y+47	; 0x2f
     fd2:	58 a9       	ldd	r21, Y+48	; 0x30
     fd4:	6e 96       	adiw	r28, 0x1e	; 30
     fd6:	0f ac       	ldd	r0, Y+63	; 0x3f
     fd8:	6e 97       	sbiw	r28, 0x1e	; 30
     fda:	04 c0       	rjmp	.+8      	; 0xfe4 <__stack+0x785>
     fdc:	22 0f       	add	r18, r18
     fde:	33 1f       	adc	r19, r19
     fe0:	44 1f       	adc	r20, r20
     fe2:	55 1f       	adc	r21, r21
     fe4:	0a 94       	dec	r0
     fe6:	d2 f7       	brpl	.-12     	; 0xfdc <__stack+0x77d>
     fe8:	28 17       	cp	r18, r24
     fea:	39 07       	cpc	r19, r25
     fec:	4a 07       	cpc	r20, r26
     fee:	5b 07       	cpc	r21, r27
     ff0:	08 f5       	brcc	.+66     	; 0x1034 <__stack+0x7d5>
     ff2:	09 a9       	ldd	r16, Y+49	; 0x31
     ff4:	1a a9       	ldd	r17, Y+50	; 0x32
     ff6:	2b a9       	ldd	r18, Y+51	; 0x33
     ff8:	3c a9       	ldd	r19, Y+52	; 0x34
     ffa:	01 50       	subi	r16, 0x01	; 1
     ffc:	10 40       	sbci	r17, 0x00	; 0
     ffe:	20 40       	sbci	r18, 0x00	; 0
    1000:	30 40       	sbci	r19, 0x00	; 0
    1002:	09 ab       	std	Y+49, r16	; 0x31
    1004:	1a ab       	std	Y+50, r17	; 0x32
    1006:	2b ab       	std	Y+51, r18	; 0x33
    1008:	3c ab       	std	Y+52, r19	; 0x34
    100a:	14 c0       	rjmp	.+40     	; 0x1034 <__stack+0x7d5>
    100c:	66 24       	eor	r6, r6
    100e:	77 24       	eor	r7, r7
    1010:	43 01       	movw	r8, r6
    1012:	21 e0       	ldi	r18, 0x01	; 1
    1014:	30 e0       	ldi	r19, 0x00	; 0
    1016:	40 e0       	ldi	r20, 0x00	; 0
    1018:	50 e0       	ldi	r21, 0x00	; 0
    101a:	29 ab       	std	Y+49, r18	; 0x31
    101c:	3a ab       	std	Y+50, r19	; 0x32
    101e:	4b ab       	std	Y+51, r20	; 0x33
    1020:	5c ab       	std	Y+52, r21	; 0x34
    1022:	0b c0       	rjmp	.+22     	; 0x103a <__stack+0x7db>
    1024:	66 24       	eor	r6, r6
    1026:	77 24       	eor	r7, r7
    1028:	43 01       	movw	r8, r6
    102a:	19 aa       	std	Y+49, r1	; 0x31
    102c:	1a aa       	std	Y+50, r1	; 0x32
    102e:	1b aa       	std	Y+51, r1	; 0x33
    1030:	1c aa       	std	Y+52, r1	; 0x34
    1032:	03 c0       	rjmp	.+6      	; 0x103a <__stack+0x7db>
    1034:	66 24       	eor	r6, r6
    1036:	77 24       	eor	r7, r7
    1038:	43 01       	movw	r8, r6
    103a:	fe 01       	movw	r30, r28
    103c:	71 96       	adiw	r30, 0x11	; 17
    103e:	88 e0       	ldi	r24, 0x08	; 8
    1040:	df 01       	movw	r26, r30
    1042:	1d 92       	st	X+, r1
    1044:	8a 95       	dec	r24
    1046:	e9 f7       	brne	.-6      	; 0x1042 <__stack+0x7e3>
    1048:	a9 a8       	ldd	r10, Y+49	; 0x31
    104a:	ba a8       	ldd	r11, Y+50	; 0x32
    104c:	cb a8       	ldd	r12, Y+51	; 0x33
    104e:	dc a8       	ldd	r13, Y+52	; 0x34
    1050:	a9 8a       	std	Y+17, r10	; 0x11
    1052:	ba 8a       	std	Y+18, r11	; 0x12
    1054:	cb 8a       	std	Y+19, r12	; 0x13
    1056:	dc 8a       	std	Y+20, r13	; 0x14
    1058:	6d 8a       	std	Y+21, r6	; 0x15
    105a:	7e 8a       	std	Y+22, r7	; 0x16
    105c:	8f 8a       	std	Y+23, r8	; 0x17
    105e:	98 8e       	std	Y+24, r9	; 0x18
    1060:	29 a9       	ldd	r18, Y+49	; 0x31
    1062:	3a 89       	ldd	r19, Y+18	; 0x12
    1064:	4b 89       	ldd	r20, Y+19	; 0x13
    1066:	5c 89       	ldd	r21, Y+20	; 0x14
    1068:	66 2d       	mov	r22, r6
    106a:	7e 89       	ldd	r23, Y+22	; 0x16
    106c:	8f 89       	ldd	r24, Y+23	; 0x17
    106e:	98 8d       	ldd	r25, Y+24	; 0x18
    1070:	c2 5a       	subi	r28, 0xA2	; 162
    1072:	df 4f       	sbci	r29, 0xFF	; 255
    1074:	e2 e1       	ldi	r30, 0x12	; 18
    1076:	0c 94 6d 1d 	jmp	0x3ada	; 0x3ada <__epilogue_restores__>

0000107a <RTOS_u8CreateTask>:

    MTIMER_u8SetCompareCallback(MTIMER_TIMER2, RTOS_voidSchedulerTick);
}

u8 RTOS_u8CreateTask(u8 Copy_u8Priority, u32 Copy_u32Periodicity,
		u32 Copy_u32FirstDelay, RTOS_TaskFunction_t Copy_pTaskFunction) {
    107a:	af 92       	push	r10
    107c:	bf 92       	push	r11
    107e:	cf 92       	push	r12
    1080:	df 92       	push	r13
    1082:	ef 92       	push	r14
    1084:	ff 92       	push	r15
    1086:	0f 93       	push	r16
    1088:	1f 93       	push	r17
    108a:	58 01       	movw	r10, r16
    108c:	69 01       	movw	r12, r18
	if (Copy_u8Priority >= RTOS_MAX_TASKS) {
    108e:	85 30       	cpi	r24, 0x05	; 5
    1090:	50 f5       	brcc	.+84     	; 0x10e6 <RTOS_u8CreateTask+0x6c>
		return RTOS_ERROR;
	}

	if (Copy_pTaskFunction == NULL) {
    1092:	e1 14       	cp	r14, r1
    1094:	f1 04       	cpc	r15, r1
    1096:	89 f1       	breq	.+98     	; 0x10fa <RTOS_u8CreateTask+0x80>
		return RTOS_NULL_POINTER;
	}

	if (Copy_u32Periodicity == 0U) {
    1098:	41 15       	cp	r20, r1
    109a:	51 05       	cpc	r21, r1
    109c:	61 05       	cpc	r22, r1
    109e:	71 05       	cpc	r23, r1
    10a0:	11 f1       	breq	.+68     	; 0x10e6 <RTOS_u8CreateTask+0x6c>
		return RTOS_ERROR;
	}

	RTOS_Tasks[Copy_u8Priority].TaskFunction = Copy_pTaskFunction;
    10a2:	28 2f       	mov	r18, r24
    10a4:	30 e0       	ldi	r19, 0x00	; 0
    10a6:	c9 01       	movw	r24, r18
    10a8:	88 0f       	add	r24, r24
    10aa:	99 1f       	adc	r25, r25
    10ac:	82 0f       	add	r24, r18
    10ae:	93 1f       	adc	r25, r19
    10b0:	fc 01       	movw	r30, r24
    10b2:	ee 0f       	add	r30, r30
    10b4:	ff 1f       	adc	r31, r31
    10b6:	ee 0f       	add	r30, r30
    10b8:	ff 1f       	adc	r31, r31
    10ba:	e8 0f       	add	r30, r24
    10bc:	f9 1f       	adc	r31, r25
    10be:	e3 59       	subi	r30, 0x93	; 147
    10c0:	fd 4f       	sbci	r31, 0xFD	; 253
    10c2:	f1 82       	std	Z+1, r15	; 0x01
    10c4:	e0 82       	st	Z, r14

	RTOS_Tasks[Copy_u8Priority].Periodicity = Copy_u32Periodicity;
    10c6:	42 83       	std	Z+2, r20	; 0x02
    10c8:	53 83       	std	Z+3, r21	; 0x03
    10ca:	64 83       	std	Z+4, r22	; 0x04
    10cc:	75 83       	std	Z+5, r23	; 0x05

	RTOS_Tasks[Copy_u8Priority].FirstDelay = Copy_u32FirstDelay;
    10ce:	a6 82       	std	Z+6, r10	; 0x06
    10d0:	b7 82       	std	Z+7, r11	; 0x07
    10d2:	c0 86       	std	Z+8, r12	; 0x08
    10d4:	d1 86       	std	Z+9, r13	; 0x09

	RTOS_Tasks[Copy_u8Priority].Counter = Copy_u32FirstDelay;
    10d6:	a2 86       	std	Z+10, r10	; 0x0a
    10d8:	b3 86       	std	Z+11, r11	; 0x0b
    10da:	c4 86       	std	Z+12, r12	; 0x0c
    10dc:	d5 86       	std	Z+13, r13	; 0x0d

	RTOS_Tasks[Copy_u8Priority].State =
    10de:	81 e0       	ldi	r24, 0x01	; 1
    10e0:	86 87       	std	Z+14, r24	; 0x0e
    10e2:	80 e0       	ldi	r24, 0x00	; 0
    10e4:	01 c0       	rjmp	.+2      	; 0x10e8 <RTOS_u8CreateTask+0x6e>
	RTOS_TASK_READY;

	return RTOS_OK;
    10e6:	81 e0       	ldi	r24, 0x01	; 1
}
    10e8:	1f 91       	pop	r17
    10ea:	0f 91       	pop	r16
    10ec:	ff 90       	pop	r15
    10ee:	ef 90       	pop	r14
    10f0:	df 90       	pop	r13
    10f2:	cf 90       	pop	r12
    10f4:	bf 90       	pop	r11
    10f6:	af 90       	pop	r10
    10f8:	08 95       	ret
		u32 Copy_u32FirstDelay, RTOS_TaskFunction_t Copy_pTaskFunction) {
	if (Copy_u8Priority >= RTOS_MAX_TASKS) {
		return RTOS_ERROR;
	}

	if (Copy_pTaskFunction == NULL) {
    10fa:	82 e0       	ldi	r24, 0x02	; 2
    10fc:	f5 cf       	rjmp	.-22     	; 0x10e8 <RTOS_u8CreateTask+0x6e>

000010fe <RTOS_u8DeleteTask>:

	return RTOS_OK;
}

u8 RTOS_u8DeleteTask(u8 Copy_u8Priority) {
	if (Copy_u8Priority >= RTOS_MAX_TASKS) {
    10fe:	85 30       	cpi	r24, 0x05	; 5
    1100:	08 f5       	brcc	.+66     	; 0x1144 <RTOS_u8DeleteTask+0x46>
		return RTOS_ERROR;
	}

	RTOS_Tasks[Copy_u8Priority].TaskFunction = NULL;
    1102:	28 2f       	mov	r18, r24
    1104:	30 e0       	ldi	r19, 0x00	; 0
    1106:	c9 01       	movw	r24, r18
    1108:	88 0f       	add	r24, r24
    110a:	99 1f       	adc	r25, r25
    110c:	82 0f       	add	r24, r18
    110e:	93 1f       	adc	r25, r19
    1110:	fc 01       	movw	r30, r24
    1112:	ee 0f       	add	r30, r30
    1114:	ff 1f       	adc	r31, r31
    1116:	ee 0f       	add	r30, r30
    1118:	ff 1f       	adc	r31, r31
    111a:	e8 0f       	add	r30, r24
    111c:	f9 1f       	adc	r31, r25
    111e:	e3 59       	subi	r30, 0x93	; 147
    1120:	fd 4f       	sbci	r31, 0xFD	; 253
    1122:	11 82       	std	Z+1, r1	; 0x01
    1124:	10 82       	st	Z, r1

	RTOS_Tasks[Copy_u8Priority].Periodicity = 0U;
    1126:	12 82       	std	Z+2, r1	; 0x02
    1128:	13 82       	std	Z+3, r1	; 0x03
    112a:	14 82       	std	Z+4, r1	; 0x04
    112c:	15 82       	std	Z+5, r1	; 0x05

	RTOS_Tasks[Copy_u8Priority].FirstDelay = 0U;
    112e:	16 82       	std	Z+6, r1	; 0x06
    1130:	17 82       	std	Z+7, r1	; 0x07
    1132:	10 86       	std	Z+8, r1	; 0x08
    1134:	11 86       	std	Z+9, r1	; 0x09

	RTOS_Tasks[Copy_u8Priority].Counter = 0U;
    1136:	12 86       	std	Z+10, r1	; 0x0a
    1138:	13 86       	std	Z+11, r1	; 0x0b
    113a:	14 86       	std	Z+12, r1	; 0x0c
    113c:	15 86       	std	Z+13, r1	; 0x0d

	RTOS_Tasks[Copy_u8Priority].State = RTOS_TASK_SUSPENDED;
    113e:	16 86       	std	Z+14, r1	; 0x0e
    1140:	80 e0       	ldi	r24, 0x00	; 0

	return RTOS_OK;
}
    1142:	08 95       	ret

	return RTOS_OK;
}

u8 RTOS_u8DeleteTask(u8 Copy_u8Priority) {
	if (Copy_u8Priority >= RTOS_MAX_TASKS) {
    1144:	81 e0       	ldi	r24, 0x01	; 1
    1146:	08 95       	ret

00001148 <RTOS_u8SuspendTask>:

	return RTOS_OK;
}

u8 RTOS_u8SuspendTask(u8 Copy_u8Priority) {
	if (Copy_u8Priority >= RTOS_MAX_TASKS) {
    1148:	85 30       	cpi	r24, 0x05	; 5
    114a:	90 f4       	brcc	.+36     	; 0x1170 <RTOS_u8SuspendTask+0x28>
		return RTOS_ERROR;
	}

	RTOS_Tasks[Copy_u8Priority].State = RTOS_TASK_SUSPENDED;
    114c:	90 e0       	ldi	r25, 0x00	; 0
    114e:	fc 01       	movw	r30, r24
    1150:	ee 0f       	add	r30, r30
    1152:	ff 1f       	adc	r31, r31
    1154:	e8 0f       	add	r30, r24
    1156:	f9 1f       	adc	r31, r25
    1158:	cf 01       	movw	r24, r30
    115a:	88 0f       	add	r24, r24
    115c:	99 1f       	adc	r25, r25
    115e:	88 0f       	add	r24, r24
    1160:	99 1f       	adc	r25, r25
    1162:	e8 0f       	add	r30, r24
    1164:	f9 1f       	adc	r31, r25
    1166:	e3 59       	subi	r30, 0x93	; 147
    1168:	fd 4f       	sbci	r31, 0xFD	; 253
    116a:	16 86       	std	Z+14, r1	; 0x0e
    116c:	80 e0       	ldi	r24, 0x00	; 0

	return RTOS_OK;
}
    116e:	08 95       	ret

	return RTOS_OK;
}

u8 RTOS_u8SuspendTask(u8 Copy_u8Priority) {
	if (Copy_u8Priority >= RTOS_MAX_TASKS) {
    1170:	81 e0       	ldi	r24, 0x01	; 1
    1172:	08 95       	ret

00001174 <RTOS_u8ResumeTask>:

	return RTOS_OK;
}

u8 RTOS_u8ResumeTask(u8 Copy_u8Priority) {
	if (Copy_u8Priority >= RTOS_MAX_TASKS) {
    1174:	85 30       	cpi	r24, 0x05	; 5
    1176:	b8 f4       	brcc	.+46     	; 0x11a6 <RTOS_u8ResumeTask+0x32>
		return RTOS_ERROR;
	}

	if (RTOS_Tasks[Copy_u8Priority].TaskFunction == NULL) {
    1178:	90 e0       	ldi	r25, 0x00	; 0
    117a:	9c 01       	movw	r18, r24
    117c:	22 0f       	add	r18, r18
    117e:	33 1f       	adc	r19, r19
    1180:	28 0f       	add	r18, r24
    1182:	39 1f       	adc	r19, r25
    1184:	f9 01       	movw	r30, r18
    1186:	ee 0f       	add	r30, r30
    1188:	ff 1f       	adc	r31, r31
    118a:	ee 0f       	add	r30, r30
    118c:	ff 1f       	adc	r31, r31
    118e:	e2 0f       	add	r30, r18
    1190:	f3 1f       	adc	r31, r19
    1192:	e3 59       	subi	r30, 0x93	; 147
    1194:	fd 4f       	sbci	r31, 0xFD	; 253
    1196:	80 81       	ld	r24, Z
    1198:	91 81       	ldd	r25, Z+1	; 0x01
    119a:	89 2b       	or	r24, r25
    119c:	21 f0       	breq	.+8      	; 0x11a6 <RTOS_u8ResumeTask+0x32>
		return RTOS_ERROR;
	}

	RTOS_Tasks[Copy_u8Priority].State = RTOS_TASK_READY;
    119e:	81 e0       	ldi	r24, 0x01	; 1
    11a0:	86 87       	std	Z+14, r24	; 0x0e
    11a2:	80 e0       	ldi	r24, 0x00	; 0
    11a4:	08 95       	ret

	return RTOS_OK;
    11a6:	81 e0       	ldi	r24, 0x01	; 1
}
    11a8:	08 95       	ret

000011aa <RTOS_voidStart>:

void RTOS_voidStart(void) {
    11aa:	cf 93       	push	r28
    11ac:	df 93       	push	r29
	while (1) {
		if (RTOS_u8SchedulerFlag == 1U) {
    11ae:	80 91 6c 02 	lds	r24, 0x026C
    11b2:	81 30       	cpi	r24, 0x01	; 1
    11b4:	e1 f7       	brne	.-8      	; 0x11ae <RTOS_voidStart+0x4>
			RTOS_u8SchedulerFlag = 0U;
    11b6:	10 92 6c 02 	sts	0x026C, r1
    11ba:	cd e6       	ldi	r28, 0x6D	; 109
    11bc:	d2 e0       	ldi	r29, 0x02	; 2
static void RTOS_voidScheduler(void) {
	u8 Local_u8TaskIndex;

	for (Local_u8TaskIndex = 0U; Local_u8TaskIndex < RTOS_MAX_TASKS;
			Local_u8TaskIndex++) {
		if (RTOS_Tasks[Local_u8TaskIndex].State ==
    11be:	8e 85       	ldd	r24, Y+14	; 0x0e
    11c0:	81 30       	cpi	r24, 0x01	; 1
    11c2:	41 f0       	breq	.+16     	; 0x11d4 <RTOS_voidStart+0x2a>
		RTOS_TASK_READY) {
			if (RTOS_Tasks[Local_u8TaskIndex].Counter == 0U) {
				RTOS_Tasks[Local_u8TaskIndex].TaskFunction();

				RTOS_Tasks[Local_u8TaskIndex].Counter =
    11c4:	2f 96       	adiw	r28, 0x0f	; 15
static volatile u8 RTOS_u8SchedulerFlag = 0U;

static void RTOS_voidScheduler(void) {
	u8 Local_u8TaskIndex;

	for (Local_u8TaskIndex = 0U; Local_u8TaskIndex < RTOS_MAX_TASKS;
    11c6:	82 e0       	ldi	r24, 0x02	; 2
    11c8:	c8 3b       	cpi	r28, 0xB8	; 184
    11ca:	d8 07       	cpc	r29, r24
    11cc:	81 f3       	breq	.-32     	; 0x11ae <RTOS_voidStart+0x4>
			Local_u8TaskIndex++) {
		if (RTOS_Tasks[Local_u8TaskIndex].State ==
    11ce:	8e 85       	ldd	r24, Y+14	; 0x0e
    11d0:	81 30       	cpi	r24, 0x01	; 1
    11d2:	c1 f7       	brne	.-16     	; 0x11c4 <RTOS_voidStart+0x1a>
		RTOS_TASK_READY) {
			if (RTOS_Tasks[Local_u8TaskIndex].Counter == 0U) {
    11d4:	8a 85       	ldd	r24, Y+10	; 0x0a
    11d6:	9b 85       	ldd	r25, Y+11	; 0x0b
    11d8:	ac 85       	ldd	r26, Y+12	; 0x0c
    11da:	bd 85       	ldd	r27, Y+13	; 0x0d
    11dc:	00 97       	sbiw	r24, 0x00	; 0
    11de:	a1 05       	cpc	r26, r1
    11e0:	b1 05       	cpc	r27, r1
    11e2:	81 f7       	brne	.-32     	; 0x11c4 <RTOS_voidStart+0x1a>
				RTOS_Tasks[Local_u8TaskIndex].TaskFunction();
    11e4:	e8 81       	ld	r30, Y
    11e6:	f9 81       	ldd	r31, Y+1	; 0x01
    11e8:	09 95       	icall

				RTOS_Tasks[Local_u8TaskIndex].Counter =
    11ea:	8a 81       	ldd	r24, Y+2	; 0x02
    11ec:	9b 81       	ldd	r25, Y+3	; 0x03
    11ee:	ac 81       	ldd	r26, Y+4	; 0x04
    11f0:	bd 81       	ldd	r27, Y+5	; 0x05
    11f2:	8a 87       	std	Y+10, r24	; 0x0a
    11f4:	9b 87       	std	Y+11, r25	; 0x0b
    11f6:	ac 87       	std	Y+12, r26	; 0x0c
    11f8:	bd 87       	std	Y+13, r27	; 0x0d
    11fa:	e4 cf       	rjmp	.-56     	; 0x11c4 <RTOS_voidStart+0x1a>

000011fc <RTOS_voidSchedulerTick>:
			RTOS_voidScheduler();
		}
	}
}

void RTOS_voidSchedulerTick(void) {
    11fc:	e7 e7       	ldi	r30, 0x77	; 119
    11fe:	f2 e0       	ldi	r31, 0x02	; 2
	u8 Local_u8TaskIndex;

	for (Local_u8TaskIndex = 0U; Local_u8TaskIndex < RTOS_MAX_TASKS;
			Local_u8TaskIndex++) {
		if (RTOS_Tasks[Local_u8TaskIndex].State ==
    1200:	84 81       	ldd	r24, Z+4	; 0x04
    1202:	81 30       	cpi	r24, 0x01	; 1
    1204:	49 f0       	breq	.+18     	; 0x1218 <RTOS_voidSchedulerTick+0x1c>
		RTOS_TASK_READY) {
			if (RTOS_Tasks[Local_u8TaskIndex].Counter > 0U) {
				RTOS_Tasks[Local_u8TaskIndex].Counter--;
    1206:	3f 96       	adiw	r30, 0x0f	; 15
}

void RTOS_voidSchedulerTick(void) {
	u8 Local_u8TaskIndex;

	for (Local_u8TaskIndex = 0U; Local_u8TaskIndex < RTOS_MAX_TASKS;
    1208:	82 e0       	ldi	r24, 0x02	; 2
    120a:	e2 3c       	cpi	r30, 0xC2	; 194
    120c:	f8 07       	cpc	r31, r24
    120e:	c1 f7       	brne	.-16     	; 0x1200 <RTOS_voidSchedulerTick+0x4>
				RTOS_Tasks[Local_u8TaskIndex].Counter--;
			}
		}
	}

	RTOS_u8SchedulerFlag = 1U;
    1210:	81 e0       	ldi	r24, 0x01	; 1
    1212:	80 93 6c 02 	sts	0x026C, r24
}
    1216:	08 95       	ret

	for (Local_u8TaskIndex = 0U; Local_u8TaskIndex < RTOS_MAX_TASKS;
			Local_u8TaskIndex++) {
		if (RTOS_Tasks[Local_u8TaskIndex].State ==
		RTOS_TASK_READY) {
			if (RTOS_Tasks[Local_u8TaskIndex].Counter > 0U) {
    1218:	80 81       	ld	r24, Z
    121a:	91 81       	ldd	r25, Z+1	; 0x01
    121c:	a2 81       	ldd	r26, Z+2	; 0x02
    121e:	b3 81       	ldd	r27, Z+3	; 0x03
    1220:	00 97       	sbiw	r24, 0x00	; 0
    1222:	a1 05       	cpc	r26, r1
    1224:	b1 05       	cpc	r27, r1
    1226:	79 f3       	breq	.-34     	; 0x1206 <RTOS_voidSchedulerTick+0xa>
				RTOS_Tasks[Local_u8TaskIndex].Counter--;
    1228:	01 97       	sbiw	r24, 0x01	; 1
    122a:	a1 09       	sbc	r26, r1
    122c:	b1 09       	sbc	r27, r1
    122e:	80 83       	st	Z, r24
    1230:	91 83       	std	Z+1, r25	; 0x01
    1232:	a2 83       	std	Z+2, r26	; 0x02
    1234:	b3 83       	std	Z+3, r27	; 0x03
    1236:	e7 cf       	rjmp	.-50     	; 0x1206 <RTOS_voidSchedulerTick+0xa>

00001238 <RTOS_voidInit>:
			}
		}
	}
}

void RTOS_voidInit(void) {
    1238:	ed e6       	ldi	r30, 0x6D	; 109
    123a:	f2 e0       	ldi	r31, 0x02	; 2
	u8 Local_u8TaskIndex;

	for (Local_u8TaskIndex = 0U; Local_u8TaskIndex < RTOS_MAX_TASKS;
			Local_u8TaskIndex++) {
		RTOS_Tasks[Local_u8TaskIndex].TaskFunction = NULL;
    123c:	11 82       	std	Z+1, r1	; 0x01
    123e:	10 82       	st	Z, r1
		RTOS_Tasks[Local_u8TaskIndex].Periodicity = 0U;
    1240:	12 82       	std	Z+2, r1	; 0x02
    1242:	13 82       	std	Z+3, r1	; 0x03
    1244:	14 82       	std	Z+4, r1	; 0x04
    1246:	15 82       	std	Z+5, r1	; 0x05
		RTOS_Tasks[Local_u8TaskIndex].FirstDelay = 0U;
    1248:	16 82       	std	Z+6, r1	; 0x06
    124a:	17 82       	std	Z+7, r1	; 0x07
    124c:	10 86       	std	Z+8, r1	; 0x08
    124e:	11 86       	std	Z+9, r1	; 0x09
		RTOS_Tasks[Local_u8TaskIndex].Counter = 0U;
    1250:	12 86       	std	Z+10, r1	; 0x0a
    1252:	13 86       	std	Z+11, r1	; 0x0b
    1254:	14 86       	std	Z+12, r1	; 0x0c
    1256:	15 86       	std	Z+13, r1	; 0x0d
		RTOS_Tasks[Local_u8TaskIndex].State = RTOS_TASK_SUSPENDED;
    1258:	16 86       	std	Z+14, r1	; 0x0e
    125a:	3f 96       	adiw	r30, 0x0f	; 15
}

void RTOS_voidInit(void) {
	u8 Local_u8TaskIndex;

	for (Local_u8TaskIndex = 0U; Local_u8TaskIndex < RTOS_MAX_TASKS;
    125c:	82 e0       	ldi	r24, 0x02	; 2
    125e:	e8 3b       	cpi	r30, 0xB8	; 184
    1260:	f8 07       	cpc	r31, r24
    1262:	61 f7       	brne	.-40     	; 0x123c <RTOS_voidInit+0x4>
		RTOS_Tasks[Local_u8TaskIndex].FirstDelay = 0U;
		RTOS_Tasks[Local_u8TaskIndex].Counter = 0U;
		RTOS_Tasks[Local_u8TaskIndex].State = RTOS_TASK_SUSPENDED;
	}

	RTOS_u8SchedulerFlag = 0U;
    1264:	10 92 6c 02 	sts	0x026C, r1

    MTIMER_voidInit();
    1268:	0e 94 37 0b 	call	0x166e	; 0x166e <MTIMER_voidInit>

    MTIMER_u8SetCompareCallback(MTIMER_TIMER2, RTOS_voidSchedulerTick);
    126c:	82 e0       	ldi	r24, 0x02	; 2
    126e:	6e ef       	ldi	r22, 0xFE	; 254
    1270:	78 e0       	ldi	r23, 0x08	; 8
    1272:	0e 94 62 0b 	call	0x16c4	; 0x16c4 <MTIMER_u8SetCompareCallback>
}
    1276:	08 95       	ret

00001278 <DDS_voidInit>:
/* ====================================================================
 *  Initialization
 * ==================================================================== */
void DDS_voidInit(void) {
  /* ---- Configure PD5 (OC1A) as output for PWM DAC ---- */
  SET_BIT(DDRD, 5U);
    1278:	8d 9a       	sbi	0x11, 5	; 17

  /* ---- Configure PD4 as output for raw Square/Sync wave ---- */
  SET_BIT(DDS_SYNC_DDR, DDS_SYNC_PIN);
    127a:	8c 9a       	sbi	0x11, 4	; 17
  CLR_BIT(DDS_SYNC_PORT, DDS_SYNC_PIN);
    127c:	94 98       	cbi	0x12, 4	; 18

  /* ---- Timer1: 8-bit Fast PWM mode on OC1A (PD5) ---- */
  TCCR1A = DDS_TCCR1A_CONFIG;
    127e:	81 e8       	ldi	r24, 0x81	; 129
    1280:	8f bd       	out	0x2f, r24	; 47
  TCCR1B = DDS_TCCR1B_CONFIG;
    1282:	89 e0       	ldi	r24, 0x09	; 9
    1284:	8e bd       	out	0x2e, r24	; 46
  TCNT1 = 0U;
    1286:	1d bc       	out	0x2d, r1	; 45
    1288:	1c bc       	out	0x2c, r1	; 44
  OCR1A = 128U; /* Mid-scale (0V DC offset) */
    128a:	80 e8       	ldi	r24, 0x80	; 128
    128c:	90 e0       	ldi	r25, 0x00	; 0
    128e:	9b bd       	out	0x2b, r25	; 43
    1290:	8a bd       	out	0x2a, r24	; 42

  /* Enable Timer1 Overflow interrupt (Sample Clock directly tied to PWM cycle) */
  SET_BIT(TIMSK, TOIE1);
    1292:	89 b7       	in	r24, 0x39	; 57
    1294:	84 60       	ori	r24, 0x04	; 4
    1296:	89 bf       	out	0x39, r24	; 57

  /* ---- Set default waveform and frequency ---- */
  s_u8WaveType = DDS_WAVE_SINE;
    1298:	10 92 c0 02 	sts	0x02C0, r1
  s_u32CurrentFreqHz = DDS_FREQ_DEFAULT;
    129c:	88 ee       	ldi	r24, 0xE8	; 232
    129e:	93 e0       	ldi	r25, 0x03	; 3
    12a0:	a0 e0       	ldi	r26, 0x00	; 0
    12a2:	b0 e0       	ldi	r27, 0x00	; 0
    12a4:	80 93 ce 01 	sts	0x01CE, r24
    12a8:	90 93 cf 01 	sts	0x01CF, r25
    12ac:	a0 93 d0 01 	sts	0x01D0, r26
    12b0:	b0 93 d1 01 	sts	0x01D1, r27
  s_u32PhaseInc = DDS_u32CalcPhaseInc(DDS_FREQ_DEFAULT);
    12b4:	89 ee       	ldi	r24, 0xE9	; 233
    12b6:	96 e2       	ldi	r25, 0x26	; 38
    12b8:	a1 e3       	ldi	r26, 0x31	; 49
    12ba:	b8 e0       	ldi	r27, 0x08	; 8
    12bc:	80 93 bc 02 	sts	0x02BC, r24
    12c0:	90 93 bd 02 	sts	0x02BD, r25
    12c4:	a0 93 be 02 	sts	0x02BE, r26
    12c8:	b0 93 bf 02 	sts	0x02BF, r27
  s_u32PhaseAcc = 0;
    12cc:	10 92 b8 02 	sts	0x02B8, r1
    12d0:	10 92 b9 02 	sts	0x02B9, r1
    12d4:	10 92 ba 02 	sts	0x02BA, r1
    12d8:	10 92 bb 02 	sts	0x02BB, r1
}
    12dc:	08 95       	ret

000012de <DDS_voidSetWaveform>:

/* ====================================================================
 *  Waveform Control
 * ==================================================================== */
void DDS_voidSetWaveform(u8 Copy_u8WaveType) {
  if (Copy_u8WaveType < DDS_WAVE_COUNT) {
    12de:	85 30       	cpi	r24, 0x05	; 5
    12e0:	28 f4       	brcc	.+10     	; 0x12ec <DDS_voidSetWaveform+0xe>
    s_u8WaveType = Copy_u8WaveType;
    12e2:	80 93 c0 02 	sts	0x02C0, r24
    
    /* Ensure sync pin is cleared if not generating a square wave */
    if (Copy_u8WaveType != DDS_WAVE_SQUARE) {
    12e6:	82 30       	cpi	r24, 0x02	; 2
    12e8:	09 f0       	breq	.+2      	; 0x12ec <DDS_voidSetWaveform+0xe>
      CLR_BIT(DDS_SYNC_PORT, DDS_SYNC_PIN);
    12ea:	94 98       	cbi	0x12, 4	; 18
    12ec:	08 95       	ret

000012ee <DDS_u8GetWaveform>:
    }
  }
}

u8 DDS_u8GetWaveform(void) { return s_u8WaveType; }
    12ee:	80 91 c0 02 	lds	r24, 0x02C0
    12f2:	08 95       	ret

000012f4 <DDS_voidCycleWaveform>:

void DDS_voidCycleWaveform(void) {
  u8 local_u8Next = s_u8WaveType + 1U;
    12f4:	80 91 c0 02 	lds	r24, 0x02C0
    12f8:	8f 5f       	subi	r24, 0xFF	; 255
  if (local_u8Next >= DDS_WAVE_COUNT) {
    12fa:	85 30       	cpi	r24, 0x05	; 5
    12fc:	08 f0       	brcs	.+2      	; 0x1300 <DDS_voidCycleWaveform+0xc>
    12fe:	80 e0       	ldi	r24, 0x00	; 0
    local_u8Next = 0U;
  }
  DDS_voidSetWaveform(local_u8Next);
    1300:	0e 94 6f 09 	call	0x12de	; 0x12de <DDS_voidSetWaveform>
}
    1304:	08 95       	ret

00001306 <DDS_pcGetWaveformName>:

const char *DDS_pcGetWaveformName(void) { return s_acWaveNames[s_u8WaveType]; }
    1306:	20 91 c0 02 	lds	r18, 0x02C0
    130a:	89 e0       	ldi	r24, 0x09	; 9
    130c:	28 9f       	mul	r18, r24
    130e:	90 01       	movw	r18, r0
    1310:	11 24       	eor	r1, r1
    1312:	24 52       	subi	r18, 0x24	; 36
    1314:	3e 4f       	sbci	r19, 0xFE	; 254
    1316:	c9 01       	movw	r24, r18
    1318:	08 95       	ret

0000131a <DDS_voidSetFrequency>:

/* ====================================================================
 *  Frequency Control
 * ==================================================================== */
void DDS_voidSetFrequency(u32 Copy_u32FreqHz) {
    131a:	6f 92       	push	r6
    131c:	7f 92       	push	r7
    131e:	8f 92       	push	r8
    1320:	9f 92       	push	r9
    1322:	af 92       	push	r10
    1324:	bf 92       	push	r11
    1326:	cf 92       	push	r12
    1328:	df 92       	push	r13
    132a:	ef 92       	push	r14
    132c:	ff 92       	push	r15
    132e:	0f 93       	push	r16
    1330:	1f 93       	push	r17
    1332:	3b 01       	movw	r6, r22
    1334:	4c 01       	movw	r8, r24
  /* Clamp to valid range */
  if (Copy_u32FreqHz < DDS_FREQ_MIN) {
    1336:	61 15       	cp	r22, r1
    1338:	71 05       	cpc	r23, r1
    133a:	81 05       	cpc	r24, r1
    133c:	91 05       	cpc	r25, r1
    133e:	09 f0       	breq	.+2      	; 0x1342 <DDS_voidSetFrequency+0x28>
    1340:	40 c0       	rjmp	.+128    	; 0x13c2 <DDS_voidSetFrequency+0xa8>
    1342:	b1 e0       	ldi	r27, 0x01	; 1
    1344:	6b 2e       	mov	r6, r27
    1346:	71 2c       	mov	r7, r1
    1348:	81 2c       	mov	r8, r1
    134a:	91 2c       	mov	r9, r1
    Copy_u32FreqHz = DDS_FREQ_MIN;
  }
  if (Copy_u32FreqHz > DDS_FREQ_MAX) {
    134c:	64 01       	movw	r12, r8
    134e:	53 01       	movw	r10, r6
    1350:	93 01       	movw	r18, r6
    1352:	a6 01       	movw	r20, r12
    1354:	60 e0       	ldi	r22, 0x00	; 0
    1356:	70 e0       	ldi	r23, 0x00	; 0
    1358:	80 e0       	ldi	r24, 0x00	; 0
    135a:	90 e0       	ldi	r25, 0x00	; 0
    135c:	08 e2       	ldi	r16, 0x28	; 40
    135e:	0e 94 49 01 	call	0x292	; 0x292 <__ashldi3>
    1362:	aa 24       	eor	r10, r10
    1364:	f2 e1       	ldi	r31, 0x12	; 18
    1366:	bf 2e       	mov	r11, r31
    1368:	ea e7       	ldi	r30, 0x7A	; 122
    136a:	ce 2e       	mov	r12, r30
    136c:	dd 24       	eor	r13, r13
    136e:	ee 24       	eor	r14, r14
    1370:	ff 24       	eor	r15, r15
    1372:	00 e0       	ldi	r16, 0x00	; 0
    1374:	10 e0       	ldi	r17, 0x00	; 0
    1376:	0e 94 c8 01 	call	0x390	; 0x390 <__udivdi3>
    137a:	c9 01       	movw	r24, r18
    137c:	da 01       	movw	r26, r20
    137e:	9c 01       	movw	r18, r24
    1380:	ad 01       	movw	r20, r26
    Copy_u32FreqHz = DDS_FREQ_MAX;
  }

  s_u32CurrentFreqHz = Copy_u32FreqHz;
    1382:	60 92 ce 01 	sts	0x01CE, r6
    1386:	70 92 cf 01 	sts	0x01CF, r7
    138a:	80 92 d0 01 	sts	0x01D0, r8
    138e:	90 92 d1 01 	sts	0x01D1, r9
  u32 local_u32NewInc = DDS_u32CalcPhaseInc(Copy_u32FreqHz);

  /* Atomic write — the ISR reads s_u32PhaseInc as a 32-bit value,
   * and on an 8-bit AVR this is NOT atomic (4 byte reads).
   * We must disable interrupts briefly. */
  u8 local_u8Sreg = SREG;
    1392:	8f b7       	in	r24, 0x3f	; 63
  cli();
    1394:	f8 94       	cli
  s_u32PhaseInc = local_u32NewInc;
    1396:	20 93 bc 02 	sts	0x02BC, r18
    139a:	30 93 bd 02 	sts	0x02BD, r19
    139e:	40 93 be 02 	sts	0x02BE, r20
    13a2:	50 93 bf 02 	sts	0x02BF, r21
  SREG = local_u8Sreg;
    13a6:	8f bf       	out	0x3f, r24	; 63
}
    13a8:	1f 91       	pop	r17
    13aa:	0f 91       	pop	r16
    13ac:	ff 90       	pop	r15
    13ae:	ef 90       	pop	r14
    13b0:	df 90       	pop	r13
    13b2:	cf 90       	pop	r12
    13b4:	bf 90       	pop	r11
    13b6:	af 90       	pop	r10
    13b8:	9f 90       	pop	r9
    13ba:	8f 90       	pop	r8
    13bc:	7f 90       	pop	r7
    13be:	6f 90       	pop	r6
    13c0:	08 95       	ret
void DDS_voidSetFrequency(u32 Copy_u32FreqHz) {
  /* Clamp to valid range */
  if (Copy_u32FreqHz < DDS_FREQ_MIN) {
    Copy_u32FreqHz = DDS_FREQ_MIN;
  }
  if (Copy_u32FreqHz > DDS_FREQ_MAX) {
    13c2:	81 e2       	ldi	r24, 0x21	; 33
    13c4:	68 16       	cp	r6, r24
    13c6:	8e e4       	ldi	r24, 0x4E	; 78
    13c8:	78 06       	cpc	r7, r24
    13ca:	80 e0       	ldi	r24, 0x00	; 0
    13cc:	88 06       	cpc	r8, r24
    13ce:	80 e0       	ldi	r24, 0x00	; 0
    13d0:	98 06       	cpc	r9, r24
    13d2:	08 f4       	brcc	.+2      	; 0x13d6 <DDS_voidSetFrequency+0xbc>
    13d4:	bb cf       	rjmp	.-138    	; 0x134c <DDS_voidSetFrequency+0x32>
    13d6:	a0 e2       	ldi	r26, 0x20	; 32
    13d8:	6a 2e       	mov	r6, r26
    13da:	ae e4       	ldi	r26, 0x4E	; 78
    13dc:	7a 2e       	mov	r7, r26
    13de:	81 2c       	mov	r8, r1
    13e0:	91 2c       	mov	r9, r1
    13e2:	2d e3       	ldi	r18, 0x3D	; 61
    13e4:	3a e0       	ldi	r19, 0x0A	; 10
    13e6:	47 ed       	ldi	r20, 0xD7	; 215
    13e8:	53 ea       	ldi	r21, 0xA3	; 163
    13ea:	cb cf       	rjmp	.-106    	; 0x1382 <DDS_voidSetFrequency+0x68>

000013ec <DDS_u32GetFrequency>:
  cli();
  s_u32PhaseInc = local_u32NewInc;
  SREG = local_u8Sreg;
}

u32 DDS_u32GetFrequency(void) { return s_u32CurrentFreqHz; }
    13ec:	60 91 ce 01 	lds	r22, 0x01CE
    13f0:	70 91 cf 01 	lds	r23, 0x01CF
    13f4:	80 91 d0 01 	lds	r24, 0x01D0
    13f8:	90 91 d1 01 	lds	r25, 0x01D1
    13fc:	08 95       	ret

000013fe <DDS_voidIncrementFrequency>:

void DDS_voidIncrementFrequency(void) {
  u32 local_u32Step = DDS_u32GetStep(s_u32CurrentFreqHz);
    13fe:	20 91 ce 01 	lds	r18, 0x01CE
    1402:	30 91 cf 01 	lds	r19, 0x01CF
    1406:	40 91 d0 01 	lds	r20, 0x01D0
    140a:	50 91 d1 01 	lds	r21, 0x01D1

/* ====================================================================
 *  Private: Get adaptive frequency step size
 * ==================================================================== */
static u32 DDS_u32GetStep(u32 Copy_u32FreqHz) {
  if (Copy_u32FreqHz >= 10000UL) {
    140e:	20 31       	cpi	r18, 0x10	; 16
    1410:	87 e2       	ldi	r24, 0x27	; 39
    1412:	38 07       	cpc	r19, r24
    1414:	80 e0       	ldi	r24, 0x00	; 0
    1416:	48 07       	cpc	r20, r24
    1418:	80 e0       	ldi	r24, 0x00	; 0
    141a:	58 07       	cpc	r21, r24
    141c:	b8 f0       	brcs	.+46     	; 0x144c <DDS_voidIncrementFrequency+0x4e>
    141e:	68 ee       	ldi	r22, 0xE8	; 232
    1420:	73 e0       	ldi	r23, 0x03	; 3
    1422:	80 e0       	ldi	r24, 0x00	; 0
    1424:	90 e0       	ldi	r25, 0x00	; 0

u32 DDS_u32GetFrequency(void) { return s_u32CurrentFreqHz; }

void DDS_voidIncrementFrequency(void) {
  u32 local_u32Step = DDS_u32GetStep(s_u32CurrentFreqHz);
  u32 local_u32NewFreq = s_u32CurrentFreqHz + local_u32Step;
    1426:	62 0f       	add	r22, r18
    1428:	73 1f       	adc	r23, r19
    142a:	84 1f       	adc	r24, r20
    142c:	95 1f       	adc	r25, r21

  if (local_u32NewFreq > DDS_FREQ_MAX) {
    local_u32NewFreq = DDS_FREQ_MAX;
  }

  DDS_voidSetFrequency(local_u32NewFreq);
    142e:	61 32       	cpi	r22, 0x21	; 33
    1430:	2e e4       	ldi	r18, 0x4E	; 78
    1432:	72 07       	cpc	r23, r18
    1434:	20 e0       	ldi	r18, 0x00	; 0
    1436:	82 07       	cpc	r24, r18
    1438:	20 e0       	ldi	r18, 0x00	; 0
    143a:	92 07       	cpc	r25, r18
    143c:	20 f0       	brcs	.+8      	; 0x1446 <DDS_voidIncrementFrequency+0x48>
    143e:	60 e2       	ldi	r22, 0x20	; 32
    1440:	7e e4       	ldi	r23, 0x4E	; 78
    1442:	80 e0       	ldi	r24, 0x00	; 0
    1444:	90 e0       	ldi	r25, 0x00	; 0
    1446:	0e 94 8d 09 	call	0x131a	; 0x131a <DDS_voidSetFrequency>
}
    144a:	08 95       	ret
 *  Private: Get adaptive frequency step size
 * ==================================================================== */
static u32 DDS_u32GetStep(u32 Copy_u32FreqHz) {
  if (Copy_u32FreqHz >= 10000UL) {
    return DDS_STEP_1KHZ;
  } else if (Copy_u32FreqHz >= 1000UL) {
    144c:	28 3e       	cpi	r18, 0xE8	; 232
    144e:	83 e0       	ldi	r24, 0x03	; 3
    1450:	38 07       	cpc	r19, r24
    1452:	80 e0       	ldi	r24, 0x00	; 0
    1454:	48 07       	cpc	r20, r24
    1456:	80 e0       	ldi	r24, 0x00	; 0
    1458:	58 07       	cpc	r21, r24
    145a:	28 f0       	brcs	.+10     	; 0x1466 <DDS_voidIncrementFrequency+0x68>
    145c:	64 e6       	ldi	r22, 0x64	; 100
    145e:	70 e0       	ldi	r23, 0x00	; 0
    1460:	80 e0       	ldi	r24, 0x00	; 0
    1462:	90 e0       	ldi	r25, 0x00	; 0
    1464:	e0 cf       	rjmp	.-64     	; 0x1426 <DDS_voidIncrementFrequency+0x28>
    return DDS_STEP_100HZ;
  } else if (Copy_u32FreqHz >= 100UL) {
    1466:	24 36       	cpi	r18, 0x64	; 100
    1468:	31 05       	cpc	r19, r1
    146a:	41 05       	cpc	r20, r1
    146c:	51 05       	cpc	r21, r1
    146e:	28 f0       	brcs	.+10     	; 0x147a <DDS_voidIncrementFrequency+0x7c>
    1470:	6a e0       	ldi	r22, 0x0A	; 10
    1472:	70 e0       	ldi	r23, 0x00	; 0
    1474:	80 e0       	ldi	r24, 0x00	; 0
    1476:	90 e0       	ldi	r25, 0x00	; 0
    1478:	d6 cf       	rjmp	.-84     	; 0x1426 <DDS_voidIncrementFrequency+0x28>
    147a:	61 e0       	ldi	r22, 0x01	; 1
    147c:	70 e0       	ldi	r23, 0x00	; 0
    147e:	80 e0       	ldi	r24, 0x00	; 0
    1480:	90 e0       	ldi	r25, 0x00	; 0
    1482:	d1 cf       	rjmp	.-94     	; 0x1426 <DDS_voidIncrementFrequency+0x28>

00001484 <DDS_voidDecrementFrequency>:

  DDS_voidSetFrequency(local_u32NewFreq);
}

void DDS_voidDecrementFrequency(void) {
  u32 local_u32Step = DDS_u32GetStep(s_u32CurrentFreqHz);
    1484:	60 91 ce 01 	lds	r22, 0x01CE
    1488:	70 91 cf 01 	lds	r23, 0x01CF
    148c:	80 91 d0 01 	lds	r24, 0x01D0
    1490:	90 91 d1 01 	lds	r25, 0x01D1

/* ====================================================================
 *  Private: Get adaptive frequency step size
 * ==================================================================== */
static u32 DDS_u32GetStep(u32 Copy_u32FreqHz) {
  if (Copy_u32FreqHz >= 10000UL) {
    1494:	60 31       	cpi	r22, 0x10	; 16
    1496:	27 e2       	ldi	r18, 0x27	; 39
    1498:	72 07       	cpc	r23, r18
    149a:	20 e0       	ldi	r18, 0x00	; 0
    149c:	82 07       	cpc	r24, r18
    149e:	20 e0       	ldi	r18, 0x00	; 0
    14a0:	92 07       	cpc	r25, r18
    14a2:	98 f4       	brcc	.+38     	; 0x14ca <DDS_voidDecrementFrequency+0x46>
    return DDS_STEP_1KHZ;
  } else if (Copy_u32FreqHz >= 1000UL) {
    14a4:	68 3e       	cpi	r22, 0xE8	; 232
    14a6:	23 e0       	ldi	r18, 0x03	; 3
    14a8:	72 07       	cpc	r23, r18
    14aa:	20 e0       	ldi	r18, 0x00	; 0
    14ac:	82 07       	cpc	r24, r18
    14ae:	20 e0       	ldi	r18, 0x00	; 0
    14b0:	92 07       	cpc	r25, r18
    14b2:	b0 f0       	brcs	.+44     	; 0x14e0 <DDS_voidDecrementFrequency+0x5c>
    14b4:	24 e6       	ldi	r18, 0x64	; 100
    14b6:	30 e0       	ldi	r19, 0x00	; 0
    14b8:	40 e0       	ldi	r20, 0x00	; 0
    14ba:	50 e0       	ldi	r21, 0x00	; 0
  u32 local_u32Step = DDS_u32GetStep(s_u32CurrentFreqHz);

  if (s_u32CurrentFreqHz <= local_u32Step) {
    DDS_voidSetFrequency(DDS_FREQ_MIN);
  } else {
    DDS_voidSetFrequency(s_u32CurrentFreqHz - local_u32Step);
    14bc:	62 1b       	sub	r22, r18
    14be:	73 0b       	sbc	r23, r19
    14c0:	84 0b       	sbc	r24, r20
    14c2:	95 0b       	sbc	r25, r21
    14c4:	0e 94 8d 09 	call	0x131a	; 0x131a <DDS_voidSetFrequency>
    14c8:	08 95       	ret

void DDS_voidDecrementFrequency(void) {
  u32 local_u32Step = DDS_u32GetStep(s_u32CurrentFreqHz);

  if (s_u32CurrentFreqHz <= local_u32Step) {
    DDS_voidSetFrequency(DDS_FREQ_MIN);
    14ca:	28 ee       	ldi	r18, 0xE8	; 232
    14cc:	33 e0       	ldi	r19, 0x03	; 3
    14ce:	40 e0       	ldi	r20, 0x00	; 0
    14d0:	50 e0       	ldi	r21, 0x00	; 0
  } else {
    DDS_voidSetFrequency(s_u32CurrentFreqHz - local_u32Step);
    14d2:	62 1b       	sub	r22, r18
    14d4:	73 0b       	sbc	r23, r19
    14d6:	84 0b       	sbc	r24, r20
    14d8:	95 0b       	sbc	r25, r21
    14da:	0e 94 8d 09 	call	0x131a	; 0x131a <DDS_voidSetFrequency>
    14de:	08 95       	ret
static u32 DDS_u32GetStep(u32 Copy_u32FreqHz) {
  if (Copy_u32FreqHz >= 10000UL) {
    return DDS_STEP_1KHZ;
  } else if (Copy_u32FreqHz >= 1000UL) {
    return DDS_STEP_100HZ;
  } else if (Copy_u32FreqHz >= 100UL) {
    14e0:	64 36       	cpi	r22, 0x64	; 100
    14e2:	71 05       	cpc	r23, r1
    14e4:	81 05       	cpc	r24, r1
    14e6:	91 05       	cpc	r25, r1
    14e8:	80 f4       	brcc	.+32     	; 0x150a <DDS_voidDecrementFrequency+0x86>
    14ea:	21 e0       	ldi	r18, 0x01	; 1
    14ec:	30 e0       	ldi	r19, 0x00	; 0
    14ee:	40 e0       	ldi	r20, 0x00	; 0
    14f0:	50 e0       	ldi	r21, 0x00	; 0
}

void DDS_voidDecrementFrequency(void) {
  u32 local_u32Step = DDS_u32GetStep(s_u32CurrentFreqHz);

  if (s_u32CurrentFreqHz <= local_u32Step) {
    14f2:	26 17       	cp	r18, r22
    14f4:	37 07       	cpc	r19, r23
    14f6:	48 07       	cpc	r20, r24
    14f8:	59 07       	cpc	r21, r25
    14fa:	58 f3       	brcs	.-42     	; 0x14d2 <DDS_voidDecrementFrequency+0x4e>
    DDS_voidSetFrequency(DDS_FREQ_MIN);
    14fc:	61 e0       	ldi	r22, 0x01	; 1
    14fe:	70 e0       	ldi	r23, 0x00	; 0
    1500:	80 e0       	ldi	r24, 0x00	; 0
    1502:	90 e0       	ldi	r25, 0x00	; 0
    1504:	0e 94 8d 09 	call	0x131a	; 0x131a <DDS_voidSetFrequency>
    1508:	08 95       	ret
static u32 DDS_u32GetStep(u32 Copy_u32FreqHz) {
  if (Copy_u32FreqHz >= 10000UL) {
    return DDS_STEP_1KHZ;
  } else if (Copy_u32FreqHz >= 1000UL) {
    return DDS_STEP_100HZ;
  } else if (Copy_u32FreqHz >= 100UL) {
    150a:	2a e0       	ldi	r18, 0x0A	; 10
    150c:	30 e0       	ldi	r19, 0x00	; 0
    150e:	40 e0       	ldi	r20, 0x00	; 0
    1510:	50 e0       	ldi	r21, 0x00	; 0
    1512:	ef cf       	rjmp	.-34     	; 0x14f2 <DDS_voidDecrementFrequency+0x6e>

00001514 <__vector_9>:
 *    - NO ADC reads
 *    - NO floating-point
 *    - NO loops or string ops
 *    - ONLY: accumulate → index → lookup → output
 * ==================================================================== */
ISR(TIMER1_OVF_vect) {
    1514:	1f 92       	push	r1
    1516:	0f 92       	push	r0
    1518:	0f b6       	in	r0, 0x3f	; 63
    151a:	0f 92       	push	r0
    151c:	11 24       	eor	r1, r1
    151e:	2f 93       	push	r18
    1520:	3f 93       	push	r19
    1522:	4f 93       	push	r20
    1524:	5f 93       	push	r21
    1526:	8f 93       	push	r24
    1528:	9f 93       	push	r25
    152a:	af 93       	push	r26
    152c:	bf 93       	push	r27
    152e:	ef 93       	push	r30
    1530:	ff 93       	push	r31
  /* 1. Advance phase accumulator */
  s_u32PhaseAcc += s_u32PhaseInc;
    1532:	80 91 b8 02 	lds	r24, 0x02B8
    1536:	90 91 b9 02 	lds	r25, 0x02B9
    153a:	a0 91 ba 02 	lds	r26, 0x02BA
    153e:	b0 91 bb 02 	lds	r27, 0x02BB
    1542:	20 91 bc 02 	lds	r18, 0x02BC
    1546:	30 91 bd 02 	lds	r19, 0x02BD
    154a:	40 91 be 02 	lds	r20, 0x02BE
    154e:	50 91 bf 02 	lds	r21, 0x02BF
    1552:	28 0f       	add	r18, r24
    1554:	39 1f       	adc	r19, r25
    1556:	4a 1f       	adc	r20, r26
    1558:	5b 1f       	adc	r21, r27
    155a:	20 93 b8 02 	sts	0x02B8, r18
    155e:	30 93 b9 02 	sts	0x02B9, r19
    1562:	40 93 ba 02 	sts	0x02BA, r20
    1566:	50 93 bb 02 	sts	0x02BB, r21

  /* 2. Extract upper 8 bits as LUT index */
  u8 local_u8Index = (u8)(s_u32PhaseAcc >> DDS_LUT_INDEX_SHIFT);
    156a:	80 91 b8 02 	lds	r24, 0x02B8
    156e:	90 91 b9 02 	lds	r25, 0x02B9
    1572:	a0 91 ba 02 	lds	r26, 0x02BA
    1576:	b0 91 bb 02 	lds	r27, 0x02BB
    157a:	8b 2f       	mov	r24, r27
    157c:	99 27       	eor	r25, r25
    157e:	aa 27       	eor	r26, r26
    1580:	bb 27       	eor	r27, r27
    1582:	e8 2f       	mov	r30, r24

  /* 3. Generate waveform sample based on type */
  u8 local_u8Sample;

  switch (s_u8WaveType) {
    1584:	20 91 c0 02 	lds	r18, 0x02C0
    1588:	22 30       	cpi	r18, 0x02	; 2
    158a:	71 f1       	breq	.+92     	; 0x15e8 <__vector_9+0xd4>
    158c:	23 30       	cpi	r18, 0x03	; 3
    158e:	38 f0       	brcs	.+14     	; 0x159e <__vector_9+0x8a>
    1590:	23 30       	cpi	r18, 0x03	; 3
    1592:	91 f0       	breq	.+36     	; 0x15b8 <__vector_9+0xa4>
    1594:	24 30       	cpi	r18, 0x04	; 4
    1596:	61 f0       	breq	.+24     	; 0x15b0 <__vector_9+0x9c>
    1598:	e0 e8       	ldi	r30, 0x80	; 128
    159a:	f0 e0       	ldi	r31, 0x00	; 0
    159c:	0e c0       	rjmp	.+28     	; 0x15ba <__vector_9+0xa6>
    159e:	22 23       	and	r18, r18
    15a0:	e9 f0       	breq	.+58     	; 0x15dc <__vector_9+0xc8>
    15a2:	21 30       	cpi	r18, 0x01	; 1
    15a4:	c9 f7       	brne	.-14     	; 0x1598 <__vector_9+0x84>
    local_u8Sample = pgm_read_byte(&DDS_au8SineLUT[local_u8Index]);
    break;

  case DDS_WAVE_TRIANGLE:
    /* Rising ramp 0→254 for index 0→127, falling 254→0 for 128→255 */
    if (local_u8Index < 128U) {
    15a6:	87 fd       	sbrc	r24, 7
    15a8:	2d c0       	rjmp	.+90     	; 0x1604 <__vector_9+0xf0>
    15aa:	ee 0f       	add	r30, r30
    15ac:	f0 e0       	ldi	r31, 0x00	; 0
    15ae:	05 c0       	rjmp	.+10     	; 0x15ba <__vector_9+0xa6>
    /* Upper byte of accumulator IS the sawtooth */
    local_u8Sample = local_u8Index;
    break;

  case DDS_WAVE_SADDLE:
    local_u8Sample = pgm_read_byte(&DDS_au8SaddleLUT[local_u8Index]);
    15b0:	f0 e0       	ldi	r31, 0x00	; 0
    15b2:	ec 5a       	subi	r30, 0xAC	; 172
    15b4:	fe 4f       	sbci	r31, 0xFE	; 254
    15b6:	e4 91       	lpm	r30, Z+
    15b8:	f0 e0       	ldi	r31, 0x00	; 0
    local_u8Sample = 128U; /* Mid-scale fallback */
    break;
  }

  /* 4. Output to DAC via Timer1 OCR1A (Fast PWM) */
  OCR1A = local_u8Sample;
    15ba:	fb bd       	out	0x2b, r31	; 43
    15bc:	ea bd       	out	0x2a, r30	; 42
}
    15be:	ff 91       	pop	r31
    15c0:	ef 91       	pop	r30
    15c2:	bf 91       	pop	r27
    15c4:	af 91       	pop	r26
    15c6:	9f 91       	pop	r25
    15c8:	8f 91       	pop	r24
    15ca:	5f 91       	pop	r21
    15cc:	4f 91       	pop	r20
    15ce:	3f 91       	pop	r19
    15d0:	2f 91       	pop	r18
    15d2:	0f 90       	pop	r0
    15d4:	0f be       	out	0x3f, r0	; 63
    15d6:	0f 90       	pop	r0
    15d8:	1f 90       	pop	r1
    15da:	18 95       	reti
  u8 local_u8Sample;

  switch (s_u8WaveType) {

  case DDS_WAVE_SINE:
    local_u8Sample = pgm_read_byte(&DDS_au8SineLUT[local_u8Index]);
    15dc:	f0 e0       	ldi	r31, 0x00	; 0
    15de:	ec 5a       	subi	r30, 0xAC	; 172
    15e0:	ff 4f       	sbci	r31, 0xFF	; 255
    15e2:	e4 91       	lpm	r30, Z+
    15e4:	f0 e0       	ldi	r31, 0x00	; 0
    15e6:	e9 cf       	rjmp	.-46     	; 0x15ba <__vector_9+0xa6>
    }
    break;

  case DDS_WAVE_SQUARE:
    /* MSB of accumulator determines high/low */
    if (s_u32PhaseAcc & DDS_PHASE_MSB_MASK) {
    15e8:	80 91 b8 02 	lds	r24, 0x02B8
    15ec:	90 91 b9 02 	lds	r25, 0x02B9
    15f0:	a0 91 ba 02 	lds	r26, 0x02BA
    15f4:	b0 91 bb 02 	lds	r27, 0x02BB
    15f8:	b7 fd       	sbrc	r27, 7
    15fa:	06 c0       	rjmp	.+12     	; 0x1608 <__vector_9+0xf4>
      local_u8Sample = 255U;
      SET_BIT(DDS_SYNC_PORT, DDS_SYNC_PIN);
    } else {
      local_u8Sample = 0U;
      CLR_BIT(DDS_SYNC_PORT, DDS_SYNC_PIN);
    15fc:	94 98       	cbi	0x12, 4	; 18
    15fe:	e0 e0       	ldi	r30, 0x00	; 0
    1600:	f0 e0       	ldi	r31, 0x00	; 0
    1602:	db cf       	rjmp	.-74     	; 0x15ba <__vector_9+0xa6>
    local_u8Sample = pgm_read_byte(&DDS_au8SineLUT[local_u8Index]);
    break;

  case DDS_WAVE_TRIANGLE:
    /* Rising ramp 0→254 for index 0→127, falling 254→0 for 128→255 */
    if (local_u8Index < 128U) {
    1604:	e0 95       	com	r30
    1606:	d1 cf       	rjmp	.-94     	; 0x15aa <__vector_9+0x96>

  case DDS_WAVE_SQUARE:
    /* MSB of accumulator determines high/low */
    if (s_u32PhaseAcc & DDS_PHASE_MSB_MASK) {
      local_u8Sample = 255U;
      SET_BIT(DDS_SYNC_PORT, DDS_SYNC_PIN);
    1608:	94 9a       	sbi	0x12, 4	; 18
    160a:	ef ef       	ldi	r30, 0xFF	; 255
    160c:	f0 e0       	ldi	r31, 0x00	; 0
    160e:	d5 cf       	rjmp	.-86     	; 0x15ba <__vector_9+0xa6>

00001610 <USART_voidInit>:

void USART_voidInit(void) {
  u16 local_u16Ubrr = USART_PRIVATE_UBRR;

  /* URSEL must be 0 when writing UBRRH */
  UBRRH = (u8)(local_u16Ubrr >> 8U);
    1610:	10 bc       	out	0x20, r1	; 32
  UBRRL = (u8)local_u16Ubrr;
    1612:	83 e3       	ldi	r24, 0x33	; 51
    1614:	89 b9       	out	0x09, r24	; 9

#if (USART_DOUBLE_SPEED == 1U)
  SET_BIT(UCSRA, U2X);
#else
  CLR_BIT(UCSRA, U2X);
    1616:	59 98       	cbi	0x0b, 1	; 11
#endif

  UCSRC = USART_PRIVATE_UCSRC_8N1;
    1618:	86 e8       	ldi	r24, 0x86	; 134
    161a:	80 bd       	out	0x20, r24	; 32
  SET_BIT(UCSRB, RXEN);
    161c:	54 9a       	sbi	0x0a, 4	; 10
  SET_BIT(UCSRB, TXEN);
    161e:	53 9a       	sbi	0x0a, 3	; 10
}
    1620:	08 95       	ret

00001622 <USART_enumTransmit>:

USART_ErrorStatus_t USART_enumTransmit(u8 Copy_u8Data) {
  while (GET_BIT(UCSRA, UDRE) == 0U) {
    1622:	5d 9b       	sbis	0x0b, 5	; 11
    1624:	fe cf       	rjmp	.-4      	; 0x1622 <USART_enumTransmit>
    /* Wait until the transmit buffer is empty */
  }
  UDR = Copy_u8Data;
    1626:	8c b9       	out	0x0c, r24	; 12
  return USART_OK;
}
    1628:	80 e0       	ldi	r24, 0x00	; 0
    162a:	08 95       	ret

0000162c <USART_enumReceive>:

USART_ErrorStatus_t USART_enumReceive(u8 *Copy_pu8Data) {
    162c:	fc 01       	movw	r30, r24
  USART_ErrorStatus_t Local_enumErrorState = USART_OK;

  if (Copy_pu8Data == NULL) {
    162e:	00 97       	sbiw	r24, 0x00	; 0
    1630:	31 f0       	breq	.+12     	; 0x163e <USART_enumReceive+0x12>
    Local_enumErrorState = USART_ERR_NULL_POINTER;
  } else {
    while (GET_BIT(UCSRA, RXC) == 0U) {
    1632:	5f 9b       	sbis	0x0b, 7	; 11
    1634:	fe cf       	rjmp	.-4      	; 0x1632 <USART_enumReceive+0x6>
      /* Wait until a byte is received */
    }
    *Copy_pu8Data = UDR;
    1636:	8c b1       	in	r24, 0x0c	; 12
    1638:	80 83       	st	Z, r24
    163a:	80 e0       	ldi	r24, 0x00	; 0
  }

  return Local_enumErrorState;
}
    163c:	08 95       	ret
}

USART_ErrorStatus_t USART_enumReceive(u8 *Copy_pu8Data) {
  USART_ErrorStatus_t Local_enumErrorState = USART_OK;

  if (Copy_pu8Data == NULL) {
    163e:	81 e0       	ldi	r24, 0x01	; 1
    1640:	08 95       	ret

00001642 <USART_u8IsRxReady>:
  }

  return Local_enumErrorState;
}

u8 USART_u8IsRxReady(void) { return GET_BIT(UCSRA, RXC); }
    1642:	8b b1       	in	r24, 0x0b	; 11
    1644:	88 1f       	adc	r24, r24
    1646:	88 27       	eor	r24, r24
    1648:	88 1f       	adc	r24, r24
    164a:	08 95       	ret

0000164c <USART_enumTransmitString>:

USART_ErrorStatus_t USART_enumTransmitString(const u8 *Copy_pu8String) {
    164c:	fc 01       	movw	r30, r24
  USART_ErrorStatus_t Local_enumErrorState = USART_OK;
  u16 local_u16Idx = 0U;

  if (Copy_pu8String == NULL) {
    164e:	00 97       	sbiw	r24, 0x00	; 0
    1650:	61 f0       	breq	.+24     	; 0x166a <USART_enumTransmitString+0x1e>
    Local_enumErrorState = USART_ERR_NULL_POINTER;
  } else {
    while (Copy_pu8String[local_u16Idx] != '\0') {
    1652:	80 81       	ld	r24, Z
    1654:	88 23       	and	r24, r24
    1656:	39 f0       	breq	.+14     	; 0x1666 <USART_enumTransmitString+0x1a>
  SET_BIT(UCSRB, RXEN);
  SET_BIT(UCSRB, TXEN);
}

USART_ErrorStatus_t USART_enumTransmit(u8 Copy_u8Data) {
  while (GET_BIT(UCSRA, UDRE) == 0U) {
    1658:	5d 9b       	sbis	0x0b, 5	; 11
    165a:	fe cf       	rjmp	.-4      	; 0x1658 <USART_enumTransmitString+0xc>
    /* Wait until the transmit buffer is empty */
  }
  UDR = Copy_u8Data;
    165c:	8c b9       	out	0x0c, r24	; 12
  u16 local_u16Idx = 0U;

  if (Copy_pu8String == NULL) {
    Local_enumErrorState = USART_ERR_NULL_POINTER;
  } else {
    while (Copy_pu8String[local_u16Idx] != '\0') {
    165e:	81 81       	ldd	r24, Z+1	; 0x01
    1660:	31 96       	adiw	r30, 0x01	; 1
    1662:	88 23       	and	r24, r24
    1664:	c9 f7       	brne	.-14     	; 0x1658 <USART_enumTransmitString+0xc>
    1666:	80 e0       	ldi	r24, 0x00	; 0
      local_u16Idx++;
    }
  }

  return Local_enumErrorState;
}
    1668:	08 95       	ret

USART_ErrorStatus_t USART_enumTransmitString(const u8 *Copy_pu8String) {
  USART_ErrorStatus_t Local_enumErrorState = USART_OK;
  u16 local_u16Idx = 0U;

  if (Copy_pu8String == NULL) {
    166a:	81 e0       	ldi	r24, 0x01	; 1
    166c:	08 95       	ret

0000166e <MTIMER_voidInit>:
}
#endif

#if MTIMER_TIMER2_ENABLE
static void MTIMER_voidInitTimer2(void) {
  TCCR2 = MTIMER_PRIVATE_TIMER2_MODE_BITS | MTIMER_PRIVATE_TIMER2_CS_BITS;
    166e:	8c e0       	ldi	r24, 0x0C	; 12
    1670:	85 bd       	out	0x25, r24	; 37
  OCR2 = MTIMER_TIMER2_OCR_VALUE;
    1672:	8c e7       	ldi	r24, 0x7C	; 124
    1674:	83 bd       	out	0x23, r24	; 35
  TCNT2 = 0U;
    1676:	14 bc       	out	0x24, r1	; 36
  SET_BIT(TIMSK, MTIMER_TIMSK_OCIE2_BIT);
    1678:	89 b7       	in	r24, 0x39	; 57
    167a:	80 68       	ori	r24, 0x80	; 128
    167c:	89 bf       	out	0x39, r24	; 57
#endif

  MTIMER_voidEnableGlobal();
}

void MTIMER_voidEnableGlobal(void) { SET_BIT(SREG, 7U); }
    167e:	8f b7       	in	r24, 0x3f	; 63
    1680:	80 68       	ori	r24, 0x80	; 128
    1682:	8f bf       	out	0x3f, r24	; 63
#if MTIMER_TIMER2_ENABLE
  MTIMER_voidInitTimer2();
#endif

  MTIMER_voidEnableGlobal();
}
    1684:	08 95       	ret

00001686 <MTIMER_voidEnableGlobal>:

void MTIMER_voidEnableGlobal(void) { SET_BIT(SREG, 7U); }
    1686:	8f b7       	in	r24, 0x3f	; 63
    1688:	80 68       	ori	r24, 0x80	; 128
    168a:	8f bf       	out	0x3f, r24	; 63
    168c:	08 95       	ret

0000168e <MTIMER_u32GetMillis>:

u32 MTIMER_u32GetMillis(void) {
  u32 local_u32Millis;

  cli();
    168e:	f8 94       	cli
  local_u32Millis = s_u32Millis;
    1690:	20 91 c7 02 	lds	r18, 0x02C7
    1694:	30 91 c8 02 	lds	r19, 0x02C8
    1698:	40 91 c9 02 	lds	r20, 0x02C9
    169c:	50 91 ca 02 	lds	r21, 0x02CA
  sei();
    16a0:	78 94       	sei

  return local_u32Millis;
}
    16a2:	b9 01       	movw	r22, r18
    16a4:	ca 01       	movw	r24, r20
    16a6:	08 95       	ret

000016a8 <MTIMER_u8SetOverflowCallback>:

u8 MTIMER_u8SetOverflowCallback(u8 Copy_u8TimerId,
                                void (*Copy_pvCallback)(void)) {
  if (Copy_u8TimerId > MTIMER_u8_TIMER2) {
    16a8:	83 30       	cpi	r24, 0x03	; 3
    16aa:	50 f4       	brcc	.+20     	; 0x16c0 <MTIMER_u8SetOverflowCallback+0x18>
    return NOK;
  }

  s_apvOverflowCallbacks[Copy_u8TimerId] = Copy_pvCallback;
    16ac:	e8 2f       	mov	r30, r24
    16ae:	f0 e0       	ldi	r31, 0x00	; 0
    16b0:	ee 0f       	add	r30, r30
    16b2:	ff 1f       	adc	r31, r31
    16b4:	ef 53       	subi	r30, 0x3F	; 63
    16b6:	fd 4f       	sbci	r31, 0xFD	; 253
    16b8:	71 83       	std	Z+1, r23	; 0x01
    16ba:	60 83       	st	Z, r22
    16bc:	80 e0       	ldi	r24, 0x00	; 0
  return OK;
}
    16be:	08 95       	ret
  return local_u32Millis;
}

u8 MTIMER_u8SetOverflowCallback(u8 Copy_u8TimerId,
                                void (*Copy_pvCallback)(void)) {
  if (Copy_u8TimerId > MTIMER_u8_TIMER2) {
    16c0:	81 e0       	ldi	r24, 0x01	; 1
    16c2:	08 95       	ret

000016c4 <MTIMER_u8SetCompareCallback>:
  return OK;
}

u8 MTIMER_u8SetCompareCallback(u8 Copy_u8TimerId,
                               void (*Copy_pvCallback)(void)) {
  if (Copy_u8TimerId > MTIMER_u8_TIMER2) {
    16c4:	83 30       	cpi	r24, 0x03	; 3
    16c6:	50 f4       	brcc	.+20     	; 0x16dc <MTIMER_u8SetCompareCallback+0x18>
    return NOK;
  }

  s_apvCompareCallbacks[Copy_u8TimerId] = Copy_pvCallback;
    16c8:	e8 2f       	mov	r30, r24
    16ca:	f0 e0       	ldi	r31, 0x00	; 0
    16cc:	ee 0f       	add	r30, r30
    16ce:	ff 1f       	adc	r31, r31
    16d0:	e5 53       	subi	r30, 0x35	; 53
    16d2:	fd 4f       	sbci	r31, 0xFD	; 253
    16d4:	71 83       	std	Z+1, r23	; 0x01
    16d6:	60 83       	st	Z, r22
    16d8:	80 e0       	ldi	r24, 0x00	; 0
  return OK;
}
    16da:	08 95       	ret
  return OK;
}

u8 MTIMER_u8SetCompareCallback(u8 Copy_u8TimerId,
                               void (*Copy_pvCallback)(void)) {
  if (Copy_u8TimerId > MTIMER_u8_TIMER2) {
    16dc:	81 e0       	ldi	r24, 0x01	; 1
    16de:	08 95       	ret

000016e0 <MTIMER_u8IsIntervalElapsed>:

  s_apvCompareCallbacks[Copy_u8TimerId] = Copy_pvCallback;
  return OK;
}

u8 MTIMER_u8IsIntervalElapsed(u32 *Copy_pu32LastMs, u16 Copy_u16IntervalMs) {
    16e0:	ef 92       	push	r14
    16e2:	ff 92       	push	r15
    16e4:	0f 93       	push	r16
    16e6:	1f 93       	push	r17
    16e8:	fc 01       	movw	r30, r24
  u32 local_u32NowMs;

  if (Copy_pu32LastMs == NULL) {
    16ea:	00 97       	sbiw	r24, 0x00	; 0
    16ec:	61 f1       	breq	.+88     	; 0x1746 <MTIMER_u8IsIntervalElapsed+0x66>
void MTIMER_voidEnableGlobal(void) { SET_BIT(SREG, 7U); }

u32 MTIMER_u32GetMillis(void) {
  u32 local_u32Millis;

  cli();
    16ee:	f8 94       	cli
  local_u32Millis = s_u32Millis;
    16f0:	e0 90 c7 02 	lds	r14, 0x02C7
    16f4:	f0 90 c8 02 	lds	r15, 0x02C8
    16f8:	00 91 c9 02 	lds	r16, 0x02C9
    16fc:	10 91 ca 02 	lds	r17, 0x02CA
  sei();
    1700:	78 94       	sei
    return PARAM_ERR;
  }

  local_u32NowMs = MTIMER_u32GetMillis();

  if ((local_u32NowMs - *Copy_pu32LastMs) < Copy_u16IntervalMs) {
    1702:	80 81       	ld	r24, Z
    1704:	91 81       	ldd	r25, Z+1	; 0x01
    1706:	a2 81       	ldd	r26, Z+2	; 0x02
    1708:	b3 81       	ldd	r27, Z+3	; 0x03
    170a:	a8 01       	movw	r20, r16
    170c:	97 01       	movw	r18, r14
    170e:	28 1b       	sub	r18, r24
    1710:	39 0b       	sbc	r19, r25
    1712:	4a 0b       	sbc	r20, r26
    1714:	5b 0b       	sbc	r21, r27
    1716:	cb 01       	movw	r24, r22
    1718:	a0 e0       	ldi	r26, 0x00	; 0
    171a:	b0 e0       	ldi	r27, 0x00	; 0
    171c:	28 17       	cp	r18, r24
    171e:	39 07       	cpc	r19, r25
    1720:	4a 07       	cpc	r20, r26
    1722:	5b 07       	cpc	r21, r27
    1724:	50 f0       	brcs	.+20     	; 0x173a <MTIMER_u8IsIntervalElapsed+0x5a>
    return NOK;
  }

  *Copy_pu32LastMs = local_u32NowMs;
    1726:	e0 82       	st	Z, r14
    1728:	f1 82       	std	Z+1, r15	; 0x01
    172a:	02 83       	std	Z+2, r16	; 0x02
    172c:	13 83       	std	Z+3, r17	; 0x03
    172e:	80 e0       	ldi	r24, 0x00	; 0
  return OK;
}
    1730:	1f 91       	pop	r17
    1732:	0f 91       	pop	r16
    1734:	ff 90       	pop	r15
    1736:	ef 90       	pop	r14
    1738:	08 95       	ret
    return PARAM_ERR;
  }

  local_u32NowMs = MTIMER_u32GetMillis();

  if ((local_u32NowMs - *Copy_pu32LastMs) < Copy_u16IntervalMs) {
    173a:	81 e0       	ldi	r24, 0x01	; 1
    return NOK;
  }

  *Copy_pu32LastMs = local_u32NowMs;
  return OK;
}
    173c:	1f 91       	pop	r17
    173e:	0f 91       	pop	r16
    1740:	ff 90       	pop	r15
    1742:	ef 90       	pop	r14
    1744:	08 95       	ret
}

u8 MTIMER_u8IsIntervalElapsed(u32 *Copy_pu32LastMs, u16 Copy_u16IntervalMs) {
  u32 local_u32NowMs;

  if (Copy_pu32LastMs == NULL) {
    1746:	84 e0       	ldi	r24, 0x04	; 4
    return NOK;
  }

  *Copy_pu32LastMs = local_u32NowMs;
  return OK;
}
    1748:	1f 91       	pop	r17
    174a:	0f 91       	pop	r16
    174c:	ff 90       	pop	r15
    174e:	ef 90       	pop	r14
    1750:	08 95       	ret

00001752 <MTIMER_voidDelayMs>:

void MTIMER_voidDelayMs(u16 Copy_u16DelayMs) {
    1752:	ef 92       	push	r14
    1754:	ff 92       	push	r15
    1756:	0f 93       	push	r16
    1758:	1f 93       	push	r17
void MTIMER_voidEnableGlobal(void) { SET_BIT(SREG, 7U); }

u32 MTIMER_u32GetMillis(void) {
  u32 local_u32Millis;

  cli();
    175a:	f8 94       	cli
  local_u32Millis = s_u32Millis;
    175c:	e0 90 c7 02 	lds	r14, 0x02C7
    1760:	f0 90 c8 02 	lds	r15, 0x02C8
    1764:	00 91 c9 02 	lds	r16, 0x02C9
    1768:	10 91 ca 02 	lds	r17, 0x02CA
  sei();
    176c:	78 94       	sei
    176e:	9c 01       	movw	r18, r24
    1770:	40 e0       	ldi	r20, 0x00	; 0
    1772:	50 e0       	ldi	r21, 0x00	; 0
void MTIMER_voidEnableGlobal(void) { SET_BIT(SREG, 7U); }

u32 MTIMER_u32GetMillis(void) {
  u32 local_u32Millis;

  cli();
    1774:	f8 94       	cli
  local_u32Millis = s_u32Millis;
    1776:	80 91 c7 02 	lds	r24, 0x02C7
    177a:	90 91 c8 02 	lds	r25, 0x02C8
    177e:	a0 91 c9 02 	lds	r26, 0x02C9
    1782:	b0 91 ca 02 	lds	r27, 0x02CA
  sei();
    1786:	78 94       	sei
}

void MTIMER_voidDelayMs(u16 Copy_u16DelayMs) {
  u32 local_u32StartMs = MTIMER_u32GetMillis();

  while ((MTIMER_u32GetMillis() - local_u32StartMs) < Copy_u16DelayMs) {
    1788:	8e 19       	sub	r24, r14
    178a:	9f 09       	sbc	r25, r15
    178c:	a0 0b       	sbc	r26, r16
    178e:	b1 0b       	sbc	r27, r17
    1790:	82 17       	cp	r24, r18
    1792:	93 07       	cpc	r25, r19
    1794:	a4 07       	cpc	r26, r20
    1796:	b5 07       	cpc	r27, r21
    1798:	68 f3       	brcs	.-38     	; 0x1774 <MTIMER_voidDelayMs+0x22>
  }
}
    179a:	1f 91       	pop	r17
    179c:	0f 91       	pop	r16
    179e:	ff 90       	pop	r15
    17a0:	ef 90       	pop	r14
    17a2:	08 95       	ret

000017a4 <MTIMER_voidSetCompareIntState>:
  return (((u32)local_u16Overflows << 16) | (u32)local_u16Tcnt1);
}
#endif

void MTIMER_voidSetCompareIntState(u8 Copy_u8TimerId, u8 Copy_u8Enable) {
  switch (Copy_u8TimerId) {
    17a4:	82 30       	cpi	r24, 0x02	; 2
    17a6:	09 f0       	breq	.+2      	; 0x17aa <MTIMER_voidSetCompareIntState+0x6>
    17a8:	08 95       	ret
    ASSIGN_BIT(TIMSK, MTIMER_TIMSK_OCIE1A_BIT, Copy_u8Enable);
    break;
#endif
#if MTIMER_TIMER2_ENABLE
  case MTIMER_u8_TIMER2:
    ASSIGN_BIT(TIMSK, MTIMER_TIMSK_OCIE2_BIT, Copy_u8Enable);
    17aa:	66 23       	and	r22, r22
    17ac:	29 f4       	brne	.+10     	; 0x17b8 <MTIMER_voidSetCompareIntState+0x14>
    17ae:	89 b7       	in	r24, 0x39	; 57
    17b0:	8f 77       	andi	r24, 0x7F	; 127
    17b2:	89 bf       	out	0x39, r24	; 57
    17b4:	89 b7       	in	r24, 0x39	; 57
    17b6:	08 95       	ret
    17b8:	89 b7       	in	r24, 0x39	; 57
    17ba:	80 68       	ori	r24, 0x80	; 128
    17bc:	89 bf       	out	0x39, r24	; 57
    17be:	89 b7       	in	r24, 0x39	; 57
    17c0:	08 95       	ret

000017c2 <__vector_4>:
  }
}
#endif

#if MTIMER_TIMER2_ENABLE
ISR(TIMER2_COMP_vect) {
    17c2:	1f 92       	push	r1
    17c4:	0f 92       	push	r0
    17c6:	0f b6       	in	r0, 0x3f	; 63
    17c8:	0f 92       	push	r0
    17ca:	11 24       	eor	r1, r1
    17cc:	2f 93       	push	r18
    17ce:	3f 93       	push	r19
    17d0:	4f 93       	push	r20
    17d2:	5f 93       	push	r21
    17d4:	6f 93       	push	r22
    17d6:	7f 93       	push	r23
    17d8:	8f 93       	push	r24
    17da:	9f 93       	push	r25
    17dc:	af 93       	push	r26
    17de:	bf 93       	push	r27
    17e0:	ef 93       	push	r30
    17e2:	ff 93       	push	r31
#if (MTIMER_TIMER2_MODE == MTIMER_MODE_CTC)
  s_u32Millis += MTIMER_TICK_MS;
    17e4:	80 91 c7 02 	lds	r24, 0x02C7
    17e8:	90 91 c8 02 	lds	r25, 0x02C8
    17ec:	a0 91 c9 02 	lds	r26, 0x02C9
    17f0:	b0 91 ca 02 	lds	r27, 0x02CA
    17f4:	01 96       	adiw	r24, 0x01	; 1
    17f6:	a1 1d       	adc	r26, r1
    17f8:	b1 1d       	adc	r27, r1
    17fa:	80 93 c7 02 	sts	0x02C7, r24
    17fe:	90 93 c8 02 	sts	0x02C8, r25
    1802:	a0 93 c9 02 	sts	0x02C9, r26
    1806:	b0 93 ca 02 	sts	0x02CA, r27
#endif

  if (s_apvCompareCallbacks[MTIMER_u8_TIMER2] != NULL) {
    180a:	e0 91 cf 02 	lds	r30, 0x02CF
    180e:	f0 91 d0 02 	lds	r31, 0x02D0
    1812:	30 97       	sbiw	r30, 0x00	; 0
    1814:	09 f0       	breq	.+2      	; 0x1818 <__vector_4+0x56>
    s_apvCompareCallbacks[MTIMER_u8_TIMER2]();
    1816:	09 95       	icall
  }
}
    1818:	ff 91       	pop	r31
    181a:	ef 91       	pop	r30
    181c:	bf 91       	pop	r27
    181e:	af 91       	pop	r26
    1820:	9f 91       	pop	r25
    1822:	8f 91       	pop	r24
    1824:	7f 91       	pop	r23
    1826:	6f 91       	pop	r22
    1828:	5f 91       	pop	r21
    182a:	4f 91       	pop	r20
    182c:	3f 91       	pop	r19
    182e:	2f 91       	pop	r18
    1830:	0f 90       	pop	r0
    1832:	0f be       	out	0x3f, r0	; 63
    1834:	0f 90       	pop	r0
    1836:	1f 90       	pop	r1
    1838:	18 95       	reti

0000183a <__vector_5>:

ISR(TIMER2_OVF_vect) {
    183a:	1f 92       	push	r1
    183c:	0f 92       	push	r0
    183e:	0f b6       	in	r0, 0x3f	; 63
    1840:	0f 92       	push	r0
    1842:	11 24       	eor	r1, r1
    1844:	2f 93       	push	r18
    1846:	3f 93       	push	r19
    1848:	4f 93       	push	r20
    184a:	5f 93       	push	r21
    184c:	6f 93       	push	r22
    184e:	7f 93       	push	r23
    1850:	8f 93       	push	r24
    1852:	9f 93       	push	r25
    1854:	af 93       	push	r26
    1856:	bf 93       	push	r27
    1858:	ef 93       	push	r30
    185a:	ff 93       	push	r31
#if (MTIMER_TIMER2_MODE == MTIMER_MODE_NORMAL)
  TCNT2 = 131U; /* Preload for 1ms tick (assuming 64 prescaler) */
  s_u32Millis += MTIMER_TICK_MS;
#endif

  if (s_apvOverflowCallbacks[MTIMER_u8_TIMER2] != NULL) {
    185c:	e0 91 c5 02 	lds	r30, 0x02C5
    1860:	f0 91 c6 02 	lds	r31, 0x02C6
    1864:	30 97       	sbiw	r30, 0x00	; 0
    1866:	09 f0       	breq	.+2      	; 0x186a <__vector_5+0x30>
    s_apvOverflowCallbacks[MTIMER_u8_TIMER2]();
    1868:	09 95       	icall
  }
}
    186a:	ff 91       	pop	r31
    186c:	ef 91       	pop	r30
    186e:	bf 91       	pop	r27
    1870:	af 91       	pop	r26
    1872:	9f 91       	pop	r25
    1874:	8f 91       	pop	r24
    1876:	7f 91       	pop	r23
    1878:	6f 91       	pop	r22
    187a:	5f 91       	pop	r21
    187c:	4f 91       	pop	r20
    187e:	3f 91       	pop	r19
    1880:	2f 91       	pop	r18
    1882:	0f 90       	pop	r0
    1884:	0f be       	out	0x3f, r0	; 63
    1886:	0f 90       	pop	r0
    1888:	1f 90       	pop	r1
    188a:	18 95       	reti

0000188c <SPI_voidInit>:
  SET_BIT(PORTB, PB6);
  /* De-assert SS (HIGH = not selected) */
  SET_BIT(PORTB, PB4);
#else /* SLAVE */
  /* MISO → output (slave sends to master) */
  SET_BIT(DDRB, PB6);
    188c:	be 9a       	sbi	0x17, 6	; 23
  /* SCK, MOSI, SS → inputs */
  CLR_BIT(DDRB, PB7); /* SCK  */
    188e:	bf 98       	cbi	0x17, 7	; 23
  CLR_BIT(DDRB, PB5); /* MOSI */
    1890:	bd 98       	cbi	0x17, 5	; 23
  CLR_BIT(DDRB, PB4); /* /SS  */
    1892:	bc 98       	cbi	0x17, 4	; 23
#endif

  /* ---------------------------------------------------------------
   * Configure SPCR (SPI Control Register)
   * --------------------------------------------------------------- */
  SPCR = SPI_PRIVATE_SPCR_INIT;
    1894:	87 e4       	ldi	r24, 0x47	; 71
    1896:	8d b9       	out	0x0d, r24	; 13
   * Configure SPSR (SPI Status Register) – SPI2X double-speed bit
   * --------------------------------------------------------------- */
#if (SPI_PRIVATE_SPI2X == 1U)
  SET_BIT(SPSR, SPI2X);
#else
  CLR_BIT(SPSR, SPI2X);
    1898:	70 98       	cbi	0x0e, 0	; 14
#endif

  /* Clear SPIF by reading SPSR then SPDR (if set from a previous use) */
  (void)SPSR;
    189a:	8e b1       	in	r24, 0x0e	; 14
  (void)SPDR;
    189c:	8f b1       	in	r24, 0x0f	; 15
}
    189e:	08 95       	ret

000018a0 <SPI_enumTransceive>:

/* -----------------------------------------------------------------------
 * SPI_enumTransceive  – core full-duplex byte transfer
 * --------------------------------------------------------------------- */
SPI_ErrorStatus_t SPI_enumTransceive(u8 Copy_u8TxData, u8 *Copy_pu8RxData) {
    18a0:	98 2f       	mov	r25, r24
    18a2:	fb 01       	movw	r30, r22
  u32 local_u32Timeout;

  if (Copy_pu8RxData == NULL) {
    18a4:	61 15       	cp	r22, r1
    18a6:	71 05       	cpc	r23, r1
    18a8:	d1 f0       	breq	.+52     	; 0x18de <SPI_enumTransceive+0x3e>
    return SPI_ERR_NULL_POINTER;
  }

  /* Check for a write-collision from a previous transfer */
  if (GET_BIT(SPSR, WCOL) == 1U) {
    18aa:	8e b1       	in	r24, 0x0e	; 14
    18ac:	82 95       	swap	r24
    18ae:	86 95       	lsr	r24
    18b0:	86 95       	lsr	r24
    18b2:	83 70       	andi	r24, 0x03	; 3
    18b4:	80 ff       	sbrs	r24, 0
    18b6:	04 c0       	rjmp	.+8      	; 0x18c0 <SPI_enumTransceive+0x20>
    /* Clear WCOL: read SPSR then write SPDR */
    (void)SPSR;
    18b8:	8e b1       	in	r24, 0x0e	; 14
    SPDR = Copy_u8TxData;
    18ba:	9f b9       	out	0x0f, r25	; 15
    18bc:	83 e0       	ldi	r24, 0x03	; 3
    18be:	08 95       	ret
    /* Return error; caller should retry */
    return SPI_ERR_WRITE_COLLISION;
  }

  /* Write data to the shift register; in master mode this starts SCK. */
  SPDR = Copy_u8TxData;
    18c0:	9f b9       	out	0x0f, r25	; 15
    18c2:	80 e0       	ldi	r24, 0x00	; 0
    18c4:	90 e0       	ldi	r25, 0x00	; 0
    18c6:	05 c0       	rjmp	.+10     	; 0x18d2 <SPI_enumTransceive+0x32>

  /* Poll SPIF (transfer-complete flag) */
  local_u32Timeout = 0UL;
  while (GET_BIT(SPSR, SPIF) == 0U) {
    18c8:	01 96       	adiw	r24, 0x01	; 1
    local_u32Timeout++;
    if (local_u32Timeout >= SPI_TIMEOUT_COUNT) {
    18ca:	23 ec       	ldi	r18, 0xC3	; 195
    18cc:	80 35       	cpi	r24, 0x50	; 80
    18ce:	92 07       	cpc	r25, r18
    18d0:	41 f0       	breq	.+16     	; 0x18e2 <SPI_enumTransceive+0x42>
  /* Write data to the shift register; in master mode this starts SCK. */
  SPDR = Copy_u8TxData;

  /* Poll SPIF (transfer-complete flag) */
  local_u32Timeout = 0UL;
  while (GET_BIT(SPSR, SPIF) == 0U) {
    18d2:	77 9b       	sbis	0x0e, 7	; 14
    18d4:	f9 cf       	rjmp	.-14     	; 0x18c8 <SPI_enumTransceive+0x28>

  /*
   * Reading SPSR (which we already checked) and then SPDR clears SPIF
   * automatically per the ATmega32 datasheet.
   */
  *Copy_pu8RxData = SPDR;
    18d6:	8f b1       	in	r24, 0x0f	; 15
    18d8:	80 83       	st	Z, r24
    18da:	80 e0       	ldi	r24, 0x00	; 0

  return SPI_OK;
}
    18dc:	08 95       	ret
 * SPI_enumTransceive  – core full-duplex byte transfer
 * --------------------------------------------------------------------- */
SPI_ErrorStatus_t SPI_enumTransceive(u8 Copy_u8TxData, u8 *Copy_pu8RxData) {
  u32 local_u32Timeout;

  if (Copy_pu8RxData == NULL) {
    18de:	81 e0       	ldi	r24, 0x01	; 1
    18e0:	08 95       	ret

  /* Poll SPIF (transfer-complete flag) */
  local_u32Timeout = 0UL;
  while (GET_BIT(SPSR, SPIF) == 0U) {
    local_u32Timeout++;
    if (local_u32Timeout >= SPI_TIMEOUT_COUNT) {
    18e2:	82 e0       	ldi	r24, 0x02	; 2
    18e4:	08 95       	ret

000018e6 <SPI_enumTransmit>:
}

/* -----------------------------------------------------------------------
 * SPI_enumTransmit  – send one byte, discard received byte
 * --------------------------------------------------------------------- */
SPI_ErrorStatus_t SPI_enumTransmit(u8 Copy_u8TxData) {
    18e6:	df 93       	push	r29
    18e8:	cf 93       	push	r28
    18ea:	0f 92       	push	r0
    18ec:	cd b7       	in	r28, 0x3d	; 61
    18ee:	de b7       	in	r29, 0x3e	; 62
  u8 local_u8Dummy = 0U;
    18f0:	19 82       	std	Y+1, r1	; 0x01
  return SPI_enumTransceive(Copy_u8TxData, &local_u8Dummy);
    18f2:	be 01       	movw	r22, r28
    18f4:	6f 5f       	subi	r22, 0xFF	; 255
    18f6:	7f 4f       	sbci	r23, 0xFF	; 255
    18f8:	0e 94 50 0c 	call	0x18a0	; 0x18a0 <SPI_enumTransceive>
}
    18fc:	0f 90       	pop	r0
    18fe:	cf 91       	pop	r28
    1900:	df 91       	pop	r29
    1902:	08 95       	ret

00001904 <SPI_enumReceive>:
 * SPI_enumReceive  – receive one byte (sends dummy 0x00)
 * NOTE: This function writes 0x00 to SPDR before polling SPIF.
 *       Do NOT use it in Slave mode after pre-loading SPDR with an echo
 *       value – use SPI_enumWaitForTransfer() instead.
 * --------------------------------------------------------------------- */
SPI_ErrorStatus_t SPI_enumReceive(u8 *Copy_pu8RxData) {
    1904:	bc 01       	movw	r22, r24
  if (Copy_pu8RxData == NULL) {
    1906:	00 97       	sbiw	r24, 0x00	; 0
    1908:	21 f0       	breq	.+8      	; 0x1912 <SPI_enumReceive+0xe>
    return SPI_ERR_NULL_POINTER;
  }
  return SPI_enumTransceive(0x00U, Copy_pu8RxData);
    190a:	80 e0       	ldi	r24, 0x00	; 0
    190c:	0e 94 50 0c 	call	0x18a0	; 0x18a0 <SPI_enumTransceive>
}
    1910:	08 95       	ret
 * NOTE: This function writes 0x00 to SPDR before polling SPIF.
 *       Do NOT use it in Slave mode after pre-loading SPDR with an echo
 *       value – use SPI_enumWaitForTransfer() instead.
 * --------------------------------------------------------------------- */
SPI_ErrorStatus_t SPI_enumReceive(u8 *Copy_pu8RxData) {
  if (Copy_pu8RxData == NULL) {
    1912:	81 e0       	ldi	r24, 0x01	; 1
    1914:	08 95       	ret

00001916 <SPI_enumWaitForTransfer>:
 *     1. Polls SPIF until set (or timeout)
 *     2. Reads SPDR to clear SPIF
 *   So any value pre-loaded into SPDR stays there until the master
 *   starts the next SCK cycle and shifts it out.
 * --------------------------------------------------------------------- */
SPI_ErrorStatus_t SPI_enumWaitForTransfer(u8 *Copy_pu8RxData) {
    1916:	fc 01       	movw	r30, r24
  u32 local_u32Timeout;

  if (Copy_pu8RxData == NULL) {
    1918:	00 97       	sbiw	r24, 0x00	; 0
    191a:	81 f0       	breq	.+32     	; 0x193c <SPI_enumWaitForTransfer+0x26>
    191c:	80 e0       	ldi	r24, 0x00	; 0
    191e:	90 e0       	ldi	r25, 0x00	; 0
    1920:	05 c0       	rjmp	.+10     	; 0x192c <SPI_enumWaitForTransfer+0x16>
    1922:	01 96       	adiw	r24, 0x01	; 1
   * shifted out on MISO the next time the master drives SCK.
   */
  local_u32Timeout = 0UL;
  while (GET_BIT(SPSR, SPIF) == 0U) {
    local_u32Timeout++;
    if (local_u32Timeout >= SPI_TIMEOUT_COUNT) {
    1924:	23 ec       	ldi	r18, 0xC3	; 195
    1926:	80 35       	cpi	r24, 0x50	; 80
    1928:	92 07       	cpc	r25, r18
    192a:	31 f0       	breq	.+12     	; 0x1938 <SPI_enumWaitForTransfer+0x22>
   * Poll SPIF without touching SPDR.
   * Any value previously written to SPDR is preserved and will be
   * shifted out on MISO the next time the master drives SCK.
   */
  local_u32Timeout = 0UL;
  while (GET_BIT(SPSR, SPIF) == 0U) {
    192c:	77 9b       	sbis	0x0e, 7	; 14
    192e:	f9 cf       	rjmp	.-14     	; 0x1922 <SPI_enumWaitForTransfer+0xc>
  /*
   * Per the ATmega32 datasheet, SPIF is cleared by:
   *   1. Reading SPSR with SPIF set  (the while-loop did this)
   *   2. Then accessing SPDR         (this line)
   */
  *Copy_pu8RxData = SPDR;
    1930:	8f b1       	in	r24, 0x0f	; 15
    1932:	80 83       	st	Z, r24
    1934:	80 e0       	ldi	r24, 0x00	; 0

  return SPI_OK;
}
    1936:	08 95       	ret
   * shifted out on MISO the next time the master drives SCK.
   */
  local_u32Timeout = 0UL;
  while (GET_BIT(SPSR, SPIF) == 0U) {
    local_u32Timeout++;
    if (local_u32Timeout >= SPI_TIMEOUT_COUNT) {
    1938:	82 e0       	ldi	r24, 0x02	; 2
    193a:	08 95       	ret
 *   starts the next SCK cycle and shifts it out.
 * --------------------------------------------------------------------- */
SPI_ErrorStatus_t SPI_enumWaitForTransfer(u8 *Copy_pu8RxData) {
  u32 local_u32Timeout;

  if (Copy_pu8RxData == NULL) {
    193c:	81 e0       	ldi	r24, 0x01	; 1
    193e:	08 95       	ret

00001940 <SPI_enumTransmitBuffer>:

/* -----------------------------------------------------------------------
 * SPI_enumTransmitBuffer  – send an array of bytes
 * --------------------------------------------------------------------- */
SPI_ErrorStatus_t SPI_enumTransmitBuffer(const u8 *Copy_pu8TxBuffer,
                                         u8 Copy_u8Length) {
    1940:	0f 93       	push	r16
    1942:	1f 93       	push	r17
    1944:	cf 93       	push	r28
    1946:	df 93       	push	r29
    1948:	06 2f       	mov	r16, r22
  SPI_ErrorStatus_t Local_enumErr = SPI_OK;
  u8 local_u8Index;

  if (Copy_pu8TxBuffer == NULL) {
    194a:	00 97       	sbiw	r24, 0x00	; 0
    194c:	b1 f0       	breq	.+44     	; 0x197a <SPI_enumTransmitBuffer+0x3a>
    return SPI_ERR_NULL_POINTER;
  }

  for (local_u8Index = 0U; local_u8Index < Copy_u8Length; local_u8Index++) {
    194e:	66 23       	and	r22, r22
    1950:	d9 f0       	breq	.+54     	; 0x1988 <SPI_enumTransmitBuffer+0x48>
    1952:	18 2f       	mov	r17, r24
    1954:	ec 01       	movw	r28, r24
    1956:	05 c0       	rjmp	.+10     	; 0x1962 <SPI_enumTransmitBuffer+0x22>
    Local_enumErr = SPI_enumTransmit(Copy_pu8TxBuffer[local_u8Index]);
    if (Local_enumErr != SPI_OK) {
      break; /* Return on first error */
    1958:	21 96       	adiw	r28, 0x01	; 1

  if (Copy_pu8TxBuffer == NULL) {
    return SPI_ERR_NULL_POINTER;
  }

  for (local_u8Index = 0U; local_u8Index < Copy_u8Length; local_u8Index++) {
    195a:	9e 01       	movw	r18, r28
    195c:	21 1b       	sub	r18, r17
    195e:	20 17       	cp	r18, r16
    1960:	30 f4       	brcc	.+12     	; 0x196e <SPI_enumTransmitBuffer+0x2e>
    Local_enumErr = SPI_enumTransmit(Copy_pu8TxBuffer[local_u8Index]);
    1962:	88 81       	ld	r24, Y
    1964:	0e 94 73 0c 	call	0x18e6	; 0x18e6 <SPI_enumTransmit>
    1968:	98 2f       	mov	r25, r24
    if (Local_enumErr != SPI_OK) {
    196a:	88 23       	and	r24, r24
    196c:	a9 f3       	breq	.-22     	; 0x1958 <SPI_enumTransmitBuffer+0x18>
      break; /* Return on first error */
    }
  }

  return Local_enumErr;
}
    196e:	89 2f       	mov	r24, r25
    1970:	df 91       	pop	r29
    1972:	cf 91       	pop	r28
    1974:	1f 91       	pop	r17
    1976:	0f 91       	pop	r16
    1978:	08 95       	ret
SPI_ErrorStatus_t SPI_enumTransmitBuffer(const u8 *Copy_pu8TxBuffer,
                                         u8 Copy_u8Length) {
  SPI_ErrorStatus_t Local_enumErr = SPI_OK;
  u8 local_u8Index;

  if (Copy_pu8TxBuffer == NULL) {
    197a:	91 e0       	ldi	r25, 0x01	; 1
      break; /* Return on first error */
    }
  }

  return Local_enumErr;
}
    197c:	89 2f       	mov	r24, r25
    197e:	df 91       	pop	r29
    1980:	cf 91       	pop	r28
    1982:	1f 91       	pop	r17
    1984:	0f 91       	pop	r16
    1986:	08 95       	ret

  if (Copy_pu8TxBuffer == NULL) {
    return SPI_ERR_NULL_POINTER;
  }

  for (local_u8Index = 0U; local_u8Index < Copy_u8Length; local_u8Index++) {
    1988:	90 e0       	ldi	r25, 0x00	; 0
    198a:	f1 cf       	rjmp	.-30     	; 0x196e <SPI_enumTransmitBuffer+0x2e>

0000198c <SPI_enumReceiveBuffer>:

/* -----------------------------------------------------------------------
 * SPI_enumReceiveBuffer  – receive an array of bytes
 * --------------------------------------------------------------------- */
SPI_ErrorStatus_t SPI_enumReceiveBuffer(u8 *Copy_pu8RxBuffer,
                                        u8 Copy_u8Length) {
    198c:	0f 93       	push	r16
    198e:	1f 93       	push	r17
    1990:	cf 93       	push	r28
    1992:	df 93       	push	r29
    1994:	06 2f       	mov	r16, r22
  SPI_ErrorStatus_t Local_enumErr = SPI_OK;
  u8 local_u8Index;

  if (Copy_pu8RxBuffer == NULL) {
    1996:	00 97       	sbiw	r24, 0x00	; 0
    1998:	b1 f0       	breq	.+44     	; 0x19c6 <SPI_enumReceiveBuffer+0x3a>
    return SPI_ERR_NULL_POINTER;
  }

  for (local_u8Index = 0U; local_u8Index < Copy_u8Length; local_u8Index++) {
    199a:	66 23       	and	r22, r22
    199c:	d9 f0       	breq	.+54     	; 0x19d4 <SPI_enumReceiveBuffer+0x48>
    199e:	18 2f       	mov	r17, r24
    19a0:	ec 01       	movw	r28, r24
    19a2:	05 c0       	rjmp	.+10     	; 0x19ae <SPI_enumReceiveBuffer+0x22>
    Local_enumErr = SPI_enumReceive(&Copy_pu8RxBuffer[local_u8Index]);
    if (Local_enumErr != SPI_OK) {
      break;
    19a4:	21 96       	adiw	r28, 0x01	; 1

  if (Copy_pu8RxBuffer == NULL) {
    return SPI_ERR_NULL_POINTER;
  }

  for (local_u8Index = 0U; local_u8Index < Copy_u8Length; local_u8Index++) {
    19a6:	9e 01       	movw	r18, r28
    19a8:	21 1b       	sub	r18, r17
    19aa:	20 17       	cp	r18, r16
    19ac:	30 f4       	brcc	.+12     	; 0x19ba <SPI_enumReceiveBuffer+0x2e>
    Local_enumErr = SPI_enumReceive(&Copy_pu8RxBuffer[local_u8Index]);
    19ae:	ce 01       	movw	r24, r28
    19b0:	0e 94 82 0c 	call	0x1904	; 0x1904 <SPI_enumReceive>
    19b4:	98 2f       	mov	r25, r24
    if (Local_enumErr != SPI_OK) {
    19b6:	88 23       	and	r24, r24
    19b8:	a9 f3       	breq	.-22     	; 0x19a4 <SPI_enumReceiveBuffer+0x18>
      break;
    }
  }

  return Local_enumErr;
}
    19ba:	89 2f       	mov	r24, r25
    19bc:	df 91       	pop	r29
    19be:	cf 91       	pop	r28
    19c0:	1f 91       	pop	r17
    19c2:	0f 91       	pop	r16
    19c4:	08 95       	ret
SPI_ErrorStatus_t SPI_enumReceiveBuffer(u8 *Copy_pu8RxBuffer,
                                        u8 Copy_u8Length) {
  SPI_ErrorStatus_t Local_enumErr = SPI_OK;
  u8 local_u8Index;

  if (Copy_pu8RxBuffer == NULL) {
    19c6:	91 e0       	ldi	r25, 0x01	; 1
      break;
    }
  }

  return Local_enumErr;
}
    19c8:	89 2f       	mov	r24, r25
    19ca:	df 91       	pop	r29
    19cc:	cf 91       	pop	r28
    19ce:	1f 91       	pop	r17
    19d0:	0f 91       	pop	r16
    19d2:	08 95       	ret

  if (Copy_pu8RxBuffer == NULL) {
    return SPI_ERR_NULL_POINTER;
  }

  for (local_u8Index = 0U; local_u8Index < Copy_u8Length; local_u8Index++) {
    19d4:	90 e0       	ldi	r25, 0x00	; 0
    19d6:	f1 cf       	rjmp	.-30     	; 0x19ba <SPI_enumReceiveBuffer+0x2e>

000019d8 <SPI_enumSetCallback>:

/* -----------------------------------------------------------------------
 * SPI_enumSetCallback  – register ISR callback
 * --------------------------------------------------------------------- */
SPI_ErrorStatus_t SPI_enumSetCallback(void (*Copy_pvCallback)(void)) {
  s_pvTransferCallback = Copy_pvCallback;
    19d8:	90 93 d2 02 	sts	0x02D2, r25
    19dc:	80 93 d1 02 	sts	0x02D1, r24
  return SPI_OK;
}
    19e0:	80 e0       	ldi	r24, 0x00	; 0
    19e2:	08 95       	ret

000019e4 <SPI_voidSelectSlave>:

/* -----------------------------------------------------------------------
 * SPI_voidSelectSlave / SPI_voidDeselectSlave
 * --------------------------------------------------------------------- */
void SPI_voidSelectSlave(void) { CLR_BIT(PORTB, PB4); /* Assert  /SS = LOW */ }
    19e4:	c4 98       	cbi	0x18, 4	; 24
    19e6:	08 95       	ret

000019e8 <SPI_voidDeselectSlave>:

void SPI_voidDeselectSlave(void) {
  SET_BIT(PORTB, PB4); /* De-assert /SS = HIGH */
    19e8:	c4 9a       	sbi	0x18, 4	; 24
}
    19ea:	08 95       	ret

000019ec <MI2C_voidInit>:
#include "MI2C_interface.h"

void MI2C_voidInit(void) {
  u8 Local_u8TWBR;

  TWSR = 0x00;
    19ec:	11 b8       	out	0x01, r1	; 1

  Local_u8TWBR = (u8)(((MI2C_CPU_FREQUENCY / MI2C_SCL_FREQUENCY) - 16UL) / 2UL);

  TWBR = Local_u8TWBR;
    19ee:	80 e2       	ldi	r24, 0x20	; 32
    19f0:	80 b9       	out	0x00, r24	; 0

  TWAR = 0x00;
    19f2:	12 b8       	out	0x02, r1	; 2

  TWCR = (1U << TWEN);
    19f4:	84 e0       	ldi	r24, 0x04	; 4
    19f6:	86 bf       	out	0x36, r24	; 54
}
    19f8:	08 95       	ret

000019fa <MI2C_u8Start>:

u8 MI2C_u8Start(void) {
  TWCR = (1U << TWINT) | (1U << TWSTA) | (1U << TWEN);
    19fa:	84 ea       	ldi	r24, 0xA4	; 164
    19fc:	86 bf       	out	0x36, r24	; 54

  while (GET_BIT(TWCR, TWINT) == 0U)
    19fe:	06 b6       	in	r0, 0x36	; 54
    1a00:	07 fe       	sbrs	r0, 7
    1a02:	fd cf       	rjmp	.-6      	; 0x19fe <MI2C_u8Start+0x4>
    ;

  if ((TWSR & MI2C_STATUS_MASK) == MI2C_START_TRANSMITTED ||
    1a04:	81 b1       	in	r24, 0x01	; 1
    1a06:	88 7f       	andi	r24, 0xF8	; 248
    1a08:	88 30       	cpi	r24, 0x08	; 8
    1a0a:	31 f0       	breq	.+12     	; 0x1a18 <MI2C_u8Start+0x1e>
    1a0c:	81 b1       	in	r24, 0x01	; 1
    1a0e:	88 7f       	andi	r24, 0xF8	; 248
    1a10:	80 31       	cpi	r24, 0x10	; 16
    1a12:	11 f0       	breq	.+4      	; 0x1a18 <MI2C_u8Start+0x1e>
    1a14:	82 e0       	ldi	r24, 0x02	; 2
    1a16:	08 95       	ret
    1a18:	80 e0       	ldi	r24, 0x00	; 0
      (TWSR & MI2C_STATUS_MASK) == MI2C_REP_START_TRANSMITTED) {
    return MI2C_OK;
  }

  return MI2C_START_ERROR;
}
    1a1a:	08 95       	ret

00001a1c <MI2C_u8SendAddress>:

u8 MI2C_u8SendAddress(u8 Copy_u8Address) {
  TWDR = Copy_u8Address;
    1a1c:	83 b9       	out	0x03, r24	; 3

  TWCR = (1U << TWINT) | (1U << TWEN);
    1a1e:	84 e8       	ldi	r24, 0x84	; 132
    1a20:	86 bf       	out	0x36, r24	; 54

  while (GET_BIT(TWCR, TWINT) == 0U)
    1a22:	06 b6       	in	r0, 0x36	; 54
    1a24:	07 fe       	sbrs	r0, 7
    1a26:	fd cf       	rjmp	.-6      	; 0x1a22 <MI2C_u8SendAddress+0x6>
    ;

  if ((TWSR & MI2C_STATUS_MASK) == MI2C_SLA_W_ACK ||
    1a28:	81 b1       	in	r24, 0x01	; 1
    1a2a:	88 7f       	andi	r24, 0xF8	; 248
    1a2c:	88 31       	cpi	r24, 0x18	; 24
    1a2e:	31 f0       	breq	.+12     	; 0x1a3c <MI2C_u8SendAddress+0x20>
    1a30:	81 b1       	in	r24, 0x01	; 1
    1a32:	88 7f       	andi	r24, 0xF8	; 248
    1a34:	80 34       	cpi	r24, 0x40	; 64
    1a36:	11 f0       	breq	.+4      	; 0x1a3c <MI2C_u8SendAddress+0x20>
    1a38:	83 e0       	ldi	r24, 0x03	; 3
    1a3a:	08 95       	ret
    1a3c:	80 e0       	ldi	r24, 0x00	; 0
      (TWSR & MI2C_STATUS_MASK) == MI2C_SLA_R_ACK) {
    return MI2C_OK;
  }

  return MI2C_ADDRESS_ERROR;
}
    1a3e:	08 95       	ret

00001a40 <MI2C_u8WriteData>:

u8 MI2C_u8WriteData(u8 Copy_u8Data) {
  TWDR = Copy_u8Data;
    1a40:	83 b9       	out	0x03, r24	; 3

  TWCR = (1U << TWINT) | (1U << TWEN);
    1a42:	84 e8       	ldi	r24, 0x84	; 132
    1a44:	86 bf       	out	0x36, r24	; 54

  while (GET_BIT(TWCR, TWINT) == 0U)
    1a46:	06 b6       	in	r0, 0x36	; 54
    1a48:	07 fe       	sbrs	r0, 7
    1a4a:	fd cf       	rjmp	.-6      	; 0x1a46 <MI2C_u8WriteData+0x6>
    ;

  if ((TWSR & MI2C_STATUS_MASK) == MI2C_DATA_W_ACK) {
    1a4c:	81 b1       	in	r24, 0x01	; 1
    1a4e:	88 7f       	andi	r24, 0xF8	; 248
    1a50:	88 32       	cpi	r24, 0x28	; 40
    1a52:	11 f0       	breq	.+4      	; 0x1a58 <MI2C_u8WriteData+0x18>
    1a54:	84 e0       	ldi	r24, 0x04	; 4
    1a56:	08 95       	ret
    1a58:	80 e0       	ldi	r24, 0x00	; 0
    return MI2C_OK;
  }

  return MI2C_DATA_ERROR;
}
    1a5a:	08 95       	ret

00001a5c <MI2C_u8ReadDataWithACK>:

u8 MI2C_u8ReadDataWithACK(u8 *Copy_pu8Data) {
    1a5c:	fc 01       	movw	r30, r24
  if (Copy_pu8Data == NULL) {
    1a5e:	00 97       	sbiw	r24, 0x00	; 0
    1a60:	79 f0       	breq	.+30     	; 0x1a80 <MI2C_u8ReadDataWithACK+0x24>
    return MI2C_ERROR;
  }

  TWCR = (1U << TWINT) | (1U << TWEN) | (1U << TWEA);
    1a62:	84 ec       	ldi	r24, 0xC4	; 196
    1a64:	86 bf       	out	0x36, r24	; 54

  while (GET_BIT(TWCR, TWINT) == 0U)
    1a66:	06 b6       	in	r0, 0x36	; 54
    1a68:	07 fe       	sbrs	r0, 7
    1a6a:	fd cf       	rjmp	.-6      	; 0x1a66 <MI2C_u8ReadDataWithACK+0xa>
    ;

  if ((TWSR & MI2C_STATUS_MASK) == MI2C_DATA_R_ACK) {
    1a6c:	81 b1       	in	r24, 0x01	; 1
    1a6e:	88 7f       	andi	r24, 0xF8	; 248
    1a70:	80 35       	cpi	r24, 0x50	; 80
    1a72:	11 f0       	breq	.+4      	; 0x1a78 <MI2C_u8ReadDataWithACK+0x1c>
    1a74:	85 e0       	ldi	r24, 0x05	; 5
    1a76:	08 95       	ret
    *Copy_pu8Data = TWDR;
    1a78:	83 b1       	in	r24, 0x03	; 3
    1a7a:	80 83       	st	Z, r24
    1a7c:	80 e0       	ldi	r24, 0x00	; 0
    return MI2C_OK;
  }

  return MI2C_READ_ERROR;
}
    1a7e:	08 95       	ret

  return MI2C_DATA_ERROR;
}

u8 MI2C_u8ReadDataWithACK(u8 *Copy_pu8Data) {
  if (Copy_pu8Data == NULL) {
    1a80:	81 e0       	ldi	r24, 0x01	; 1
    1a82:	08 95       	ret

00001a84 <MI2C_u8ReadDataWithNACK>:
  }

  return MI2C_READ_ERROR;
}

u8 MI2C_u8ReadDataWithNACK(u8 *Copy_pu8Data) {
    1a84:	fc 01       	movw	r30, r24
  if (Copy_pu8Data == NULL) {
    1a86:	00 97       	sbiw	r24, 0x00	; 0
    1a88:	79 f0       	breq	.+30     	; 0x1aa8 <MI2C_u8ReadDataWithNACK+0x24>
    return MI2C_ERROR;
  }

  TWCR = (1U << TWINT) | (1U << TWEN);
    1a8a:	84 e8       	ldi	r24, 0x84	; 132
    1a8c:	86 bf       	out	0x36, r24	; 54

  while (GET_BIT(TWCR, TWINT) == 0U)
    1a8e:	06 b6       	in	r0, 0x36	; 54
    1a90:	07 fe       	sbrs	r0, 7
    1a92:	fd cf       	rjmp	.-6      	; 0x1a8e <MI2C_u8ReadDataWithNACK+0xa>
    ;

  if ((TWSR & MI2C_STATUS_MASK) == MI2C_DATA_R_NACK) {
    1a94:	81 b1       	in	r24, 0x01	; 1
    1a96:	88 7f       	andi	r24, 0xF8	; 248
    1a98:	88 35       	cpi	r24, 0x58	; 88
    1a9a:	11 f0       	breq	.+4      	; 0x1aa0 <MI2C_u8ReadDataWithNACK+0x1c>
    1a9c:	85 e0       	ldi	r24, 0x05	; 5
    1a9e:	08 95       	ret
    *Copy_pu8Data = TWDR;
    1aa0:	83 b1       	in	r24, 0x03	; 3
    1aa2:	80 83       	st	Z, r24
    1aa4:	80 e0       	ldi	r24, 0x00	; 0
    return MI2C_OK;
  }

  return MI2C_READ_ERROR;
}
    1aa6:	08 95       	ret

  return MI2C_READ_ERROR;
}

u8 MI2C_u8ReadDataWithNACK(u8 *Copy_pu8Data) {
  if (Copy_pu8Data == NULL) {
    1aa8:	81 e0       	ldi	r24, 0x01	; 1
    1aaa:	08 95       	ret

00001aac <MI2C_voidStop>:

  return MI2C_READ_ERROR;
}

void MI2C_voidStop(void) {
  TWCR = (1U << TWINT) | (1U << TWSTO) | (1U << TWEN);
    1aac:	84 e9       	ldi	r24, 0x94	; 148
    1aae:	86 bf       	out	0x36, r24	; 54
}
    1ab0:	08 95       	ret

00001ab2 <EXTI_voidConfigureInt0Sense>:
#include "MEXTI_interface.h"

static void (*s_apvCallbacks[3])(void) = {NULL, NULL, NULL};

static void EXTI_voidConfigureInt0Sense(u8 Copy_u8Sense) {
  switch (Copy_u8Sense) {
    1ab2:	82 30       	cpi	r24, 0x02	; 2
    1ab4:	c9 f0       	breq	.+50     	; 0x1ae8 <EXTI_voidConfigureInt0Sense+0x36>
    1ab6:	83 30       	cpi	r24, 0x03	; 3
    1ab8:	81 f0       	breq	.+32     	; 0x1ada <EXTI_voidConfigureInt0Sense+0x28>
    1aba:	88 23       	and	r24, r24
    1abc:	39 f4       	brne	.+14     	; 0x1acc <EXTI_voidConfigureInt0Sense+0x1a>
  case EXTI_ANY_CHANGE:
    CLR_BIT(MCUCR, EXTI_MCUCR_ISC01_BIT);
    SET_BIT(MCUCR, EXTI_MCUCR_ISC00_BIT);
    break;
  case EXTI_FALLING_EDGE:
    SET_BIT(MCUCR, EXTI_MCUCR_ISC01_BIT);
    1abe:	85 b7       	in	r24, 0x35	; 53
    1ac0:	82 60       	ori	r24, 0x02	; 2
    1ac2:	85 bf       	out	0x35, r24	; 53
    CLR_BIT(MCUCR, EXTI_MCUCR_ISC00_BIT);
    1ac4:	85 b7       	in	r24, 0x35	; 53
    1ac6:	8e 7f       	andi	r24, 0xFE	; 254
    1ac8:	85 bf       	out	0x35, r24	; 53
    1aca:	08 95       	ret
    break;
  case EXTI_RISING_EDGE:
  default:
    SET_BIT(MCUCR, EXTI_MCUCR_ISC01_BIT);
    1acc:	85 b7       	in	r24, 0x35	; 53
    1ace:	82 60       	ori	r24, 0x02	; 2
    1ad0:	85 bf       	out	0x35, r24	; 53
    SET_BIT(MCUCR, EXTI_MCUCR_ISC00_BIT);
    1ad2:	85 b7       	in	r24, 0x35	; 53
    1ad4:	81 60       	ori	r24, 0x01	; 1
    1ad6:	85 bf       	out	0x35, r24	; 53
    1ad8:	08 95       	ret
  case EXTI_LOW_LEVEL:
    CLR_BIT(MCUCR, EXTI_MCUCR_ISC01_BIT);
    CLR_BIT(MCUCR, EXTI_MCUCR_ISC00_BIT);
    break;
  case EXTI_ANY_CHANGE:
    CLR_BIT(MCUCR, EXTI_MCUCR_ISC01_BIT);
    1ada:	85 b7       	in	r24, 0x35	; 53
    1adc:	8d 7f       	andi	r24, 0xFD	; 253
    1ade:	85 bf       	out	0x35, r24	; 53
    SET_BIT(MCUCR, EXTI_MCUCR_ISC00_BIT);
    1ae0:	85 b7       	in	r24, 0x35	; 53
    1ae2:	81 60       	ori	r24, 0x01	; 1
    1ae4:	85 bf       	out	0x35, r24	; 53
    1ae6:	08 95       	ret
static void (*s_apvCallbacks[3])(void) = {NULL, NULL, NULL};

static void EXTI_voidConfigureInt0Sense(u8 Copy_u8Sense) {
  switch (Copy_u8Sense) {
  case EXTI_LOW_LEVEL:
    CLR_BIT(MCUCR, EXTI_MCUCR_ISC01_BIT);
    1ae8:	85 b7       	in	r24, 0x35	; 53
    1aea:	8d 7f       	andi	r24, 0xFD	; 253
    1aec:	85 bf       	out	0x35, r24	; 53
    CLR_BIT(MCUCR, EXTI_MCUCR_ISC00_BIT);
    1aee:	85 b7       	in	r24, 0x35	; 53
    1af0:	8e 7f       	andi	r24, 0xFE	; 254
    1af2:	85 bf       	out	0x35, r24	; 53
    1af4:	08 95       	ret

00001af6 <EXTI_voidInit>:
  }
}

void EXTI_voidInit(void) {
#if EXTI_INT0_ENABLE
  EXTI_voidConfigureInt0Sense(EXTI_INT0_SENSE);
    1af6:	80 e0       	ldi	r24, 0x00	; 0
    1af8:	0e 94 59 0d 	call	0x1ab2	; 0x1ab2 <EXTI_voidConfigureInt0Sense>
  SET_BIT(GIFR, EXTI_GIFR_INTF0_BIT);
    1afc:	8a b7       	in	r24, 0x3a	; 58
    1afe:	80 64       	ori	r24, 0x40	; 64
    1b00:	8a bf       	out	0x3a, r24	; 58
  SET_BIT(GICR, EXTI_GICR_INT0_BIT);
    1b02:	8b b7       	in	r24, 0x3b	; 59
    1b04:	80 64       	ori	r24, 0x40	; 64
    1b06:	8b bf       	out	0x3b, r24	; 59
#if EXTI_INT2_ENABLE
  EXTI_voidConfigureInt2Sense(EXTI_INT2_SENSE);
  SET_BIT(GIFR, EXTI_GIFR_INTF2_BIT);
  SET_BIT(GICR, EXTI_GICR_INT2_BIT);
#endif
}
    1b08:	08 95       	ret

00001b0a <EXTI_voidEnableGlobal>:

void EXTI_voidEnableGlobal(void) { SET_BIT(SREG, 7U); }
    1b0a:	8f b7       	in	r24, 0x3f	; 63
    1b0c:	80 68       	ori	r24, 0x80	; 128
    1b0e:	8f bf       	out	0x3f, r24	; 63
    1b10:	08 95       	ret

00001b12 <EXTI_u8SetCallback>:

u8 EXTI_u8SetCallback(u8 Copy_u8IntId, void (*Copy_pvCallback)(void)) {
  if (Copy_u8IntId > EXTI_u8_INT2) {
    1b12:	83 30       	cpi	r24, 0x03	; 3
    1b14:	50 f4       	brcc	.+20     	; 0x1b2a <EXTI_u8SetCallback+0x18>
    return NOK;
  }

  s_apvCallbacks[Copy_u8IntId] = Copy_pvCallback;
    1b16:	e8 2f       	mov	r30, r24
    1b18:	f0 e0       	ldi	r31, 0x00	; 0
    1b1a:	ee 0f       	add	r30, r30
    1b1c:	ff 1f       	adc	r31, r31
    1b1e:	ed 52       	subi	r30, 0x2D	; 45
    1b20:	fd 4f       	sbci	r31, 0xFD	; 253
    1b22:	71 83       	std	Z+1, r23	; 0x01
    1b24:	60 83       	st	Z, r22
    1b26:	80 e0       	ldi	r24, 0x00	; 0
  return OK;
}
    1b28:	08 95       	ret
}

void EXTI_voidEnableGlobal(void) { SET_BIT(SREG, 7U); }

u8 EXTI_u8SetCallback(u8 Copy_u8IntId, void (*Copy_pvCallback)(void)) {
  if (Copy_u8IntId > EXTI_u8_INT2) {
    1b2a:	81 e0       	ldi	r24, 0x01	; 1
    1b2c:	08 95       	ret

00001b2e <EXTI_u8SetSense>:
  s_apvCallbacks[Copy_u8IntId] = Copy_pvCallback;
  return OK;
}

u8 EXTI_u8SetSense(u8 Copy_u8IntId, u8 Copy_u8Sense) {
  switch (Copy_u8IntId) {
    1b2e:	81 30       	cpi	r24, 0x01	; 1
    1b30:	71 f0       	breq	.+28     	; 0x1b4e <EXTI_u8SetSense+0x20>
    1b32:	81 30       	cpi	r24, 0x01	; 1
    1b34:	20 f0       	brcs	.+8      	; 0x1b3e <EXTI_u8SetSense+0x10>
    1b36:	82 30       	cpi	r24, 0x02	; 2
    1b38:	d9 f0       	breq	.+54     	; 0x1b70 <EXTI_u8SetSense+0x42>
    1b3a:	81 e0       	ldi	r24, 0x01	; 1
    1b3c:	08 95       	ret
  case EXTI_u8_INT0:
    EXTI_voidConfigureInt0Sense(Copy_u8Sense);
    1b3e:	86 2f       	mov	r24, r22
    1b40:	0e 94 59 0d 	call	0x1ab2	; 0x1ab2 <EXTI_voidConfigureInt0Sense>
    SET_BIT(GIFR, EXTI_GIFR_INTF0_BIT);
    1b44:	8a b7       	in	r24, 0x3a	; 58
    1b46:	80 64       	ori	r24, 0x40	; 64
    1b48:	8a bf       	out	0x3a, r24	; 58
    1b4a:	80 e0       	ldi	r24, 0x00	; 0
    1b4c:	08 95       	ret
    break;
  }
}

static void EXTI_voidConfigureInt1Sense(u8 Copy_u8Sense) {
  switch (Copy_u8Sense) {
    1b4e:	62 30       	cpi	r22, 0x02	; 2
    1b50:	e9 f0       	breq	.+58     	; 0x1b8c <EXTI_u8SetSense+0x5e>
    1b52:	63 30       	cpi	r22, 0x03	; 3
    1b54:	49 f1       	breq	.+82     	; 0x1ba8 <EXTI_u8SetSense+0x7a>
    1b56:	66 23       	and	r22, r22
    1b58:	01 f5       	brne	.+64     	; 0x1b9a <EXTI_u8SetSense+0x6c>
  case EXTI_ANY_CHANGE:
    CLR_BIT(MCUCR, EXTI_MCUCR_ISC11_BIT);
    SET_BIT(MCUCR, EXTI_MCUCR_ISC10_BIT);
    break;
  case EXTI_FALLING_EDGE:
    SET_BIT(MCUCR, EXTI_MCUCR_ISC11_BIT);
    1b5a:	85 b7       	in	r24, 0x35	; 53
    1b5c:	88 60       	ori	r24, 0x08	; 8
    1b5e:	85 bf       	out	0x35, r24	; 53
    CLR_BIT(MCUCR, EXTI_MCUCR_ISC10_BIT);
    1b60:	85 b7       	in	r24, 0x35	; 53
    1b62:	8b 7f       	andi	r24, 0xFB	; 251
    1b64:	85 bf       	out	0x35, r24	; 53
    EXTI_voidConfigureInt0Sense(Copy_u8Sense);
    SET_BIT(GIFR, EXTI_GIFR_INTF0_BIT);
    break;
  case EXTI_u8_INT1:
    EXTI_voidConfigureInt1Sense(Copy_u8Sense);
    SET_BIT(GIFR, EXTI_GIFR_INTF1_BIT);
    1b66:	8a b7       	in	r24, 0x3a	; 58
    1b68:	80 68       	ori	r24, 0x80	; 128
    1b6a:	8a bf       	out	0x3a, r24	; 58
    1b6c:	80 e0       	ldi	r24, 0x00	; 0
    1b6e:	08 95       	ret
    break;
  }
}

static void EXTI_voidConfigureInt2Sense(u8 Copy_u8Sense) {
  if (Copy_u8Sense == EXTI_RISING_EDGE) {
    1b70:	61 30       	cpi	r22, 0x01	; 1
    1b72:	41 f0       	breq	.+16     	; 0x1b84 <EXTI_u8SetSense+0x56>
    SET_BIT(MCUCSR, EXTI_MCUCSR_ISC2_BIT);
  } else {
    CLR_BIT(MCUCSR, EXTI_MCUCSR_ISC2_BIT);
    1b74:	84 b7       	in	r24, 0x34	; 52
    1b76:	8e 7f       	andi	r24, 0xFE	; 254
    1b78:	84 bf       	out	0x34, r24	; 52
    EXTI_voidConfigureInt1Sense(Copy_u8Sense);
    SET_BIT(GIFR, EXTI_GIFR_INTF1_BIT);
    break;
  case EXTI_u8_INT2:
    EXTI_voidConfigureInt2Sense(Copy_u8Sense);
    SET_BIT(GIFR, EXTI_GIFR_INTF2_BIT);
    1b7a:	8a b7       	in	r24, 0x3a	; 58
    1b7c:	80 62       	ori	r24, 0x20	; 32
    1b7e:	8a bf       	out	0x3a, r24	; 58
    1b80:	80 e0       	ldi	r24, 0x00	; 0
  default:
    return NOK;
  }

  return OK;
}
    1b82:	08 95       	ret
  }
}

static void EXTI_voidConfigureInt2Sense(u8 Copy_u8Sense) {
  if (Copy_u8Sense == EXTI_RISING_EDGE) {
    SET_BIT(MCUCSR, EXTI_MCUCSR_ISC2_BIT);
    1b84:	84 b7       	in	r24, 0x34	; 52
    1b86:	81 60       	ori	r24, 0x01	; 1
    1b88:	84 bf       	out	0x34, r24	; 52
    1b8a:	f7 cf       	rjmp	.-18     	; 0x1b7a <EXTI_u8SetSense+0x4c>
}

static void EXTI_voidConfigureInt1Sense(u8 Copy_u8Sense) {
  switch (Copy_u8Sense) {
  case EXTI_LOW_LEVEL:
    CLR_BIT(MCUCR, EXTI_MCUCR_ISC11_BIT);
    1b8c:	85 b7       	in	r24, 0x35	; 53
    1b8e:	87 7f       	andi	r24, 0xF7	; 247
    1b90:	85 bf       	out	0x35, r24	; 53
    CLR_BIT(MCUCR, EXTI_MCUCR_ISC10_BIT);
    1b92:	85 b7       	in	r24, 0x35	; 53
    1b94:	8b 7f       	andi	r24, 0xFB	; 251
    1b96:	85 bf       	out	0x35, r24	; 53
    1b98:	e6 cf       	rjmp	.-52     	; 0x1b66 <EXTI_u8SetSense+0x38>
    SET_BIT(MCUCR, EXTI_MCUCR_ISC11_BIT);
    CLR_BIT(MCUCR, EXTI_MCUCR_ISC10_BIT);
    break;
  case EXTI_RISING_EDGE:
  default:
    SET_BIT(MCUCR, EXTI_MCUCR_ISC11_BIT);
    1b9a:	85 b7       	in	r24, 0x35	; 53
    1b9c:	88 60       	ori	r24, 0x08	; 8
    1b9e:	85 bf       	out	0x35, r24	; 53
    SET_BIT(MCUCR, EXTI_MCUCR_ISC10_BIT);
    1ba0:	85 b7       	in	r24, 0x35	; 53
    1ba2:	84 60       	ori	r24, 0x04	; 4
    1ba4:	85 bf       	out	0x35, r24	; 53
    1ba6:	df cf       	rjmp	.-66     	; 0x1b66 <EXTI_u8SetSense+0x38>
  case EXTI_LOW_LEVEL:
    CLR_BIT(MCUCR, EXTI_MCUCR_ISC11_BIT);
    CLR_BIT(MCUCR, EXTI_MCUCR_ISC10_BIT);
    break;
  case EXTI_ANY_CHANGE:
    CLR_BIT(MCUCR, EXTI_MCUCR_ISC11_BIT);
    1ba8:	85 b7       	in	r24, 0x35	; 53
    1baa:	87 7f       	andi	r24, 0xF7	; 247
    1bac:	85 bf       	out	0x35, r24	; 53
    SET_BIT(MCUCR, EXTI_MCUCR_ISC10_BIT);
    1bae:	85 b7       	in	r24, 0x35	; 53
    1bb0:	84 60       	ori	r24, 0x04	; 4
    1bb2:	85 bf       	out	0x35, r24	; 53
    1bb4:	d8 cf       	rjmp	.-80     	; 0x1b66 <EXTI_u8SetSense+0x38>

00001bb6 <__vector_1>:

  return OK;
}

#if EXTI_INT0_ENABLE
ISR(INT0_vect) {
    1bb6:	1f 92       	push	r1
    1bb8:	0f 92       	push	r0
    1bba:	0f b6       	in	r0, 0x3f	; 63
    1bbc:	0f 92       	push	r0
    1bbe:	11 24       	eor	r1, r1
    1bc0:	2f 93       	push	r18
    1bc2:	3f 93       	push	r19
    1bc4:	4f 93       	push	r20
    1bc6:	5f 93       	push	r21
    1bc8:	6f 93       	push	r22
    1bca:	7f 93       	push	r23
    1bcc:	8f 93       	push	r24
    1bce:	9f 93       	push	r25
    1bd0:	af 93       	push	r26
    1bd2:	bf 93       	push	r27
    1bd4:	ef 93       	push	r30
    1bd6:	ff 93       	push	r31
  if (s_apvCallbacks[EXTI_u8_INT0] != NULL) {
    1bd8:	e0 91 d3 02 	lds	r30, 0x02D3
    1bdc:	f0 91 d4 02 	lds	r31, 0x02D4
    1be0:	30 97       	sbiw	r30, 0x00	; 0
    1be2:	09 f0       	breq	.+2      	; 0x1be6 <__vector_1+0x30>
    s_apvCallbacks[EXTI_u8_INT0]();
    1be4:	09 95       	icall
  }
}
    1be6:	ff 91       	pop	r31
    1be8:	ef 91       	pop	r30
    1bea:	bf 91       	pop	r27
    1bec:	af 91       	pop	r26
    1bee:	9f 91       	pop	r25
    1bf0:	8f 91       	pop	r24
    1bf2:	7f 91       	pop	r23
    1bf4:	6f 91       	pop	r22
    1bf6:	5f 91       	pop	r21
    1bf8:	4f 91       	pop	r20
    1bfa:	3f 91       	pop	r19
    1bfc:	2f 91       	pop	r18
    1bfe:	0f 90       	pop	r0
    1c00:	0f be       	out	0x3f, r0	; 63
    1c02:	0f 90       	pop	r0
    1c04:	1f 90       	pop	r1
    1c06:	18 95       	reti

00001c08 <MEEPROM_voidInit>:
#include "../../CONFIG/EEPROM/MEEPROM_config.h"
#include "../../HW/EEPROM/MEEPROM_private.h"

#include "MEEPROM_interface.h"

void MEEPROM_voidInit(void) { CLR_BIT(EECR, MEEPROM_EECR_EERIE); }
    1c08:	e3 98       	cbi	0x1c, 3	; 28
    1c0a:	08 95       	ret

00001c0c <MEEPROM_u8IsBusy>:

u8 MEEPROM_u8IsBusy(void) {
  if (GET_BIT(EECR, MEEPROM_EECR_EEWE) == 1U) {
    1c0c:	8c b3       	in	r24, 0x1c	; 28
    1c0e:	86 95       	lsr	r24
    return 1U;
  }

  return 0U;
}
    1c10:	81 70       	andi	r24, 0x01	; 1
    1c12:	08 95       	ret

00001c14 <MEEPROM_u8WriteByte>:

u8 MEEPROM_u8WriteByte(u16 Copy_u16Address, u8 Copy_u8Data) {
  u32 Local_u32Timeout = 0UL;

  if (Copy_u16Address >= MEEPROM_EEPROM_SIZE) {
    1c14:	24 e0       	ldi	r18, 0x04	; 4
    1c16:	80 30       	cpi	r24, 0x00	; 0
    1c18:	92 07       	cpc	r25, r18
    1c1a:	d0 f4       	brcc	.+52     	; 0x1c50 <MEEPROM_u8WriteByte+0x3c>
    1c1c:	20 e0       	ldi	r18, 0x00	; 0
    1c1e:	30 e0       	ldi	r19, 0x00	; 0
    1c20:	40 e0       	ldi	r20, 0x00	; 0
    1c22:	50 e0       	ldi	r21, 0x00	; 0
    1c24:	0c c0       	rjmp	.+24     	; 0x1c3e <MEEPROM_u8WriteByte+0x2a>
    return MEEPROM_INVALID_ADDRESS;
  }

  while (GET_BIT(EECR, MEEPROM_EECR_EEWE) == 1U) {
    Local_u32Timeout++;
    1c26:	2f 5f       	subi	r18, 0xFF	; 255
    1c28:	3f 4f       	sbci	r19, 0xFF	; 255
    1c2a:	4f 4f       	sbci	r20, 0xFF	; 255
    1c2c:	5f 4f       	sbci	r21, 0xFF	; 255

    if (Local_u32Timeout >= MEEPROM_TIMEOUT_VALUE) {
    1c2e:	20 3a       	cpi	r18, 0xA0	; 160
    1c30:	76 e8       	ldi	r23, 0x86	; 134
    1c32:	37 07       	cpc	r19, r23
    1c34:	71 e0       	ldi	r23, 0x01	; 1
    1c36:	47 07       	cpc	r20, r23
    1c38:	70 e0       	ldi	r23, 0x00	; 0
    1c3a:	57 07       	cpc	r21, r23
    1c3c:	59 f0       	breq	.+22     	; 0x1c54 <MEEPROM_u8WriteByte+0x40>

  if (Copy_u16Address >= MEEPROM_EEPROM_SIZE) {
    return MEEPROM_INVALID_ADDRESS;
  }

  while (GET_BIT(EECR, MEEPROM_EECR_EEWE) == 1U) {
    1c3e:	e1 99       	sbic	0x1c, 1	; 28
    1c40:	f2 cf       	rjmp	.-28     	; 0x1c26 <MEEPROM_u8WriteByte+0x12>
    if (Local_u32Timeout >= MEEPROM_TIMEOUT_VALUE) {
      return MEEPROM_TIMEOUT;
    }
  }

  EEAR = Copy_u16Address;
    1c42:	9f bb       	out	0x1f, r25	; 31
    1c44:	8e bb       	out	0x1e, r24	; 30

  EEDR = Copy_u8Data;
    1c46:	6d bb       	out	0x1d, r22	; 29

  SET_BIT(EECR, MEEPROM_EECR_EEMWE);
    1c48:	e2 9a       	sbi	0x1c, 2	; 28

  SET_BIT(EECR, MEEPROM_EECR_EEWE);
    1c4a:	e1 9a       	sbi	0x1c, 1	; 28
    1c4c:	80 e0       	ldi	r24, 0x00	; 0

  return MEEPROM_OK;
}
    1c4e:	08 95       	ret
}

u8 MEEPROM_u8WriteByte(u16 Copy_u16Address, u8 Copy_u8Data) {
  u32 Local_u32Timeout = 0UL;

  if (Copy_u16Address >= MEEPROM_EEPROM_SIZE) {
    1c50:	82 e0       	ldi	r24, 0x02	; 2
    1c52:	08 95       	ret
  }

  while (GET_BIT(EECR, MEEPROM_EECR_EEWE) == 1U) {
    Local_u32Timeout++;

    if (Local_u32Timeout >= MEEPROM_TIMEOUT_VALUE) {
    1c54:	83 e0       	ldi	r24, 0x03	; 3
    1c56:	08 95       	ret

00001c58 <MEEPROM_u8ReadByte>:
  SET_BIT(EECR, MEEPROM_EECR_EEWE);

  return MEEPROM_OK;
}

u8 MEEPROM_u8ReadByte(u16 Copy_u16Address, u8 *Copy_pu8Data) {
    1c58:	fb 01       	movw	r30, r22
  u32 Local_u32Timeout = 0UL;

  if (Copy_pu8Data == NULL) {
    1c5a:	61 15       	cp	r22, r1
    1c5c:	71 05       	cpc	r23, r1
    1c5e:	11 f1       	breq	.+68     	; 0x1ca4 <MEEPROM_u8ReadByte+0x4c>
    return MEEPROM_NULL_POINTER;
  }

  if (Copy_u16Address >= MEEPROM_EEPROM_SIZE) {
    1c60:	24 e0       	ldi	r18, 0x04	; 4
    1c62:	80 30       	cpi	r24, 0x00	; 0
    1c64:	92 07       	cpc	r25, r18
    1c66:	d0 f4       	brcc	.+52     	; 0x1c9c <MEEPROM_u8ReadByte+0x44>
    1c68:	20 e0       	ldi	r18, 0x00	; 0
    1c6a:	30 e0       	ldi	r19, 0x00	; 0
    1c6c:	40 e0       	ldi	r20, 0x00	; 0
    1c6e:	50 e0       	ldi	r21, 0x00	; 0
    1c70:	0c c0       	rjmp	.+24     	; 0x1c8a <MEEPROM_u8ReadByte+0x32>
    return MEEPROM_INVALID_ADDRESS;
  }

  while (GET_BIT(EECR, MEEPROM_EECR_EEWE) == 1U) {
    Local_u32Timeout++;
    1c72:	2f 5f       	subi	r18, 0xFF	; 255
    1c74:	3f 4f       	sbci	r19, 0xFF	; 255
    1c76:	4f 4f       	sbci	r20, 0xFF	; 255
    1c78:	5f 4f       	sbci	r21, 0xFF	; 255

    if (Local_u32Timeout >= MEEPROM_TIMEOUT_VALUE) {
    1c7a:	20 3a       	cpi	r18, 0xA0	; 160
    1c7c:	66 e8       	ldi	r22, 0x86	; 134
    1c7e:	36 07       	cpc	r19, r22
    1c80:	61 e0       	ldi	r22, 0x01	; 1
    1c82:	46 07       	cpc	r20, r22
    1c84:	60 e0       	ldi	r22, 0x00	; 0
    1c86:	56 07       	cpc	r21, r22
    1c88:	59 f0       	breq	.+22     	; 0x1ca0 <MEEPROM_u8ReadByte+0x48>

  if (Copy_u16Address >= MEEPROM_EEPROM_SIZE) {
    return MEEPROM_INVALID_ADDRESS;
  }

  while (GET_BIT(EECR, MEEPROM_EECR_EEWE) == 1U) {
    1c8a:	e1 99       	sbic	0x1c, 1	; 28
    1c8c:	f2 cf       	rjmp	.-28     	; 0x1c72 <MEEPROM_u8ReadByte+0x1a>
    if (Local_u32Timeout >= MEEPROM_TIMEOUT_VALUE) {
      return MEEPROM_TIMEOUT;
    }
  }

  EEAR = Copy_u16Address;
    1c8e:	9f bb       	out	0x1f, r25	; 31
    1c90:	8e bb       	out	0x1e, r24	; 30

  SET_BIT(EECR, MEEPROM_EECR_EERE);
    1c92:	e0 9a       	sbi	0x1c, 0	; 28

  *Copy_pu8Data = EEDR;
    1c94:	8d b3       	in	r24, 0x1d	; 29
    1c96:	80 83       	st	Z, r24
    1c98:	80 e0       	ldi	r24, 0x00	; 0

  return MEEPROM_OK;
}
    1c9a:	08 95       	ret

  if (Copy_pu8Data == NULL) {
    return MEEPROM_NULL_POINTER;
  }

  if (Copy_u16Address >= MEEPROM_EEPROM_SIZE) {
    1c9c:	82 e0       	ldi	r24, 0x02	; 2
    1c9e:	08 95       	ret
  }

  while (GET_BIT(EECR, MEEPROM_EECR_EEWE) == 1U) {
    Local_u32Timeout++;

    if (Local_u32Timeout >= MEEPROM_TIMEOUT_VALUE) {
    1ca0:	83 e0       	ldi	r24, 0x03	; 3
    1ca2:	08 95       	ret
}

u8 MEEPROM_u8ReadByte(u16 Copy_u16Address, u8 *Copy_pu8Data) {
  u32 Local_u32Timeout = 0UL;

  if (Copy_pu8Data == NULL) {
    1ca4:	84 e0       	ldi	r24, 0x04	; 4
    1ca6:	08 95       	ret

00001ca8 <MEEPROM_u8WriteBlock>:

  return MEEPROM_OK;
}

u8 MEEPROM_u8WriteBlock(u16 Copy_u16Address, u8 *Copy_pu8Data,
                        u16 Copy_u16Size) {
    1ca8:	cf 92       	push	r12
    1caa:	df 92       	push	r13
    1cac:	ef 92       	push	r14
    1cae:	ff 92       	push	r15
    1cb0:	0f 93       	push	r16
    1cb2:	1f 93       	push	r17
    1cb4:	cf 93       	push	r28
    1cb6:	df 93       	push	r29
    1cb8:	7c 01       	movw	r14, r24
    1cba:	6b 01       	movw	r12, r22
    1cbc:	8a 01       	movw	r16, r20
  u16 Local_u16Counter;
  u8 Local_u8Error;

  if (Copy_pu8Data == NULL) {
    1cbe:	61 15       	cp	r22, r1
    1cc0:	71 05       	cpc	r23, r1
    1cc2:	59 f1       	breq	.+86     	; 0x1d1a <MEEPROM_u8WriteBlock+0x72>
    return MEEPROM_NULL_POINTER;
  }

  if (Copy_u16Address >= MEEPROM_EEPROM_SIZE) {
    1cc4:	24 e0       	ldi	r18, 0x04	; 4
    1cc6:	80 30       	cpi	r24, 0x00	; 0
    1cc8:	92 07       	cpc	r25, r18
    1cca:	e8 f4       	brcc	.+58     	; 0x1d06 <MEEPROM_u8WriteBlock+0x5e>
    return MEEPROM_INVALID_ADDRESS;
  }

  if ((Copy_u16Address + Copy_u16Size) > MEEPROM_EEPROM_SIZE) {
    1ccc:	ca 01       	movw	r24, r20
    1cce:	8e 0d       	add	r24, r14
    1cd0:	9f 1d       	adc	r25, r15
    1cd2:	81 50       	subi	r24, 0x01	; 1
    1cd4:	94 40       	sbci	r25, 0x04	; 4
    1cd6:	b8 f4       	brcc	.+46     	; 0x1d06 <MEEPROM_u8WriteBlock+0x5e>
    return MEEPROM_INVALID_ADDRESS;
  }

  for (Local_u16Counter = 0U; Local_u16Counter < Copy_u16Size;
    1cd8:	41 15       	cp	r20, r1
    1cda:	51 05       	cpc	r21, r1
    1cdc:	01 f1       	breq	.+64     	; 0x1d1e <MEEPROM_u8WriteBlock+0x76>
    1cde:	c0 e0       	ldi	r28, 0x00	; 0
    1ce0:	d0 e0       	ldi	r29, 0x00	; 0
       Local_u16Counter++) {
    Local_u8Error = MEEPROM_u8WriteByte(Copy_u16Address + Local_u16Counter,
    1ce2:	f6 01       	movw	r30, r12
    1ce4:	ec 0f       	add	r30, r28
    1ce6:	fd 1f       	adc	r31, r29
    1ce8:	ce 01       	movw	r24, r28
    1cea:	8e 0d       	add	r24, r14
    1cec:	9f 1d       	adc	r25, r15
    1cee:	60 81       	ld	r22, Z
    1cf0:	0e 94 0a 0e 	call	0x1c14	; 0x1c14 <MEEPROM_u8WriteByte>
                                        Copy_pu8Data[Local_u16Counter]);

    if (Local_u8Error != MEEPROM_OK) {
    1cf4:	88 23       	and	r24, r24
    1cf6:	41 f4       	brne	.+16     	; 0x1d08 <MEEPROM_u8WriteBlock+0x60>
#include "MEEPROM_interface.h"

void MEEPROM_voidInit(void) { CLR_BIT(EECR, MEEPROM_EECR_EERIE); }

u8 MEEPROM_u8IsBusy(void) {
  if (GET_BIT(EECR, MEEPROM_EECR_EEWE) == 1U) {
    1cf8:	e1 99       	sbic	0x1c, 1	; 28
    1cfa:	fe cf       	rjmp	.-4      	; 0x1cf8 <MEEPROM_u8WriteBlock+0x50>
  if ((Copy_u16Address + Copy_u16Size) > MEEPROM_EEPROM_SIZE) {
    return MEEPROM_INVALID_ADDRESS;
  }

  for (Local_u16Counter = 0U; Local_u16Counter < Copy_u16Size;
       Local_u16Counter++) {
    1cfc:	21 96       	adiw	r28, 0x01	; 1

  if ((Copy_u16Address + Copy_u16Size) > MEEPROM_EEPROM_SIZE) {
    return MEEPROM_INVALID_ADDRESS;
  }

  for (Local_u16Counter = 0U; Local_u16Counter < Copy_u16Size;
    1cfe:	c0 17       	cp	r28, r16
    1d00:	d1 07       	cpc	r29, r17
    1d02:	78 f3       	brcs	.-34     	; 0x1ce2 <MEEPROM_u8WriteBlock+0x3a>
    1d04:	01 c0       	rjmp	.+2      	; 0x1d08 <MEEPROM_u8WriteBlock+0x60>
#include "MEEPROM_interface.h"

void MEEPROM_voidInit(void) { CLR_BIT(EECR, MEEPROM_EECR_EERIE); }

u8 MEEPROM_u8IsBusy(void) {
  if (GET_BIT(EECR, MEEPROM_EECR_EEWE) == 1U) {
    1d06:	82 e0       	ldi	r24, 0x02	; 2
    while (MEEPROM_u8IsBusy())
      ;
  }

  return MEEPROM_OK;
}
    1d08:	df 91       	pop	r29
    1d0a:	cf 91       	pop	r28
    1d0c:	1f 91       	pop	r17
    1d0e:	0f 91       	pop	r16
    1d10:	ff 90       	pop	r15
    1d12:	ef 90       	pop	r14
    1d14:	df 90       	pop	r13
    1d16:	cf 90       	pop	r12
    1d18:	08 95       	ret
#include "MEEPROM_interface.h"

void MEEPROM_voidInit(void) { CLR_BIT(EECR, MEEPROM_EECR_EERIE); }

u8 MEEPROM_u8IsBusy(void) {
  if (GET_BIT(EECR, MEEPROM_EECR_EEWE) == 1U) {
    1d1a:	84 e0       	ldi	r24, 0x04	; 4
    1d1c:	f5 cf       	rjmp	.-22     	; 0x1d08 <MEEPROM_u8WriteBlock+0x60>

  if ((Copy_u16Address + Copy_u16Size) > MEEPROM_EEPROM_SIZE) {
    return MEEPROM_INVALID_ADDRESS;
  }

  for (Local_u16Counter = 0U; Local_u16Counter < Copy_u16Size;
    1d1e:	80 e0       	ldi	r24, 0x00	; 0
    1d20:	f3 cf       	rjmp	.-26     	; 0x1d08 <MEEPROM_u8WriteBlock+0x60>

00001d22 <MEEPROM_u8ReadBlock>:

  return MEEPROM_OK;
}

u8 MEEPROM_u8ReadBlock(u16 Copy_u16Address, u8 *Copy_pu8Data,
                       u16 Copy_u16Size) {
    1d22:	cf 92       	push	r12
    1d24:	df 92       	push	r13
    1d26:	ef 92       	push	r14
    1d28:	ff 92       	push	r15
    1d2a:	0f 93       	push	r16
    1d2c:	1f 93       	push	r17
    1d2e:	cf 93       	push	r28
    1d30:	df 93       	push	r29
    1d32:	8c 01       	movw	r16, r24
    1d34:	6b 01       	movw	r12, r22
    1d36:	7a 01       	movw	r14, r20
  u16 Local_u16Counter;
  u8 Local_u8Error;

  if (Copy_pu8Data == NULL) {
    1d38:	61 15       	cp	r22, r1
    1d3a:	71 05       	cpc	r23, r1
    1d3c:	49 f1       	breq	.+82     	; 0x1d90 <MEEPROM_u8ReadBlock+0x6e>
    return MEEPROM_NULL_POINTER;
  }

  if (Copy_u16Address >= MEEPROM_EEPROM_SIZE) {
    1d3e:	24 e0       	ldi	r18, 0x04	; 4
    1d40:	80 30       	cpi	r24, 0x00	; 0
    1d42:	92 07       	cpc	r25, r18
    1d44:	d8 f4       	brcc	.+54     	; 0x1d7c <MEEPROM_u8ReadBlock+0x5a>
    return MEEPROM_INVALID_ADDRESS;
  }

  if ((Copy_u16Address + Copy_u16Size) > MEEPROM_EEPROM_SIZE) {
    1d46:	ca 01       	movw	r24, r20
    1d48:	80 0f       	add	r24, r16
    1d4a:	91 1f       	adc	r25, r17
    1d4c:	81 50       	subi	r24, 0x01	; 1
    1d4e:	94 40       	sbci	r25, 0x04	; 4
    1d50:	a8 f4       	brcc	.+42     	; 0x1d7c <MEEPROM_u8ReadBlock+0x5a>
    return MEEPROM_INVALID_ADDRESS;
  }

  for (Local_u16Counter = 0U; Local_u16Counter < Copy_u16Size;
    1d52:	41 15       	cp	r20, r1
    1d54:	51 05       	cpc	r21, r1
    1d56:	f1 f0       	breq	.+60     	; 0x1d94 <MEEPROM_u8ReadBlock+0x72>
    1d58:	c0 e0       	ldi	r28, 0x00	; 0
    1d5a:	d0 e0       	ldi	r29, 0x00	; 0
    1d5c:	04 c0       	rjmp	.+8      	; 0x1d66 <MEEPROM_u8ReadBlock+0x44>
       Local_u16Counter++) {
    1d5e:	21 96       	adiw	r28, 0x01	; 1

  if ((Copy_u16Address + Copy_u16Size) > MEEPROM_EEPROM_SIZE) {
    return MEEPROM_INVALID_ADDRESS;
  }

  for (Local_u16Counter = 0U; Local_u16Counter < Copy_u16Size;
    1d60:	ce 15       	cp	r28, r14
    1d62:	df 05       	cpc	r29, r15
    1d64:	60 f4       	brcc	.+24     	; 0x1d7e <MEEPROM_u8ReadBlock+0x5c>
       Local_u16Counter++) {
    Local_u8Error = MEEPROM_u8ReadByte(Copy_u16Address + Local_u16Counter,
    1d66:	b6 01       	movw	r22, r12
    1d68:	6c 0f       	add	r22, r28
    1d6a:	7d 1f       	adc	r23, r29
    1d6c:	ce 01       	movw	r24, r28
    1d6e:	80 0f       	add	r24, r16
    1d70:	91 1f       	adc	r25, r17
    1d72:	0e 94 2c 0e 	call	0x1c58	; 0x1c58 <MEEPROM_u8ReadByte>
                                       &Copy_pu8Data[Local_u16Counter]);

    if (Local_u8Error != MEEPROM_OK) {
    1d76:	88 23       	and	r24, r24
    1d78:	91 f3       	breq	.-28     	; 0x1d5e <MEEPROM_u8ReadBlock+0x3c>
    1d7a:	01 c0       	rjmp	.+2      	; 0x1d7e <MEEPROM_u8ReadBlock+0x5c>

  if ((Copy_u16Address + Copy_u16Size) > MEEPROM_EEPROM_SIZE) {
    return MEEPROM_INVALID_ADDRESS;
  }

  for (Local_u16Counter = 0U; Local_u16Counter < Copy_u16Size;
    1d7c:	82 e0       	ldi	r24, 0x02	; 2
      return Local_u8Error;
    }
  }

  return MEEPROM_OK;
}
    1d7e:	df 91       	pop	r29
    1d80:	cf 91       	pop	r28
    1d82:	1f 91       	pop	r17
    1d84:	0f 91       	pop	r16
    1d86:	ff 90       	pop	r15
    1d88:	ef 90       	pop	r14
    1d8a:	df 90       	pop	r13
    1d8c:	cf 90       	pop	r12
    1d8e:	08 95       	ret
u8 MEEPROM_u8ReadBlock(u16 Copy_u16Address, u8 *Copy_pu8Data,
                       u16 Copy_u16Size) {
  u16 Local_u16Counter;
  u8 Local_u8Error;

  if (Copy_pu8Data == NULL) {
    1d90:	84 e0       	ldi	r24, 0x04	; 4
    1d92:	f5 cf       	rjmp	.-22     	; 0x1d7e <MEEPROM_u8ReadBlock+0x5c>

  if ((Copy_u16Address + Copy_u16Size) > MEEPROM_EEPROM_SIZE) {
    return MEEPROM_INVALID_ADDRESS;
  }

  for (Local_u16Counter = 0U; Local_u16Counter < Copy_u16Size;
    1d94:	80 e0       	ldi	r24, 0x00	; 0
    1d96:	f3 cf       	rjmp	.-26     	; 0x1d7e <MEEPROM_u8ReadBlock+0x5c>

00001d98 <DIO_voidInit>:
#include "MDIO_interface.h"
#include "../../HW/DIO/MDIO_private.h"

void DIO_voidInit(void) {
	/* Initialize all Port Directions */
	DDRA = DIO_PORTA_DIR;
    1d98:	1a ba       	out	0x1a, r1	; 26
	DDRB = DIO_PORTB_DIR;
    1d9a:	17 ba       	out	0x17, r1	; 23
	DDRC = DIO_PORTC_DIR;
    1d9c:	87 ef       	ldi	r24, 0xF7	; 247
    1d9e:	84 bb       	out	0x14, r24	; 20
	DDRD = DIO_PORTD_DIR;
    1da0:	80 e2       	ldi	r24, 0x20	; 32
    1da2:	81 bb       	out	0x11, r24	; 17

	/* Initialize all Port Values */
	PORTA = DIO_PORTA_VAL;
    1da4:	1b ba       	out	0x1b, r1	; 27
	PORTB = DIO_PORTB_VAL;
    1da6:	18 ba       	out	0x18, r1	; 24
	PORTC = DIO_PORTC_VAL;
    1da8:	15 ba       	out	0x15, r1	; 21
	PORTD = DIO_PORTD_VAL;
    1daa:	8c e1       	ldi	r24, 0x1C	; 28
    1dac:	82 bb       	out	0x12, r24	; 18
}
    1dae:	08 95       	ret

00001db0 <DIO_enumSetPinDirection>:

DIO_ErrorStatus_t DIO_enumSetPinDirection(u8 Copy_u8Port, u8 Copy_u8Pin,
		u8 Copy_u8Direction) {
	DIO_ErrorStatus_t Local_enumErrorState = DIO_OK;

	if (Copy_u8Pin <= DIO_PIN7) {
    1db0:	68 30       	cpi	r22, 0x08	; 8
    1db2:	a8 f4       	brcc	.+42     	; 0x1dde <DIO_enumSetPinDirection+0x2e>
		if (Copy_u8Direction == DIO_OUTPUT) {
    1db4:	41 30       	cpi	r20, 0x01	; 1
    1db6:	b9 f0       	breq	.+46     	; 0x1de6 <DIO_enumSetPinDirection+0x36>
				break;
			default:
				Local_enumErrorState = DIO_ERR_INVALID_PORT;
				break;
			}
		} else if (Copy_u8Direction == DIO_INPUT) {
    1db8:	44 23       	and	r20, r20
    1dba:	99 f4       	brne	.+38     	; 0x1de2 <DIO_enumSetPinDirection+0x32>
			switch (Copy_u8Port) {
    1dbc:	81 30       	cpi	r24, 0x01	; 1
    1dbe:	79 f1       	breq	.+94     	; 0x1e1e <DIO_enumSetPinDirection+0x6e>
    1dc0:	81 30       	cpi	r24, 0x01	; 1
    1dc2:	38 f5       	brcc	.+78     	; 0x1e12 <DIO_enumSetPinDirection+0x62>
			case DIO_PORTA:
				CLR_BIT(DDRA, Copy_u8Pin);
    1dc4:	2a b3       	in	r18, 0x1a	; 26
    1dc6:	81 e0       	ldi	r24, 0x01	; 1
    1dc8:	90 e0       	ldi	r25, 0x00	; 0
    1dca:	02 c0       	rjmp	.+4      	; 0x1dd0 <DIO_enumSetPinDirection+0x20>
    1dcc:	88 0f       	add	r24, r24
    1dce:	99 1f       	adc	r25, r25
    1dd0:	6a 95       	dec	r22
    1dd2:	e2 f7       	brpl	.-8      	; 0x1dcc <DIO_enumSetPinDirection+0x1c>
    1dd4:	80 95       	com	r24
    1dd6:	82 23       	and	r24, r18
    1dd8:	8a bb       	out	0x1a, r24	; 26
    1dda:	80 e0       	ldi	r24, 0x00	; 0
    1ddc:	08 95       	ret

DIO_ErrorStatus_t DIO_enumSetPinDirection(u8 Copy_u8Port, u8 Copy_u8Pin,
		u8 Copy_u8Direction) {
	DIO_ErrorStatus_t Local_enumErrorState = DIO_OK;

	if (Copy_u8Pin <= DIO_PIN7) {
    1dde:	82 e0       	ldi	r24, 0x02	; 2
    1de0:	08 95       	ret
				break;
			default:
				Local_enumErrorState = DIO_ERR_INVALID_PORT;
				break;
			}
		} else if (Copy_u8Direction == DIO_INPUT) {
    1de2:	83 e0       	ldi	r24, 0x03	; 3
    1de4:	08 95       	ret
		u8 Copy_u8Direction) {
	DIO_ErrorStatus_t Local_enumErrorState = DIO_OK;

	if (Copy_u8Pin <= DIO_PIN7) {
		if (Copy_u8Direction == DIO_OUTPUT) {
			switch (Copy_u8Port) {
    1de6:	81 30       	cpi	r24, 0x01	; 1
    1de8:	09 f4       	brne	.+2      	; 0x1dec <DIO_enumSetPinDirection+0x3c>
    1dea:	4c c0       	rjmp	.+152    	; 0x1e84 <DIO_enumSetPinDirection+0xd4>
    1dec:	81 30       	cpi	r24, 0x01	; 1
    1dee:	20 f1       	brcs	.+72     	; 0x1e38 <DIO_enumSetPinDirection+0x88>
    1df0:	82 30       	cpi	r24, 0x02	; 2
    1df2:	09 f4       	brne	.+2      	; 0x1df6 <DIO_enumSetPinDirection+0x46>
    1df4:	53 c0       	rjmp	.+166    	; 0x1e9c <DIO_enumSetPinDirection+0xec>
    1df6:	83 30       	cpi	r24, 0x03	; 3
    1df8:	81 f4       	brne	.+32     	; 0x1e1a <DIO_enumSetPinDirection+0x6a>
				break;
			case DIO_PORTC:
				SET_BIT(DDRC, Copy_u8Pin);
				break;
			case DIO_PORTD:
				SET_BIT(DDRD, Copy_u8Pin);
    1dfa:	21 b3       	in	r18, 0x11	; 17
    1dfc:	81 e0       	ldi	r24, 0x01	; 1
    1dfe:	90 e0       	ldi	r25, 0x00	; 0
    1e00:	02 c0       	rjmp	.+4      	; 0x1e06 <DIO_enumSetPinDirection+0x56>
    1e02:	88 0f       	add	r24, r24
    1e04:	99 1f       	adc	r25, r25
    1e06:	6a 95       	dec	r22
    1e08:	e2 f7       	brpl	.-8      	; 0x1e02 <DIO_enumSetPinDirection+0x52>
    1e0a:	28 2b       	or	r18, r24
    1e0c:	21 bb       	out	0x11, r18	; 17
    1e0e:	80 e0       	ldi	r24, 0x00	; 0
    1e10:	08 95       	ret
			default:
				Local_enumErrorState = DIO_ERR_INVALID_PORT;
				break;
			}
		} else if (Copy_u8Direction == DIO_INPUT) {
			switch (Copy_u8Port) {
    1e12:	82 30       	cpi	r24, 0x02	; 2
    1e14:	51 f1       	breq	.+84     	; 0x1e6a <DIO_enumSetPinDirection+0xba>
    1e16:	83 30       	cpi	r24, 0x03	; 3
    1e18:	d9 f0       	breq	.+54     	; 0x1e50 <DIO_enumSetPinDirection+0xa0>
			case DIO_PORTC:
				CLR_BIT(DDRC, Copy_u8Pin);
				break;
			case DIO_PORTD:
				CLR_BIT(DDRD, Copy_u8Pin);
				break;
    1e1a:	81 e0       	ldi	r24, 0x01	; 1
		}
	} else {
		Local_enumErrorState = DIO_ERR_INVALID_PIN;
	}
	return Local_enumErrorState;
}
    1e1c:	08 95       	ret
			switch (Copy_u8Port) {
			case DIO_PORTA:
				CLR_BIT(DDRA, Copy_u8Pin);
				break;
			case DIO_PORTB:
				CLR_BIT(DDRB, Copy_u8Pin);
    1e1e:	27 b3       	in	r18, 0x17	; 23
    1e20:	81 e0       	ldi	r24, 0x01	; 1
    1e22:	90 e0       	ldi	r25, 0x00	; 0
    1e24:	02 c0       	rjmp	.+4      	; 0x1e2a <DIO_enumSetPinDirection+0x7a>
    1e26:	88 0f       	add	r24, r24
    1e28:	99 1f       	adc	r25, r25
    1e2a:	6a 95       	dec	r22
    1e2c:	e2 f7       	brpl	.-8      	; 0x1e26 <DIO_enumSetPinDirection+0x76>
    1e2e:	80 95       	com	r24
    1e30:	82 23       	and	r24, r18
    1e32:	87 bb       	out	0x17, r24	; 23
    1e34:	80 e0       	ldi	r24, 0x00	; 0
    1e36:	08 95       	ret

	if (Copy_u8Pin <= DIO_PIN7) {
		if (Copy_u8Direction == DIO_OUTPUT) {
			switch (Copy_u8Port) {
			case DIO_PORTA:
				SET_BIT(DDRA, Copy_u8Pin);
    1e38:	2a b3       	in	r18, 0x1a	; 26
    1e3a:	81 e0       	ldi	r24, 0x01	; 1
    1e3c:	90 e0       	ldi	r25, 0x00	; 0
    1e3e:	02 c0       	rjmp	.+4      	; 0x1e44 <DIO_enumSetPinDirection+0x94>
    1e40:	88 0f       	add	r24, r24
    1e42:	99 1f       	adc	r25, r25
    1e44:	6a 95       	dec	r22
    1e46:	e2 f7       	brpl	.-8      	; 0x1e40 <DIO_enumSetPinDirection+0x90>
    1e48:	28 2b       	or	r18, r24
    1e4a:	2a bb       	out	0x1a, r18	; 26
    1e4c:	80 e0       	ldi	r24, 0x00	; 0
    1e4e:	08 95       	ret
				break;
			case DIO_PORTC:
				CLR_BIT(DDRC, Copy_u8Pin);
				break;
			case DIO_PORTD:
				CLR_BIT(DDRD, Copy_u8Pin);
    1e50:	21 b3       	in	r18, 0x11	; 17
    1e52:	81 e0       	ldi	r24, 0x01	; 1
    1e54:	90 e0       	ldi	r25, 0x00	; 0
    1e56:	02 c0       	rjmp	.+4      	; 0x1e5c <DIO_enumSetPinDirection+0xac>
    1e58:	88 0f       	add	r24, r24
    1e5a:	99 1f       	adc	r25, r25
    1e5c:	6a 95       	dec	r22
    1e5e:	e2 f7       	brpl	.-8      	; 0x1e58 <DIO_enumSetPinDirection+0xa8>
    1e60:	80 95       	com	r24
    1e62:	82 23       	and	r24, r18
    1e64:	81 bb       	out	0x11, r24	; 17
    1e66:	80 e0       	ldi	r24, 0x00	; 0
    1e68:	08 95       	ret
				break;
			case DIO_PORTB:
				CLR_BIT(DDRB, Copy_u8Pin);
				break;
			case DIO_PORTC:
				CLR_BIT(DDRC, Copy_u8Pin);
    1e6a:	24 b3       	in	r18, 0x14	; 20
    1e6c:	81 e0       	ldi	r24, 0x01	; 1
    1e6e:	90 e0       	ldi	r25, 0x00	; 0
    1e70:	02 c0       	rjmp	.+4      	; 0x1e76 <DIO_enumSetPinDirection+0xc6>
    1e72:	88 0f       	add	r24, r24
    1e74:	99 1f       	adc	r25, r25
    1e76:	6a 95       	dec	r22
    1e78:	e2 f7       	brpl	.-8      	; 0x1e72 <DIO_enumSetPinDirection+0xc2>
    1e7a:	80 95       	com	r24
    1e7c:	82 23       	and	r24, r18
    1e7e:	84 bb       	out	0x14, r24	; 20
    1e80:	80 e0       	ldi	r24, 0x00	; 0
    1e82:	08 95       	ret
			switch (Copy_u8Port) {
			case DIO_PORTA:
				SET_BIT(DDRA, Copy_u8Pin);
				break;
			case DIO_PORTB:
				SET_BIT(DDRB, Copy_u8Pin);
    1e84:	27 b3       	in	r18, 0x17	; 23
    1e86:	81 e0       	ldi	r24, 0x01	; 1
    1e88:	90 e0       	ldi	r25, 0x00	; 0
    1e8a:	02 c0       	rjmp	.+4      	; 0x1e90 <DIO_enumSetPinDirection+0xe0>
    1e8c:	88 0f       	add	r24, r24
    1e8e:	99 1f       	adc	r25, r25
    1e90:	6a 95       	dec	r22
    1e92:	e2 f7       	brpl	.-8      	; 0x1e8c <DIO_enumSetPinDirection+0xdc>
    1e94:	28 2b       	or	r18, r24
    1e96:	27 bb       	out	0x17, r18	; 23
    1e98:	80 e0       	ldi	r24, 0x00	; 0
    1e9a:	08 95       	ret
				break;
			case DIO_PORTC:
				SET_BIT(DDRC, Copy_u8Pin);
    1e9c:	24 b3       	in	r18, 0x14	; 20
    1e9e:	81 e0       	ldi	r24, 0x01	; 1
    1ea0:	90 e0       	ldi	r25, 0x00	; 0
    1ea2:	02 c0       	rjmp	.+4      	; 0x1ea8 <DIO_enumSetPinDirection+0xf8>
    1ea4:	88 0f       	add	r24, r24
    1ea6:	99 1f       	adc	r25, r25
    1ea8:	6a 95       	dec	r22
    1eaa:	e2 f7       	brpl	.-8      	; 0x1ea4 <DIO_enumSetPinDirection+0xf4>
    1eac:	28 2b       	or	r18, r24
    1eae:	24 bb       	out	0x14, r18	; 20
    1eb0:	80 e0       	ldi	r24, 0x00	; 0
    1eb2:	08 95       	ret

00001eb4 <DIO_enumSetPinValue>:

DIO_ErrorStatus_t DIO_enumSetPinValue(u8 Copy_u8Port, u8 Copy_u8Pin,
		u8 Copy_u8Value) {
	DIO_ErrorStatus_t Local_enumErrorState = DIO_OK;

	if (Copy_u8Pin <= DIO_PIN7) {
    1eb4:	68 30       	cpi	r22, 0x08	; 8
    1eb6:	a8 f4       	brcc	.+42     	; 0x1ee2 <DIO_enumSetPinValue+0x2e>
		if (Copy_u8Value == DIO_HIGH) {
    1eb8:	41 30       	cpi	r20, 0x01	; 1
    1eba:	b9 f0       	breq	.+46     	; 0x1eea <DIO_enumSetPinValue+0x36>
				break;
			default:
				Local_enumErrorState = DIO_ERR_INVALID_PORT;
				break;
			}
		} else if (Copy_u8Value == DIO_LOW) {
    1ebc:	44 23       	and	r20, r20
    1ebe:	99 f4       	brne	.+38     	; 0x1ee6 <DIO_enumSetPinValue+0x32>
			switch (Copy_u8Port) {
    1ec0:	81 30       	cpi	r24, 0x01	; 1
    1ec2:	79 f1       	breq	.+94     	; 0x1f22 <DIO_enumSetPinValue+0x6e>
    1ec4:	81 30       	cpi	r24, 0x01	; 1
    1ec6:	38 f5       	brcc	.+78     	; 0x1f16 <DIO_enumSetPinValue+0x62>
			case DIO_PORTA:
				CLR_BIT(PORTA, Copy_u8Pin);
    1ec8:	2b b3       	in	r18, 0x1b	; 27
    1eca:	81 e0       	ldi	r24, 0x01	; 1
    1ecc:	90 e0       	ldi	r25, 0x00	; 0
    1ece:	02 c0       	rjmp	.+4      	; 0x1ed4 <DIO_enumSetPinValue+0x20>
    1ed0:	88 0f       	add	r24, r24
    1ed2:	99 1f       	adc	r25, r25
    1ed4:	6a 95       	dec	r22
    1ed6:	e2 f7       	brpl	.-8      	; 0x1ed0 <DIO_enumSetPinValue+0x1c>
    1ed8:	80 95       	com	r24
    1eda:	82 23       	and	r24, r18
    1edc:	8b bb       	out	0x1b, r24	; 27
    1ede:	80 e0       	ldi	r24, 0x00	; 0
    1ee0:	08 95       	ret

DIO_ErrorStatus_t DIO_enumSetPinValue(u8 Copy_u8Port, u8 Copy_u8Pin,
		u8 Copy_u8Value) {
	DIO_ErrorStatus_t Local_enumErrorState = DIO_OK;

	if (Copy_u8Pin <= DIO_PIN7) {
    1ee2:	82 e0       	ldi	r24, 0x02	; 2
    1ee4:	08 95       	ret
				break;
			default:
				Local_enumErrorState = DIO_ERR_INVALID_PORT;
				break;
			}
		} else if (Copy_u8Value == DIO_LOW) {
    1ee6:	84 e0       	ldi	r24, 0x04	; 4
    1ee8:	08 95       	ret
		u8 Copy_u8Value) {
	DIO_ErrorStatus_t Local_enumErrorState = DIO_OK;

	if (Copy_u8Pin <= DIO_PIN7) {
		if (Copy_u8Value == DIO_HIGH) {
			switch (Copy_u8Port) {
    1eea:	81 30       	cpi	r24, 0x01	; 1
    1eec:	09 f4       	brne	.+2      	; 0x1ef0 <DIO_enumSetPinValue+0x3c>
    1eee:	4c c0       	rjmp	.+152    	; 0x1f88 <DIO_enumSetPinValue+0xd4>
    1ef0:	81 30       	cpi	r24, 0x01	; 1
    1ef2:	20 f1       	brcs	.+72     	; 0x1f3c <DIO_enumSetPinValue+0x88>
    1ef4:	82 30       	cpi	r24, 0x02	; 2
    1ef6:	09 f4       	brne	.+2      	; 0x1efa <DIO_enumSetPinValue+0x46>
    1ef8:	53 c0       	rjmp	.+166    	; 0x1fa0 <DIO_enumSetPinValue+0xec>
    1efa:	83 30       	cpi	r24, 0x03	; 3
    1efc:	81 f4       	brne	.+32     	; 0x1f1e <DIO_enumSetPinValue+0x6a>
				break;
			case DIO_PORTC:
				SET_BIT(PORTC, Copy_u8Pin);
				break;
			case DIO_PORTD:
				SET_BIT(PORTD, Copy_u8Pin);
    1efe:	22 b3       	in	r18, 0x12	; 18
    1f00:	81 e0       	ldi	r24, 0x01	; 1
    1f02:	90 e0       	ldi	r25, 0x00	; 0
    1f04:	02 c0       	rjmp	.+4      	; 0x1f0a <DIO_enumSetPinValue+0x56>
    1f06:	88 0f       	add	r24, r24
    1f08:	99 1f       	adc	r25, r25
    1f0a:	6a 95       	dec	r22
    1f0c:	e2 f7       	brpl	.-8      	; 0x1f06 <DIO_enumSetPinValue+0x52>
    1f0e:	28 2b       	or	r18, r24
    1f10:	22 bb       	out	0x12, r18	; 18
    1f12:	80 e0       	ldi	r24, 0x00	; 0
    1f14:	08 95       	ret
			default:
				Local_enumErrorState = DIO_ERR_INVALID_PORT;
				break;
			}
		} else if (Copy_u8Value == DIO_LOW) {
			switch (Copy_u8Port) {
    1f16:	82 30       	cpi	r24, 0x02	; 2
    1f18:	51 f1       	breq	.+84     	; 0x1f6e <DIO_enumSetPinValue+0xba>
    1f1a:	83 30       	cpi	r24, 0x03	; 3
    1f1c:	d9 f0       	breq	.+54     	; 0x1f54 <DIO_enumSetPinValue+0xa0>
			case DIO_PORTC:
				CLR_BIT(PORTC, Copy_u8Pin);
				break;
			case DIO_PORTD:
				CLR_BIT(PORTD, Copy_u8Pin);
				break;
    1f1e:	81 e0       	ldi	r24, 0x01	; 1
		}
	} else {
		Local_enumErrorState = DIO_ERR_INVALID_PIN;
	}
	return Local_enumErrorState;
}
    1f20:	08 95       	ret
			switch (Copy_u8Port) {
			case DIO_PORTA:
				CLR_BIT(PORTA, Copy_u8Pin);
				break;
			case DIO_PORTB:
				CLR_BIT(PORTB, Copy_u8Pin);
    1f22:	28 b3       	in	r18, 0x18	; 24
    1f24:	81 e0       	ldi	r24, 0x01	; 1
    1f26:	90 e0       	ldi	r25, 0x00	; 0
    1f28:	02 c0       	rjmp	.+4      	; 0x1f2e <DIO_enumSetPinValue+0x7a>
    1f2a:	88 0f       	add	r24, r24
    1f2c:	99 1f       	adc	r25, r25
    1f2e:	6a 95       	dec	r22
    1f30:	e2 f7       	brpl	.-8      	; 0x1f2a <DIO_enumSetPinValue+0x76>
    1f32:	80 95       	com	r24
    1f34:	82 23       	and	r24, r18
    1f36:	88 bb       	out	0x18, r24	; 24
    1f38:	80 e0       	ldi	r24, 0x00	; 0
    1f3a:	08 95       	ret

	if (Copy_u8Pin <= DIO_PIN7) {
		if (Copy_u8Value == DIO_HIGH) {
			switch (Copy_u8Port) {
			case DIO_PORTA:
				SET_BIT(PORTA, Copy_u8Pin);
    1f3c:	2b b3       	in	r18, 0x1b	; 27
    1f3e:	81 e0       	ldi	r24, 0x01	; 1
    1f40:	90 e0       	ldi	r25, 0x00	; 0
    1f42:	02 c0       	rjmp	.+4      	; 0x1f48 <DIO_enumSetPinValue+0x94>
    1f44:	88 0f       	add	r24, r24
    1f46:	99 1f       	adc	r25, r25
    1f48:	6a 95       	dec	r22
    1f4a:	e2 f7       	brpl	.-8      	; 0x1f44 <DIO_enumSetPinValue+0x90>
    1f4c:	28 2b       	or	r18, r24
    1f4e:	2b bb       	out	0x1b, r18	; 27
    1f50:	80 e0       	ldi	r24, 0x00	; 0
    1f52:	08 95       	ret
				break;
			case DIO_PORTC:
				CLR_BIT(PORTC, Copy_u8Pin);
				break;
			case DIO_PORTD:
				CLR_BIT(PORTD, Copy_u8Pin);
    1f54:	22 b3       	in	r18, 0x12	; 18
    1f56:	81 e0       	ldi	r24, 0x01	; 1
    1f58:	90 e0       	ldi	r25, 0x00	; 0
    1f5a:	02 c0       	rjmp	.+4      	; 0x1f60 <DIO_enumSetPinValue+0xac>
    1f5c:	88 0f       	add	r24, r24
    1f5e:	99 1f       	adc	r25, r25
    1f60:	6a 95       	dec	r22
    1f62:	e2 f7       	brpl	.-8      	; 0x1f5c <DIO_enumSetPinValue+0xa8>
    1f64:	80 95       	com	r24
    1f66:	82 23       	and	r24, r18
    1f68:	82 bb       	out	0x12, r24	; 18
    1f6a:	80 e0       	ldi	r24, 0x00	; 0
    1f6c:	08 95       	ret
				break;
			case DIO_PORTB:
				CLR_BIT(PORTB, Copy_u8Pin);
				break;
			case DIO_PORTC:
				CLR_BIT(PORTC, Copy_u8Pin);
    1f6e:	25 b3       	in	r18, 0x15	; 21
    1f70:	81 e0       	ldi	r24, 0x01	; 1
    1f72:	90 e0       	ldi	r25, 0x00	; 0
    1f74:	02 c0       	rjmp	.+4      	; 0x1f7a <DIO_enumSetPinValue+0xc6>
    1f76:	88 0f       	add	r24, r24
    1f78:	99 1f       	adc	r25, r25
    1f7a:	6a 95       	dec	r22
    1f7c:	e2 f7       	brpl	.-8      	; 0x1f76 <DIO_enumSetPinValue+0xc2>
    1f7e:	80 95       	com	r24
    1f80:	82 23       	and	r24, r18
    1f82:	85 bb       	out	0x15, r24	; 21
    1f84:	80 e0       	ldi	r24, 0x00	; 0
    1f86:	08 95       	ret
			switch (Copy_u8Port) {
			case DIO_PORTA:
				SET_BIT(PORTA, Copy_u8Pin);
				break;
			case DIO_PORTB:
				SET_BIT(PORTB, Copy_u8Pin);
    1f88:	28 b3       	in	r18, 0x18	; 24
    1f8a:	81 e0       	ldi	r24, 0x01	; 1
    1f8c:	90 e0       	ldi	r25, 0x00	; 0
    1f8e:	02 c0       	rjmp	.+4      	; 0x1f94 <DIO_enumSetPinValue+0xe0>
    1f90:	88 0f       	add	r24, r24
    1f92:	99 1f       	adc	r25, r25
    1f94:	6a 95       	dec	r22
    1f96:	e2 f7       	brpl	.-8      	; 0x1f90 <DIO_enumSetPinValue+0xdc>
    1f98:	28 2b       	or	r18, r24
    1f9a:	28 bb       	out	0x18, r18	; 24
    1f9c:	80 e0       	ldi	r24, 0x00	; 0
    1f9e:	08 95       	ret
				break;
			case DIO_PORTC:
				SET_BIT(PORTC, Copy_u8Pin);
    1fa0:	25 b3       	in	r18, 0x15	; 21
    1fa2:	81 e0       	ldi	r24, 0x01	; 1
    1fa4:	90 e0       	ldi	r25, 0x00	; 0
    1fa6:	02 c0       	rjmp	.+4      	; 0x1fac <DIO_enumSetPinValue+0xf8>
    1fa8:	88 0f       	add	r24, r24
    1faa:	99 1f       	adc	r25, r25
    1fac:	6a 95       	dec	r22
    1fae:	e2 f7       	brpl	.-8      	; 0x1fa8 <DIO_enumSetPinValue+0xf4>
    1fb0:	28 2b       	or	r18, r24
    1fb2:	25 bb       	out	0x15, r18	; 21
    1fb4:	80 e0       	ldi	r24, 0x00	; 0
    1fb6:	08 95       	ret

00001fb8 <DIO_enumGetPinValue>:
	}
	return Local_enumErrorState;
}

DIO_ErrorStatus_t DIO_enumGetPinValue(u8 Copy_u8Port, u8 Copy_u8Pin,
		u8* Copy_pu8Value) {
    1fb8:	fa 01       	movw	r30, r20
	DIO_ErrorStatus_t Local_enumErrorState = DIO_OK;

	if (Copy_pu8Value == NULL) {
    1fba:	41 15       	cp	r20, r1
    1fbc:	51 05       	cpc	r21, r1
    1fbe:	41 f1       	breq	.+80     	; 0x2010 <DIO_enumGetPinValue+0x58>
		Local_enumErrorState = DIO_ERR_NULL_POINTER;
	} else if (Copy_u8Pin > DIO_PIN7) {
    1fc0:	68 30       	cpi	r22, 0x08	; 8
    1fc2:	50 f4       	brcc	.+20     	; 0x1fd8 <DIO_enumGetPinValue+0x20>
		Local_enumErrorState = DIO_ERR_INVALID_PIN;
	} else {
		switch (Copy_u8Port) {
    1fc4:	81 30       	cpi	r24, 0x01	; 1
    1fc6:	11 f1       	breq	.+68     	; 0x200c <DIO_enumGetPinValue+0x54>
    1fc8:	81 30       	cpi	r24, 0x01	; 1
    1fca:	40 f0       	brcs	.+16     	; 0x1fdc <DIO_enumGetPinValue+0x24>
    1fcc:	82 30       	cpi	r24, 0x02	; 2
    1fce:	e1 f0       	breq	.+56     	; 0x2008 <DIO_enumGetPinValue+0x50>
    1fd0:	83 30       	cpi	r24, 0x03	; 3
    1fd2:	79 f0       	breq	.+30     	; 0x1ff2 <DIO_enumGetPinValue+0x3a>
    1fd4:	81 e0       	ldi	r24, 0x01	; 1
    1fd6:	08 95       	ret
		u8* Copy_pu8Value) {
	DIO_ErrorStatus_t Local_enumErrorState = DIO_OK;

	if (Copy_pu8Value == NULL) {
		Local_enumErrorState = DIO_ERR_NULL_POINTER;
	} else if (Copy_u8Pin > DIO_PIN7) {
    1fd8:	82 e0       	ldi	r24, 0x02	; 2
    1fda:	08 95       	ret
		Local_enumErrorState = DIO_ERR_INVALID_PIN;
	} else {
		switch (Copy_u8Port) {
		case DIO_PORTA:
			*Copy_pu8Value = GET_BIT(PINA, Copy_u8Pin);
    1fdc:	89 b3       	in	r24, 0x19	; 25
			break;
		case DIO_PORTB:
			*Copy_pu8Value = GET_BIT(PINB, Copy_u8Pin);
			break;
		case DIO_PORTC:
			*Copy_pu8Value = GET_BIT(PINC, Copy_u8Pin);
    1fde:	90 e0       	ldi	r25, 0x00	; 0
    1fe0:	02 c0       	rjmp	.+4      	; 0x1fe6 <DIO_enumGetPinValue+0x2e>
    1fe2:	95 95       	asr	r25
    1fe4:	87 95       	ror	r24
    1fe6:	6a 95       	dec	r22
    1fe8:	e2 f7       	brpl	.-8      	; 0x1fe2 <DIO_enumGetPinValue+0x2a>
    1fea:	81 70       	andi	r24, 0x01	; 1
    1fec:	80 83       	st	Z, r24
    1fee:	80 e0       	ldi	r24, 0x00	; 0
    1ff0:	08 95       	ret
			break;
		case DIO_PORTD:
			*Copy_pu8Value = GET_BIT(PIND, Copy_u8Pin);
    1ff2:	80 b3       	in	r24, 0x10	; 16
    1ff4:	90 e0       	ldi	r25, 0x00	; 0
    1ff6:	02 c0       	rjmp	.+4      	; 0x1ffc <DIO_enumGetPinValue+0x44>
    1ff8:	95 95       	asr	r25
    1ffa:	87 95       	ror	r24
    1ffc:	6a 95       	dec	r22
    1ffe:	e2 f7       	brpl	.-8      	; 0x1ff8 <DIO_enumGetPinValue+0x40>
    2000:	81 70       	andi	r24, 0x01	; 1
    2002:	80 83       	st	Z, r24
    2004:	80 e0       	ldi	r24, 0x00	; 0
			Local_enumErrorState = DIO_ERR_INVALID_PORT;
			break;
		}
	}
	return Local_enumErrorState;
}
    2006:	08 95       	ret
			break;
		case DIO_PORTB:
			*Copy_pu8Value = GET_BIT(PINB, Copy_u8Pin);
			break;
		case DIO_PORTC:
			*Copy_pu8Value = GET_BIT(PINC, Copy_u8Pin);
    2008:	83 b3       	in	r24, 0x13	; 19
    200a:	e9 cf       	rjmp	.-46     	; 0x1fde <DIO_enumGetPinValue+0x26>
		switch (Copy_u8Port) {
		case DIO_PORTA:
			*Copy_pu8Value = GET_BIT(PINA, Copy_u8Pin);
			break;
		case DIO_PORTB:
			*Copy_pu8Value = GET_BIT(PINB, Copy_u8Pin);
    200c:	86 b3       	in	r24, 0x16	; 22
    200e:	e7 cf       	rjmp	.-50     	; 0x1fde <DIO_enumGetPinValue+0x26>

DIO_ErrorStatus_t DIO_enumGetPinValue(u8 Copy_u8Port, u8 Copy_u8Pin,
		u8* Copy_pu8Value) {
	DIO_ErrorStatus_t Local_enumErrorState = DIO_OK;

	if (Copy_pu8Value == NULL) {
    2010:	85 e0       	ldi	r24, 0x05	; 5
    2012:	08 95       	ret

00002014 <DIO_enumSetPortDirection>:
	return Local_enumErrorState;
}

DIO_ErrorStatus_t DIO_enumSetPortDirection(u8 Copy_u8Port, u8 Copy_u8Direction) {
	DIO_ErrorStatus_t Local_enumErrorState = DIO_OK;
	switch (Copy_u8Port) {
    2014:	81 30       	cpi	r24, 0x01	; 1
    2016:	71 f0       	breq	.+28     	; 0x2034 <DIO_enumSetPortDirection+0x20>
    2018:	81 30       	cpi	r24, 0x01	; 1
    201a:	30 f0       	brcs	.+12     	; 0x2028 <DIO_enumSetPortDirection+0x14>
    201c:	82 30       	cpi	r24, 0x02	; 2
    201e:	69 f0       	breq	.+26     	; 0x203a <DIO_enumSetPortDirection+0x26>
    2020:	83 30       	cpi	r24, 0x03	; 3
    2022:	29 f0       	breq	.+10     	; 0x202e <DIO_enumSetPortDirection+0x1a>
    2024:	81 e0       	ldi	r24, 0x01	; 1
    2026:	08 95       	ret
	case DIO_PORTA:
		DDRA = Copy_u8Direction;
    2028:	6a bb       	out	0x1a, r22	; 26
    202a:	80 e0       	ldi	r24, 0x00	; 0
    202c:	08 95       	ret
		break;
	case DIO_PORTC:
		DDRC = Copy_u8Direction;
		break;
	case DIO_PORTD:
		DDRD = Copy_u8Direction;
    202e:	61 bb       	out	0x11, r22	; 17
    2030:	80 e0       	ldi	r24, 0x00	; 0
	default:
		Local_enumErrorState = DIO_ERR_INVALID_PORT;
		break;
	}
	return Local_enumErrorState;
}
    2032:	08 95       	ret
	switch (Copy_u8Port) {
	case DIO_PORTA:
		DDRA = Copy_u8Direction;
		break;
	case DIO_PORTB:
		DDRB = Copy_u8Direction;
    2034:	67 bb       	out	0x17, r22	; 23
    2036:	80 e0       	ldi	r24, 0x00	; 0
    2038:	08 95       	ret
		break;
	case DIO_PORTC:
		DDRC = Copy_u8Direction;
    203a:	64 bb       	out	0x14, r22	; 20
    203c:	80 e0       	ldi	r24, 0x00	; 0
    203e:	08 95       	ret

00002040 <DIO_enumSetPortValue>:
	return Local_enumErrorState;
}

DIO_ErrorStatus_t DIO_enumSetPortValue(u8 Copy_u8Port, u8 Copy_u8Value) {
	DIO_ErrorStatus_t Local_enumErrorState = DIO_OK;
	switch (Copy_u8Port) {
    2040:	81 30       	cpi	r24, 0x01	; 1
    2042:	71 f0       	breq	.+28     	; 0x2060 <DIO_enumSetPortValue+0x20>
    2044:	81 30       	cpi	r24, 0x01	; 1
    2046:	30 f0       	brcs	.+12     	; 0x2054 <DIO_enumSetPortValue+0x14>
    2048:	82 30       	cpi	r24, 0x02	; 2
    204a:	69 f0       	breq	.+26     	; 0x2066 <DIO_enumSetPortValue+0x26>
    204c:	83 30       	cpi	r24, 0x03	; 3
    204e:	29 f0       	breq	.+10     	; 0x205a <DIO_enumSetPortValue+0x1a>
    2050:	81 e0       	ldi	r24, 0x01	; 1
    2052:	08 95       	ret
	case DIO_PORTA:
		PORTA = Copy_u8Value;
    2054:	6b bb       	out	0x1b, r22	; 27
    2056:	80 e0       	ldi	r24, 0x00	; 0
    2058:	08 95       	ret
		break;
	case DIO_PORTC:
		PORTC = Copy_u8Value;
		break;
	case DIO_PORTD:
		PORTD = Copy_u8Value;
    205a:	62 bb       	out	0x12, r22	; 18
    205c:	80 e0       	ldi	r24, 0x00	; 0
	default:
		Local_enumErrorState = DIO_ERR_INVALID_PORT;
		break;
	}
	return Local_enumErrorState;
}
    205e:	08 95       	ret
	switch (Copy_u8Port) {
	case DIO_PORTA:
		PORTA = Copy_u8Value;
		break;
	case DIO_PORTB:
		PORTB = Copy_u8Value;
    2060:	68 bb       	out	0x18, r22	; 24
    2062:	80 e0       	ldi	r24, 0x00	; 0
    2064:	08 95       	ret
		break;
	case DIO_PORTC:
		PORTC = Copy_u8Value;
    2066:	65 bb       	out	0x15, r22	; 21
    2068:	80 e0       	ldi	r24, 0x00	; 0
    206a:	08 95       	ret

0000206c <DIO_enumGetPortValue>:
		break;
	}
	return Local_enumErrorState;
}

DIO_ErrorStatus_t DIO_enumGetPortValue(u8 Copy_u8Port, u8* Copy_pu8Value) {
    206c:	fb 01       	movw	r30, r22
	DIO_ErrorStatus_t Local_enumErrorState = DIO_OK;
	if (Copy_pu8Value == NULL) {
    206e:	61 15       	cp	r22, r1
    2070:	71 05       	cpc	r23, r1
    2072:	d1 f0       	breq	.+52     	; 0x20a8 <DIO_enumGetPortValue+0x3c>
		Local_enumErrorState = DIO_ERR_NULL_POINTER;
	} else {
		switch (Copy_u8Port) {
    2074:	81 30       	cpi	r24, 0x01	; 1
    2076:	a1 f0       	breq	.+40     	; 0x20a0 <DIO_enumGetPortValue+0x34>
    2078:	81 30       	cpi	r24, 0x01	; 1
    207a:	30 f0       	brcs	.+12     	; 0x2088 <DIO_enumGetPortValue+0x1c>
    207c:	82 30       	cpi	r24, 0x02	; 2
    207e:	61 f0       	breq	.+24     	; 0x2098 <DIO_enumGetPortValue+0x2c>
    2080:	83 30       	cpi	r24, 0x03	; 3
    2082:	31 f0       	breq	.+12     	; 0x2090 <DIO_enumGetPortValue+0x24>
    2084:	81 e0       	ldi	r24, 0x01	; 1
    2086:	08 95       	ret
		case DIO_PORTA:
			*Copy_pu8Value = PINA;
    2088:	89 b3       	in	r24, 0x19	; 25
    208a:	80 83       	st	Z, r24
    208c:	80 e0       	ldi	r24, 0x00	; 0
    208e:	08 95       	ret
			break;
		case DIO_PORTC:
			*Copy_pu8Value = PINC;
			break;
		case DIO_PORTD:
			*Copy_pu8Value = PIND;
    2090:	80 b3       	in	r24, 0x10	; 16
    2092:	80 83       	st	Z, r24
    2094:	80 e0       	ldi	r24, 0x00	; 0
			Local_enumErrorState = DIO_ERR_INVALID_PORT;
			break;
		}
	}
	return Local_enumErrorState;
}
    2096:	08 95       	ret
			break;
		case DIO_PORTB:
			*Copy_pu8Value = PINB;
			break;
		case DIO_PORTC:
			*Copy_pu8Value = PINC;
    2098:	83 b3       	in	r24, 0x13	; 19
    209a:	80 83       	st	Z, r24
    209c:	80 e0       	ldi	r24, 0x00	; 0
    209e:	08 95       	ret
		switch (Copy_u8Port) {
		case DIO_PORTA:
			*Copy_pu8Value = PINA;
			break;
		case DIO_PORTB:
			*Copy_pu8Value = PINB;
    20a0:	86 b3       	in	r24, 0x16	; 22
    20a2:	80 83       	st	Z, r24
    20a4:	80 e0       	ldi	r24, 0x00	; 0
    20a6:	08 95       	ret
	return Local_enumErrorState;
}

DIO_ErrorStatus_t DIO_enumGetPortValue(u8 Copy_u8Port, u8* Copy_pu8Value) {
	DIO_ErrorStatus_t Local_enumErrorState = DIO_OK;
	if (Copy_pu8Value == NULL) {
    20a8:	85 e0       	ldi	r24, 0x05	; 5
    20aa:	08 95       	ret

000020ac <DIO_enumTogglePinValue>:
}

DIO_ErrorStatus_t DIO_enumTogglePinValue(u8 Copy_u8Port, u8 Copy_u8Pin) {
    DIO_ErrorStatus_t Local_enumErrorState = DIO_OK;

    if (Copy_u8Pin <= DIO_PIN7) {
    20ac:	68 30       	cpi	r22, 0x08	; 8
    20ae:	50 f4       	brcc	.+20     	; 0x20c4 <DIO_enumTogglePinValue+0x18>
        switch (Copy_u8Port) {
    20b0:	81 30       	cpi	r24, 0x01	; 1
    20b2:	b1 f0       	breq	.+44     	; 0x20e0 <DIO_enumTogglePinValue+0x34>
    20b4:	81 30       	cpi	r24, 0x01	; 1
    20b6:	40 f0       	brcs	.+16     	; 0x20c8 <DIO_enumTogglePinValue+0x1c>
    20b8:	82 30       	cpi	r24, 0x02	; 2
    20ba:	51 f1       	breq	.+84     	; 0x2110 <DIO_enumTogglePinValue+0x64>
    20bc:	83 30       	cpi	r24, 0x03	; 3
    20be:	e1 f0       	breq	.+56     	; 0x20f8 <DIO_enumTogglePinValue+0x4c>
    20c0:	81 e0       	ldi	r24, 0x01	; 1
    20c2:	08 95       	ret
}

DIO_ErrorStatus_t DIO_enumTogglePinValue(u8 Copy_u8Port, u8 Copy_u8Pin) {
    DIO_ErrorStatus_t Local_enumErrorState = DIO_OK;

    if (Copy_u8Pin <= DIO_PIN7) {
    20c4:	82 e0       	ldi	r24, 0x02	; 2
    20c6:	08 95       	ret
        switch (Copy_u8Port) {
        case DIO_PORTA:
            TOG_BIT(PORTA, Copy_u8Pin);
    20c8:	2b b3       	in	r18, 0x1b	; 27
    20ca:	81 e0       	ldi	r24, 0x01	; 1
    20cc:	90 e0       	ldi	r25, 0x00	; 0
    20ce:	02 c0       	rjmp	.+4      	; 0x20d4 <DIO_enumTogglePinValue+0x28>
    20d0:	88 0f       	add	r24, r24
    20d2:	99 1f       	adc	r25, r25
    20d4:	6a 95       	dec	r22
    20d6:	e2 f7       	brpl	.-8      	; 0x20d0 <DIO_enumTogglePinValue+0x24>
    20d8:	28 27       	eor	r18, r24
    20da:	2b bb       	out	0x1b, r18	; 27
    20dc:	80 e0       	ldi	r24, 0x00	; 0
    20de:	08 95       	ret
            break;
        case DIO_PORTB:
            TOG_BIT(PORTB, Copy_u8Pin);
    20e0:	28 b3       	in	r18, 0x18	; 24
    20e2:	81 e0       	ldi	r24, 0x01	; 1
    20e4:	90 e0       	ldi	r25, 0x00	; 0
    20e6:	02 c0       	rjmp	.+4      	; 0x20ec <DIO_enumTogglePinValue+0x40>
    20e8:	88 0f       	add	r24, r24
    20ea:	99 1f       	adc	r25, r25
    20ec:	6a 95       	dec	r22
    20ee:	e2 f7       	brpl	.-8      	; 0x20e8 <DIO_enumTogglePinValue+0x3c>
    20f0:	28 27       	eor	r18, r24
    20f2:	28 bb       	out	0x18, r18	; 24
    20f4:	80 e0       	ldi	r24, 0x00	; 0
    20f6:	08 95       	ret
            break;
        case DIO_PORTC:
            TOG_BIT(PORTC, Copy_u8Pin);
            break;
        case DIO_PORTD:
            TOG_BIT(PORTD, Copy_u8Pin);
    20f8:	22 b3       	in	r18, 0x12	; 18
    20fa:	81 e0       	ldi	r24, 0x01	; 1
    20fc:	90 e0       	ldi	r25, 0x00	; 0
    20fe:	02 c0       	rjmp	.+4      	; 0x2104 <DIO_enumTogglePinValue+0x58>
    2100:	88 0f       	add	r24, r24
    2102:	99 1f       	adc	r25, r25
    2104:	6a 95       	dec	r22
    2106:	e2 f7       	brpl	.-8      	; 0x2100 <DIO_enumTogglePinValue+0x54>
    2108:	28 27       	eor	r18, r24
    210a:	22 bb       	out	0x12, r18	; 18
    210c:	80 e0       	ldi	r24, 0x00	; 0
    } else {
        Local_enumErrorState = DIO_ERR_INVALID_PIN;
    }

    return Local_enumErrorState;
}
    210e:	08 95       	ret
            break;
        case DIO_PORTB:
            TOG_BIT(PORTB, Copy_u8Pin);
            break;
        case DIO_PORTC:
            TOG_BIT(PORTC, Copy_u8Pin);
    2110:	25 b3       	in	r18, 0x15	; 21
    2112:	81 e0       	ldi	r24, 0x01	; 1
    2114:	90 e0       	ldi	r25, 0x00	; 0
    2116:	02 c0       	rjmp	.+4      	; 0x211c <DIO_enumTogglePinValue+0x70>
    2118:	88 0f       	add	r24, r24
    211a:	99 1f       	adc	r25, r25
    211c:	6a 95       	dec	r22
    211e:	e2 f7       	brpl	.-8      	; 0x2118 <DIO_enumTogglePinValue+0x6c>
    2120:	28 27       	eor	r18, r24
    2122:	25 bb       	out	0x15, r18	; 21
    2124:	80 e0       	ldi	r24, 0x00	; 0
    2126:	08 95       	ret

00002128 <ADC_enumStartConversion>:
#include "MADC_interface.h"

static void (*s_pvConversionCallback)(void) = NULL;

static ADC_ErrorStatus_t ADC_enumValidateChannel(u8 Copy_u8Channel) {
  if (Copy_u8Channel > ADC_CHANNEL_7) {
    2128:	88 30       	cpi	r24, 0x08	; 8
    212a:	10 f0       	brcs	.+4      	; 0x2130 <ADC_enumStartConversion+0x8>
    212c:	81 e0       	ldi	r24, 0x01	; 1
    ADC_voidConfigureMux(Copy_u8Channel);
    SET_BIT(ADCSRA, ADSC);
  }

  return Local_enumErrorState;
}
    212e:	08 95       	ret

  return ADC_OK;
}

static void ADC_voidConfigureMux(u8 Copy_u8Channel) {
  ADMUX = ADC_PRIVATE_REFS_BITS | (Copy_u8Channel & 0x0FU);
    2130:	8f 70       	andi	r24, 0x0F	; 15
    2132:	80 64       	ori	r24, 0x40	; 64
    2134:	87 b9       	out	0x07, r24	; 7
  ADC_ErrorStatus_t Local_enumErrorState =
      ADC_enumValidateChannel(Copy_u8Channel);

  if (Local_enumErrorState == ADC_OK) {
    ADC_voidConfigureMux(Copy_u8Channel);
    SET_BIT(ADCSRA, ADSC);
    2136:	36 9a       	sbi	0x06, 6	; 6
    2138:	80 e0       	ldi	r24, 0x00	; 0
    213a:	08 95       	ret

0000213c <ADC_enumGetConversionStatus>:
  }

  return Local_enumErrorState;
}

ADC_ErrorStatus_t ADC_enumGetConversionStatus(u8 *Copy_pu8Status) {
    213c:	fc 01       	movw	r30, r24
  ADC_ErrorStatus_t Local_enumErrorState = ADC_OK;

  if (Copy_pu8Status == NULL) {
    213e:	00 97       	sbiw	r24, 0x00	; 0
    2140:	71 f0       	breq	.+28     	; 0x215e <ADC_enumGetConversionStatus+0x22>
    Local_enumErrorState = ADC_ERR_NULL_POINTER;
  } else if (GET_BIT(ADCSRA, ADSC) == 1U) {
    2142:	86 b1       	in	r24, 0x06	; 6
    2144:	82 95       	swap	r24
    2146:	86 95       	lsr	r24
    2148:	86 95       	lsr	r24
    214a:	83 70       	andi	r24, 0x03	; 3
    214c:	80 fd       	sbrc	r24, 0
    214e:	04 c0       	rjmp	.+8      	; 0x2158 <ADC_enumGetConversionStatus+0x1c>
    *Copy_pu8Status = ADC_CONVERSION_BUSY;
  } else {
    *Copy_pu8Status = ADC_CONVERSION_COMPLETE;
    2150:	81 e0       	ldi	r24, 0x01	; 1
    2152:	80 83       	st	Z, r24
    2154:	80 e0       	ldi	r24, 0x00	; 0
  }

  return Local_enumErrorState;
}
    2156:	08 95       	ret
  ADC_ErrorStatus_t Local_enumErrorState = ADC_OK;

  if (Copy_pu8Status == NULL) {
    Local_enumErrorState = ADC_ERR_NULL_POINTER;
  } else if (GET_BIT(ADCSRA, ADSC) == 1U) {
    *Copy_pu8Status = ADC_CONVERSION_BUSY;
    2158:	10 82       	st	Z, r1
    215a:	80 e0       	ldi	r24, 0x00	; 0
    215c:	08 95       	ret
}

ADC_ErrorStatus_t ADC_enumGetConversionStatus(u8 *Copy_pu8Status) {
  ADC_ErrorStatus_t Local_enumErrorState = ADC_OK;

  if (Copy_pu8Status == NULL) {
    215e:	82 e0       	ldi	r24, 0x02	; 2
    2160:	08 95       	ret

00002162 <ADC_enumReadResult>:
  }

  return Local_enumErrorState;
}

ADC_ErrorStatus_t ADC_enumReadResult(u16 *Copy_pu16Result) {
    2162:	fc 01       	movw	r30, r24
  ADC_ErrorStatus_t Local_enumErrorState = ADC_OK;
  u8 local_u8LowByte;
  u8 local_u8HighByte;

  if (Copy_pu16Result == NULL) {
    2164:	00 97       	sbiw	r24, 0x00	; 0
    2166:	b9 f0       	breq	.+46     	; 0x2196 <ADC_enumReadResult+0x34>
    Local_enumErrorState = ADC_ERR_NULL_POINTER;
  } else if (GET_BIT(ADCSRA, ADSC) == 1U) {
    2168:	86 b1       	in	r24, 0x06	; 6
    216a:	82 95       	swap	r24
    216c:	86 95       	lsr	r24
    216e:	86 95       	lsr	r24
    2170:	83 70       	andi	r24, 0x03	; 3
    2172:	80 fd       	sbrc	r24, 0
    2174:	0e c0       	rjmp	.+28     	; 0x2192 <ADC_enumReadResult+0x30>
    Local_enumErrorState = ADC_ERR_CONVERSION_TIMEOUT;
  } else {
    /* ADCL must be read first on ATmega32. */
    local_u8LowByte = ADCL;
    2176:	24 b1       	in	r18, 0x04	; 4
    local_u8HighByte = ADCH;
    2178:	85 b1       	in	r24, 0x05	; 5

#if (ADC_RESULT_ADJUST == 1U)
    *Copy_pu16Result = ((u16)local_u8HighByte << 8) | local_u8LowByte;
#else
    *Copy_pu16Result = ((u16)(local_u8HighByte & 0x03U) << 8) | local_u8LowByte;
    217a:	90 e0       	ldi	r25, 0x00	; 0
    217c:	83 70       	andi	r24, 0x03	; 3
    217e:	90 70       	andi	r25, 0x00	; 0
    2180:	98 2f       	mov	r25, r24
    2182:	88 27       	eor	r24, r24
    2184:	30 e0       	ldi	r19, 0x00	; 0
    2186:	82 2b       	or	r24, r18
    2188:	93 2b       	or	r25, r19
    218a:	91 83       	std	Z+1, r25	; 0x01
    218c:	80 83       	st	Z, r24
    218e:	80 e0       	ldi	r24, 0x00	; 0
#endif
  }

  return Local_enumErrorState;
}
    2190:	08 95       	ret
  u8 local_u8LowByte;
  u8 local_u8HighByte;

  if (Copy_pu16Result == NULL) {
    Local_enumErrorState = ADC_ERR_NULL_POINTER;
  } else if (GET_BIT(ADCSRA, ADSC) == 1U) {
    2192:	83 e0       	ldi	r24, 0x03	; 3
    2194:	08 95       	ret
ADC_ErrorStatus_t ADC_enumReadResult(u16 *Copy_pu16Result) {
  ADC_ErrorStatus_t Local_enumErrorState = ADC_OK;
  u8 local_u8LowByte;
  u8 local_u8HighByte;

  if (Copy_pu16Result == NULL) {
    2196:	82 e0       	ldi	r24, 0x02	; 2
    2198:	08 95       	ret

0000219a <ADC_enumReadChannel>:
  }

  return Local_enumErrorState;
}

ADC_ErrorStatus_t ADC_enumReadChannel(u8 Copy_u8Channel, u16 *Copy_pu16Result) {
    219a:	cf 93       	push	r28
    219c:	df 93       	push	r29
    219e:	eb 01       	movw	r28, r22
  ADC_ErrorStatus_t Local_enumErrorState =
      ADC_enumStartConversion(Copy_u8Channel);
    21a0:	0e 94 94 10 	call	0x2128	; 0x2128 <ADC_enumStartConversion>
  u32 local_u32Timeout = 0U;

  if (Local_enumErrorState != ADC_OK) {
    21a4:	88 23       	and	r24, r24
    21a6:	b9 f4       	brne	.+46     	; 0x21d6 <ADC_enumReadChannel+0x3c>
    return Local_enumErrorState;
  }

  if (Copy_pu16Result == NULL) {
    21a8:	20 97       	sbiw	r28, 0x00	; 0
    21aa:	e1 f0       	breq	.+56     	; 0x21e4 <ADC_enumReadChannel+0x4a>
    21ac:	80 e0       	ldi	r24, 0x00	; 0
    21ae:	90 e0       	ldi	r25, 0x00	; 0
    21b0:	a0 e0       	ldi	r26, 0x00	; 0
    21b2:	b0 e0       	ldi	r27, 0x00	; 0
    21b4:	0b c0       	rjmp	.+22     	; 0x21cc <ADC_enumReadChannel+0x32>
    return ADC_ERR_NULL_POINTER;
  }

  while (GET_BIT(ADCSRA, ADSC) == 1U) {
    local_u32Timeout++;
    21b6:	01 96       	adiw	r24, 0x01	; 1
    21b8:	a1 1d       	adc	r26, r1
    21ba:	b1 1d       	adc	r27, r1

    if (local_u32Timeout > 5000000UL) {
    21bc:	81 34       	cpi	r24, 0x41	; 65
    21be:	2b e4       	ldi	r18, 0x4B	; 75
    21c0:	92 07       	cpc	r25, r18
    21c2:	2c e4       	ldi	r18, 0x4C	; 76
    21c4:	a2 07       	cpc	r26, r18
    21c6:	20 e0       	ldi	r18, 0x00	; 0
    21c8:	b2 07       	cpc	r27, r18
    21ca:	41 f0       	breq	.+16     	; 0x21dc <ADC_enumReadChannel+0x42>

  if (Copy_pu16Result == NULL) {
    return ADC_ERR_NULL_POINTER;
  }

  while (GET_BIT(ADCSRA, ADSC) == 1U) {
    21cc:	36 99       	sbic	0x06, 6	; 6
    21ce:	f3 cf       	rjmp	.-26     	; 0x21b6 <ADC_enumReadChannel+0x1c>
    if (local_u32Timeout > 5000000UL) {
      return ADC_ERR_CONVERSION_TIMEOUT;
    }
  }

  return ADC_enumReadResult(Copy_pu16Result);
    21d0:	ce 01       	movw	r24, r28
    21d2:	0e 94 b1 10 	call	0x2162	; 0x2162 <ADC_enumReadResult>
}
    21d6:	df 91       	pop	r29
    21d8:	cf 91       	pop	r28
    21da:	08 95       	ret
  }

  while (GET_BIT(ADCSRA, ADSC) == 1U) {
    local_u32Timeout++;

    if (local_u32Timeout > 5000000UL) {
    21dc:	83 e0       	ldi	r24, 0x03	; 3
      return ADC_ERR_CONVERSION_TIMEOUT;
    }
  }

  return ADC_enumReadResult(Copy_pu16Result);
}
    21de:	df 91       	pop	r29
    21e0:	cf 91       	pop	r28
    21e2:	08 95       	ret

  if (Local_enumErrorState != ADC_OK) {
    return Local_enumErrorState;
  }

  if (Copy_pu16Result == NULL) {
    21e4:	82 e0       	ldi	r24, 0x02	; 2
    21e6:	f7 cf       	rjmp	.-18     	; 0x21d6 <ADC_enumReadChannel+0x3c>

000021e8 <ADC_u8SetCallback>:

  return ADC_enumReadResult(Copy_pu16Result);
}

u8 ADC_u8SetCallback(void (*Copy_pvCallback)(void)) {
  s_pvConversionCallback = Copy_pvCallback;
    21e8:	90 93 da 02 	sts	0x02DA, r25
    21ec:	80 93 d9 02 	sts	0x02D9, r24
  return OK;
}
    21f0:	80 e0       	ldi	r24, 0x00	; 0
    21f2:	08 95       	ret

000021f4 <ADC_voidInit>:

  return ADC_OK;
}

static void ADC_voidConfigureMux(u8 Copy_u8Channel) {
  ADMUX = ADC_PRIVATE_REFS_BITS | (Copy_u8Channel & 0x0FU);
    21f4:	80 e4       	ldi	r24, 0x40	; 64
    21f6:	87 b9       	out	0x07, r24	; 7
#endif
}

void ADC_voidInit(void) {
  ADC_voidConfigureMux(ADC_DEFAULT_CHANNEL);
  ADCSRA = (1U << ADEN) | ADC_PRIVATE_PRESCALER_BITS;
    21f8:	87 e8       	ldi	r24, 0x87	; 135
    21fa:	86 b9       	out	0x06, r24	; 6
    21fc:	81 e3       	ldi	r24, 0x31	; 49
    21fe:	90 e0       	ldi	r25, 0x00	; 0
 * ----------------------------------------------------------------- */
static inline void DELAY_voidMs(u16 Copy_u16Ms)
{
    while (Copy_u16Ms--)
    {
        __builtin_avr_delay_cycles( DELAY_CYCLES_PER_MS );
    2200:	ef ec       	ldi	r30, 0xCF	; 207
    2202:	f7 e0       	ldi	r31, 0x07	; 7
    2204:	31 97       	sbiw	r30, 0x01	; 1
    2206:	f1 f7       	brne	.-4      	; 0x2204 <ADC_voidInit+0x10>
    2208:	00 c0       	rjmp	.+0      	; 0x220a <ADC_voidInit+0x16>
    220a:	00 00       	nop
/* -----------------------------------------------------------------
 * Millisecond delay
 * ----------------------------------------------------------------- */
static inline void DELAY_voidMs(u16 Copy_u16Ms)
{
    while (Copy_u16Ms--)
    220c:	01 97       	sbiw	r24, 0x01	; 1
    220e:	ff ef       	ldi	r31, 0xFF	; 255
    2210:	8f 3f       	cpi	r24, 0xFF	; 255
    2212:	9f 07       	cpc	r25, r31
    2214:	a9 f7       	brne	.-22     	; 0x2200 <ADC_voidInit+0xc>

  /* Allow ADC analog front-end to stabilize (datasheet). */
  DELAY_voidMs(50U);

  /* Discard the first conversion after enable. */
  SET_BIT(ADCSRA, ADSC);
    2216:	36 9a       	sbi	0x06, 6	; 6
    2218:	80 e0       	ldi	r24, 0x00	; 0
    221a:	90 e0       	ldi	r25, 0x00	; 0
    221c:	a0 e0       	ldi	r26, 0x00	; 0
    221e:	b0 e0       	ldi	r27, 0x00	; 0
    2220:	0b c0       	rjmp	.+22     	; 0x2238 <ADC_voidInit+0x44>
  u32 local_u32InitTimeout = 0U;
  while (GET_BIT(ADCSRA, ADSC) == 1U) {
    local_u32InitTimeout++;
    2222:	01 96       	adiw	r24, 0x01	; 1
    2224:	a1 1d       	adc	r26, r1
    2226:	b1 1d       	adc	r27, r1
    if (local_u32InitTimeout > 5000000UL) {
    2228:	81 34       	cpi	r24, 0x41	; 65
    222a:	2b e4       	ldi	r18, 0x4B	; 75
    222c:	92 07       	cpc	r25, r18
    222e:	2c e4       	ldi	r18, 0x4C	; 76
    2230:	a2 07       	cpc	r26, r18
    2232:	20 e0       	ldi	r18, 0x00	; 0
    2234:	b2 07       	cpc	r27, r18
    2236:	11 f0       	breq	.+4      	; 0x223c <ADC_voidInit+0x48>
  DELAY_voidMs(50U);

  /* Discard the first conversion after enable. */
  SET_BIT(ADCSRA, ADSC);
  u32 local_u32InitTimeout = 0U;
  while (GET_BIT(ADCSRA, ADSC) == 1U) {
    2238:	36 99       	sbic	0x06, 6	; 6
    223a:	f3 cf       	rjmp	.-26     	; 0x2222 <ADC_voidInit+0x2e>
    223c:	08 95       	ret

0000223e <HSSD_voidDisable>:
#endif
}

void HSSD_voidDisable(void) {
#if HSSD_TYPE == HSSD_COMMON_CATHODE_TYPE
    DIO_enumSetPinValue(HSSD_EN_PORT, HSSD_EN_PIN, DIO_HIGH);
    223e:	83 e0       	ldi	r24, 0x03	; 3
    2240:	60 e0       	ldi	r22, 0x00	; 0
    2242:	41 e0       	ldi	r20, 0x01	; 1
    2244:	0e 94 5a 0f 	call	0x1eb4	; 0x1eb4 <DIO_enumSetPinValue>
#elif HSSD_TYPE == HSSD_COMMON_ANODE_TYPE
    DIO_enumSetPinValue(HSSD_EN_PORT, HSSD_EN_PIN, DIO_LOW);
#endif
}
    2248:	08 95       	ret

0000224a <HSSD_voidEnable>:
    }
}

void HSSD_voidEnable(void) {
#if HSSD_TYPE == HSSD_COMMON_CATHODE_TYPE
    DIO_enumSetPinValue(HSSD_EN_PORT, HSSD_EN_PIN, DIO_LOW);
    224a:	83 e0       	ldi	r24, 0x03	; 3
    224c:	60 e0       	ldi	r22, 0x00	; 0
    224e:	40 e0       	ldi	r20, 0x00	; 0
    2250:	0e 94 5a 0f 	call	0x1eb4	; 0x1eb4 <DIO_enumSetPinValue>
#elif HSSD_TYPE == HSSD_COMMON_ANODE_TYPE
    DIO_enumSetPinValue(HSSD_EN_PORT, HSSD_EN_PIN, DIO_HIGH);
#endif
}
    2254:	08 95       	ret

00002256 <HSSD_voidDisplayNumber>:
    /* Set Enable Pin as Output */
    DIO_enumSetPinDirection(HSSD_EN_PORT, HSSD_EN_PIN, DIO_OUTPUT);
}

void HSSD_voidDisplayNumber(u8 Copy_u8Number) {
    if (Copy_u8Number < 10) {
    2256:	8a 30       	cpi	r24, 0x0A	; 10
    2258:	08 f0       	brcs	.+2      	; 0x225c <HSSD_voidDisplayNumber+0x6>
    225a:	08 95       	ret
#if HSSD_TYPE == HSSD_COMMON_CATHODE_TYPE
        DIO_enumSetPortValue(HSSD_DATA_PORT, HSSD_u8NumbersCC[Copy_u8Number]);
    225c:	e8 2f       	mov	r30, r24
    225e:	f0 e0       	ldi	r31, 0x00	; 0
    2260:	e7 5f       	subi	r30, 0xF7	; 247
    2262:	fd 4f       	sbci	r31, 0xFD	; 253
    2264:	82 e0       	ldi	r24, 0x02	; 2
    2266:	60 81       	ld	r22, Z
    2268:	0e 94 20 10 	call	0x2040	; 0x2040 <DIO_enumSetPortValue>
    226c:	08 95       	ret

0000226e <HSSD_voidInit>:
static const u8 HSSD_u8NumbersCC[10] = {0x3F, 0x06, 0x5B, 0x4F, 0x66, 0x6D, 0x7D, 0x07, 0x7F, 0x6F};
static const u8 HSSD_u8NumbersCA[10] = {0xC0, 0xF9, 0xA4, 0xB0, 0x99, 0x92, 0x82, 0xF8, 0x80, 0x90};

void HSSD_voidInit(void) {
    /* Set Data Port as Output */
    DIO_enumSetPortDirection(HSSD_DATA_PORT, DIO_PORT_OUTPUT);
    226e:	82 e0       	ldi	r24, 0x02	; 2
    2270:	6f ef       	ldi	r22, 0xFF	; 255
    2272:	0e 94 0a 10 	call	0x2014	; 0x2014 <DIO_enumSetPortDirection>
    
    /* Set Enable Pin as Output */
    DIO_enumSetPinDirection(HSSD_EN_PORT, HSSD_EN_PIN, DIO_OUTPUT);
    2276:	83 e0       	ldi	r24, 0x03	; 3
    2278:	60 e0       	ldi	r22, 0x00	; 0
    227a:	41 e0       	ldi	r20, 0x01	; 1
    227c:	0e 94 d8 0e 	call	0x1db0	; 0x1db0 <DIO_enumSetPinDirection>
}
    2280:	08 95       	ret

00002282 <HSERVO_voidSetAngle>:
  if (Copy_u8Angle > 180) {
    Copy_u8Angle = 180;
  }

  /* Map Angle (0-180) to Pulse Width (1000us - 2000us) */
  s_u16CurrentPulseUs =
    2282:	85 3b       	cpi	r24, 0xB5	; 181
    2284:	08 f0       	brcs	.+2      	; 0x2288 <HSERVO_voidSetAngle+0x6>
    2286:	84 eb       	ldi	r24, 0xB4	; 180
    2288:	68 2f       	mov	r22, r24
    228a:	70 e0       	ldi	r23, 0x00	; 0
    228c:	80 e0       	ldi	r24, 0x00	; 0
    228e:	90 e0       	ldi	r25, 0x00	; 0
    2290:	28 ee       	ldi	r18, 0xE8	; 232
    2292:	33 e0       	ldi	r19, 0x03	; 3
    2294:	40 e0       	ldi	r20, 0x00	; 0
    2296:	50 e0       	ldi	r21, 0x00	; 0
    2298:	0e 94 10 1d 	call	0x3a20	; 0x3a20 <__mulsi3>
    229c:	24 eb       	ldi	r18, 0xB4	; 180
    229e:	30 e0       	ldi	r19, 0x00	; 0
    22a0:	40 e0       	ldi	r20, 0x00	; 0
    22a2:	50 e0       	ldi	r21, 0x00	; 0
    22a4:	0e 94 2f 1d 	call	0x3a5e	; 0x3a5e <__udivmodsi4>
    22a8:	28 51       	subi	r18, 0x18	; 24
    22aa:	3c 4f       	sbci	r19, 0xFC	; 252
    22ac:	30 93 d3 01 	sts	0x01D3, r19
    22b0:	20 93 d2 01 	sts	0x01D2, r18
      HSERVO_MIN_PULSE_US +
      ((u32)Copy_u8Angle * (HSERVO_MAX_PULSE_US - HSERVO_MIN_PULSE_US)) / 180;
}
    22b4:	08 95       	ret

000022b6 <HSERVO_voidInit>:

static volatile u16 s_u16CurrentPulseUs = HSERVO_MIN_PULSE_US;

void HSERVO_voidInit(void) {
  /* Configure Servo Pin as Output */
  DIO_enumSetPinDirection(HSERVO_PORT, HSERVO_PIN, DIO_OUTPUT);
    22b6:	83 e0       	ldi	r24, 0x03	; 3
    22b8:	65 e0       	ldi	r22, 0x05	; 5
    22ba:	41 e0       	ldi	r20, 0x01	; 1
    22bc:	0e 94 d8 0e 	call	0x1db0	; 0x1db0 <DIO_enumSetPinDirection>
}
    22c0:	08 95       	ret

000022c2 <HPB_enumGetState>:
  if (Copy_pstButton->StableCount >= HPB_DEBOUNCE_SAMPLES) {
    Copy_pstButton->DebouncedState = local_u8RawState;
  }
}

STD_err_e HPB_enumGetState(const HPB_t *Copy_pstButton, u8 *Copy_pu8State) {
    22c2:	fc 01       	movw	r30, r24
    22c4:	db 01       	movw	r26, r22
  if (Copy_pstButton == NULL || Copy_pu8State == NULL) {
    22c6:	00 97       	sbiw	r24, 0x00	; 0
    22c8:	39 f0       	breq	.+14     	; 0x22d8 <HPB_enumGetState+0x16>
    22ca:	61 15       	cp	r22, r1
    22cc:	71 05       	cpc	r23, r1
    22ce:	21 f0       	breq	.+8      	; 0x22d8 <HPB_enumGetState+0x16>
    return PARAM_ERR;
  }

  *Copy_pu8State = Copy_pstButton->DebouncedState;
    22d0:	83 81       	ldd	r24, Z+3	; 0x03
    22d2:	8c 93       	st	X, r24
    22d4:	80 e0       	ldi	r24, 0x00	; 0
    22d6:	08 95       	ret
  return OK;
    22d8:	84 e0       	ldi	r24, 0x04	; 4
}
    22da:	08 95       	ret

000022dc <HPB_enumGetEdge>:

STD_err_e HPB_enumGetEdge(HPB_t *Copy_pstButton, u8 *Copy_pu8Edge) {
    22dc:	fc 01       	movw	r30, r24
    22de:	db 01       	movw	r26, r22
  if (Copy_pstButton == NULL || Copy_pu8Edge == NULL) {
    22e0:	00 97       	sbiw	r24, 0x00	; 0
    22e2:	81 f0       	breq	.+32     	; 0x2304 <HPB_enumGetEdge+0x28>
    22e4:	61 15       	cp	r22, r1
    22e6:	71 05       	cpc	r23, r1
    22e8:	69 f0       	breq	.+26     	; 0x2304 <HPB_enumGetEdge+0x28>
    return PARAM_ERR;
  }

  *Copy_pu8Edge = HPB_EDGE_NONE;
    22ea:	1c 92       	st	X, r1

  if (Copy_pstButton->DebouncedState != Copy_pstButton->PreviousDebouncedState) {
    22ec:	93 81       	ldd	r25, Z+3	; 0x03
    22ee:	84 81       	ldd	r24, Z+4	; 0x04
    22f0:	98 17       	cp	r25, r24
    22f2:	31 f0       	breq	.+12     	; 0x2300 <HPB_enumGetEdge+0x24>
    if (Copy_pstButton->DebouncedState == HPB_PRESSED) {
    22f4:	91 30       	cpi	r25, 0x01	; 1
    22f6:	41 f0       	breq	.+16     	; 0x2308 <HPB_enumGetEdge+0x2c>
      *Copy_pu8Edge = HPB_EDGE_PRESSED;
    } else {
      *Copy_pu8Edge = HPB_EDGE_RELEASED;
    22f8:	82 e0       	ldi	r24, 0x02	; 2
    22fa:	8c 93       	st	X, r24
    }

    Copy_pstButton->PreviousDebouncedState = Copy_pstButton->DebouncedState;
    22fc:	83 81       	ldd	r24, Z+3	; 0x03
    22fe:	84 83       	std	Z+4, r24	; 0x04
    2300:	80 e0       	ldi	r24, 0x00	; 0
    2302:	08 95       	ret
    2304:	84 e0       	ldi	r24, 0x04	; 4
  }

  return OK;
}
    2306:	08 95       	ret

  *Copy_pu8Edge = HPB_EDGE_NONE;

  if (Copy_pstButton->DebouncedState != Copy_pstButton->PreviousDebouncedState) {
    if (Copy_pstButton->DebouncedState == HPB_PRESSED) {
      *Copy_pu8Edge = HPB_EDGE_PRESSED;
    2308:	9c 93       	st	X, r25
    230a:	f8 cf       	rjmp	.-16     	; 0x22fc <HPB_enumGetEdge+0x20>

0000230c <HPB_voidGetState>:
    DIO_enumSetPinValue(Copy_u8Port, Copy_u8Pin, DIO_HIGH);
  }
}

void HPB_voidGetState(u8 Copy_u8Port, u8 Copy_u8Pin, u8 Copy_u8PullType,
                      u8 *Copy_pu8State) {
    230c:	ff 92       	push	r15
    230e:	0f 93       	push	r16
    2310:	1f 93       	push	r17
    2312:	df 93       	push	r29
    2314:	cf 93       	push	r28
    2316:	0f 92       	push	r0
    2318:	cd b7       	in	r28, 0x3d	; 61
    231a:	de b7       	in	r29, 0x3e	; 62
    231c:	f4 2e       	mov	r15, r20
    231e:	89 01       	movw	r16, r18
  if (Copy_pu8State != NULL) {
    2320:	21 15       	cp	r18, r1
    2322:	31 05       	cpc	r19, r1
    2324:	79 f0       	breq	.+30     	; 0x2344 <HPB_voidGetState+0x38>

#include "HPB_interface.h"

static u8 HPB_u8ReadLogicalState(u8 Copy_u8Port, u8 Copy_u8Pin,
                                 u8 Copy_u8PullType) {
  u8 local_u8PinValue = DIO_LOW;
    2326:	19 82       	std	Y+1, r1	; 0x01

  DIO_enumGetPinValue(Copy_u8Port, Copy_u8Pin, &local_u8PinValue);
    2328:	ae 01       	movw	r20, r28
    232a:	4f 5f       	subi	r20, 0xFF	; 255
    232c:	5f 4f       	sbci	r21, 0xFF	; 255
    232e:	0e 94 dc 0f 	call	0x1fb8	; 0x1fb8 <DIO_enumGetPinValue>

  if (Copy_u8PullType == HPB_PULL_UP) {
    2332:	81 e0       	ldi	r24, 0x01	; 1
    2334:	f8 16       	cp	r15, r24
    2336:	69 f0       	breq	.+26     	; 0x2352 <HPB_voidGetState+0x46>
    return (local_u8PinValue == DIO_LOW) ? HPB_PRESSED : HPB_RELEASED;
  }

  return (local_u8PinValue == DIO_HIGH) ? HPB_PRESSED : HPB_RELEASED;
    2338:	90 e0       	ldi	r25, 0x00	; 0
    233a:	89 81       	ldd	r24, Y+1	; 0x01
    233c:	81 30       	cpi	r24, 0x01	; 1
    233e:	69 f0       	breq	.+26     	; 0x235a <HPB_voidGetState+0x4e>
}

void HPB_voidGetState(u8 Copy_u8Port, u8 Copy_u8Pin, u8 Copy_u8PullType,
                      u8 *Copy_pu8State) {
  if (Copy_pu8State != NULL) {
    *Copy_pu8State =
    2340:	f8 01       	movw	r30, r16
    2342:	90 83       	st	Z, r25
        HPB_u8ReadLogicalState(Copy_u8Port, Copy_u8Pin, Copy_u8PullType);
  }
}
    2344:	0f 90       	pop	r0
    2346:	cf 91       	pop	r28
    2348:	df 91       	pop	r29
    234a:	1f 91       	pop	r17
    234c:	0f 91       	pop	r16
    234e:	ff 90       	pop	r15
    2350:	08 95       	ret
  u8 local_u8PinValue = DIO_LOW;

  DIO_enumGetPinValue(Copy_u8Port, Copy_u8Pin, &local_u8PinValue);

  if (Copy_u8PullType == HPB_PULL_UP) {
    return (local_u8PinValue == DIO_LOW) ? HPB_PRESSED : HPB_RELEASED;
    2352:	90 e0       	ldi	r25, 0x00	; 0
    2354:	89 81       	ldd	r24, Y+1	; 0x01
    2356:	88 23       	and	r24, r24
    2358:	99 f7       	brne	.-26     	; 0x2340 <HPB_voidGetState+0x34>
  }

  return (local_u8PinValue == DIO_HIGH) ? HPB_PRESSED : HPB_RELEASED;
    235a:	91 e0       	ldi	r25, 0x01	; 1
    235c:	f1 cf       	rjmp	.-30     	; 0x2340 <HPB_voidGetState+0x34>

0000235e <HPB_voidUpdate>:
  }

  return OK;
}

void HPB_voidUpdate(HPB_t *Copy_pstButton) {
    235e:	ef 92       	push	r14
    2360:	ff 92       	push	r15
    2362:	1f 93       	push	r17
    2364:	df 93       	push	r29
    2366:	cf 93       	push	r28
    2368:	0f 92       	push	r0
    236a:	cd b7       	in	r28, 0x3d	; 61
    236c:	de b7       	in	r29, 0x3e	; 62
    236e:	7c 01       	movw	r14, r24
  u8 local_u8RawState;

  if (Copy_pstButton == NULL) {
    2370:	00 97       	sbiw	r24, 0x00	; 0
    2372:	c1 f0       	breq	.+48     	; 0x23a4 <HPB_voidUpdate+0x46>
    return;
  }

  local_u8RawState =
    2374:	fc 01       	movw	r30, r24
    2376:	80 81       	ld	r24, Z
    2378:	61 81       	ldd	r22, Z+1	; 0x01
    237a:	12 81       	ldd	r17, Z+2	; 0x02

#include "HPB_interface.h"

static u8 HPB_u8ReadLogicalState(u8 Copy_u8Port, u8 Copy_u8Pin,
                                 u8 Copy_u8PullType) {
  u8 local_u8PinValue = DIO_LOW;
    237c:	19 82       	std	Y+1, r1	; 0x01

  DIO_enumGetPinValue(Copy_u8Port, Copy_u8Pin, &local_u8PinValue);
    237e:	ae 01       	movw	r20, r28
    2380:	4f 5f       	subi	r20, 0xFF	; 255
    2382:	5f 4f       	sbci	r21, 0xFF	; 255
    2384:	0e 94 dc 0f 	call	0x1fb8	; 0x1fb8 <DIO_enumGetPinValue>

  if (Copy_u8PullType == HPB_PULL_UP) {
    2388:	11 30       	cpi	r17, 0x01	; 1
    238a:	99 f0       	breq	.+38     	; 0x23b2 <HPB_voidUpdate+0x54>
    return (local_u8PinValue == DIO_LOW) ? HPB_PRESSED : HPB_RELEASED;
  }

  return (local_u8PinValue == DIO_HIGH) ? HPB_PRESSED : HPB_RELEASED;
    238c:	90 e0       	ldi	r25, 0x00	; 0
    238e:	89 81       	ldd	r24, Y+1	; 0x01
    2390:	81 30       	cpi	r24, 0x01	; 1
    2392:	99 f0       	breq	.+38     	; 0x23ba <HPB_voidUpdate+0x5c>

  local_u8RawState =
      HPB_u8ReadLogicalState(Copy_pstButton->Port, Copy_pstButton->Pin,
                             Copy_pstButton->PullType);

  if (local_u8RawState == Copy_pstButton->LastStableRaw) {
    2394:	f7 01       	movw	r30, r14
    2396:	25 81       	ldd	r18, Z+5	; 0x05
    2398:	29 17       	cp	r18, r25
    239a:	a1 f0       	breq	.+40     	; 0x23c4 <HPB_voidUpdate+0x66>
    if (Copy_pstButton->StableCount < HPB_DEBOUNCE_SAMPLES) {
      Copy_pstButton->StableCount++;
    }
  } else {
    Copy_pstButton->LastStableRaw = local_u8RawState;
    239c:	f7 01       	movw	r30, r14
    239e:	95 83       	std	Z+5, r25	; 0x05
    Copy_pstButton->StableCount = 1U;
    23a0:	81 e0       	ldi	r24, 0x01	; 1
    23a2:	86 83       	std	Z+6, r24	; 0x06
  }

  if (Copy_pstButton->StableCount >= HPB_DEBOUNCE_SAMPLES) {
    Copy_pstButton->DebouncedState = local_u8RawState;
  }
}
    23a4:	0f 90       	pop	r0
    23a6:	cf 91       	pop	r28
    23a8:	df 91       	pop	r29
    23aa:	1f 91       	pop	r17
    23ac:	ff 90       	pop	r15
    23ae:	ef 90       	pop	r14
    23b0:	08 95       	ret
  u8 local_u8PinValue = DIO_LOW;

  DIO_enumGetPinValue(Copy_u8Port, Copy_u8Pin, &local_u8PinValue);

  if (Copy_u8PullType == HPB_PULL_UP) {
    return (local_u8PinValue == DIO_LOW) ? HPB_PRESSED : HPB_RELEASED;
    23b2:	90 e0       	ldi	r25, 0x00	; 0
    23b4:	89 81       	ldd	r24, Y+1	; 0x01
    23b6:	88 23       	and	r24, r24
    23b8:	69 f7       	brne	.-38     	; 0x2394 <HPB_voidUpdate+0x36>
  }

  return (local_u8PinValue == DIO_HIGH) ? HPB_PRESSED : HPB_RELEASED;
    23ba:	91 e0       	ldi	r25, 0x01	; 1

  local_u8RawState =
      HPB_u8ReadLogicalState(Copy_pstButton->Port, Copy_pstButton->Pin,
                             Copy_pstButton->PullType);

  if (local_u8RawState == Copy_pstButton->LastStableRaw) {
    23bc:	f7 01       	movw	r30, r14
    23be:	25 81       	ldd	r18, Z+5	; 0x05
    23c0:	29 17       	cp	r18, r25
    23c2:	61 f7       	brne	.-40     	; 0x239c <HPB_voidUpdate+0x3e>
    if (Copy_pstButton->StableCount < HPB_DEBOUNCE_SAMPLES) {
    23c4:	86 81       	ldd	r24, Z+6	; 0x06
    23c6:	83 30       	cpi	r24, 0x03	; 3
    23c8:	20 f4       	brcc	.+8      	; 0x23d2 <HPB_voidUpdate+0x74>
      Copy_pstButton->StableCount++;
    23ca:	8f 5f       	subi	r24, 0xFF	; 255
    23cc:	86 83       	std	Z+6, r24	; 0x06
  } else {
    Copy_pstButton->LastStableRaw = local_u8RawState;
    Copy_pstButton->StableCount = 1U;
  }

  if (Copy_pstButton->StableCount >= HPB_DEBOUNCE_SAMPLES) {
    23ce:	83 30       	cpi	r24, 0x03	; 3
    23d0:	49 f7       	brne	.-46     	; 0x23a4 <HPB_voidUpdate+0x46>
    Copy_pstButton->DebouncedState = local_u8RawState;
    23d2:	f7 01       	movw	r30, r14
    23d4:	23 83       	std	Z+3, r18	; 0x03
  }
}
    23d6:	0f 90       	pop	r0
    23d8:	cf 91       	pop	r28
    23da:	df 91       	pop	r29
    23dc:	1f 91       	pop	r17
    23de:	ff 90       	pop	r15
    23e0:	ef 90       	pop	r14
    23e2:	08 95       	ret

000023e4 <HPB_voidInit>:
  }

  return OK;
}

void HPB_voidInit(u8 Copy_u8Port, u8 Copy_u8Pin, u8 Copy_u8PullType) {
    23e4:	ff 92       	push	r15
    23e6:	0f 93       	push	r16
    23e8:	1f 93       	push	r17
    23ea:	08 2f       	mov	r16, r24
    23ec:	f6 2e       	mov	r15, r22
    23ee:	14 2f       	mov	r17, r20
  DIO_enumSetPinDirection(Copy_u8Port, Copy_u8Pin, DIO_INPUT);
    23f0:	40 e0       	ldi	r20, 0x00	; 0
    23f2:	0e 94 d8 0e 	call	0x1db0	; 0x1db0 <DIO_enumSetPinDirection>

  if (Copy_u8PullType == HPB_PULL_UP) {
    23f6:	11 30       	cpi	r17, 0x01	; 1
    23f8:	21 f0       	breq	.+8      	; 0x2402 <HPB_voidInit+0x1e>
    DIO_enumSetPinValue(Copy_u8Port, Copy_u8Pin, DIO_HIGH);
  }
}
    23fa:	1f 91       	pop	r17
    23fc:	0f 91       	pop	r16
    23fe:	ff 90       	pop	r15
    2400:	08 95       	ret

void HPB_voidInit(u8 Copy_u8Port, u8 Copy_u8Pin, u8 Copy_u8PullType) {
  DIO_enumSetPinDirection(Copy_u8Port, Copy_u8Pin, DIO_INPUT);

  if (Copy_u8PullType == HPB_PULL_UP) {
    DIO_enumSetPinValue(Copy_u8Port, Copy_u8Pin, DIO_HIGH);
    2402:	80 2f       	mov	r24, r16
    2404:	6f 2d       	mov	r22, r15
    2406:	41 e0       	ldi	r20, 0x01	; 1
    2408:	0e 94 5a 0f 	call	0x1eb4	; 0x1eb4 <DIO_enumSetPinValue>
  }
}
    240c:	1f 91       	pop	r17
    240e:	0f 91       	pop	r16
    2410:	ff 90       	pop	r15
    2412:	08 95       	ret

00002414 <HPB_enumInit>:

  return (local_u8PinValue == DIO_HIGH) ? HPB_PRESSED : HPB_RELEASED;
}

STD_err_e HPB_enumInit(HPB_t *Copy_pstButton, u8 Copy_u8Port, u8 Copy_u8Pin,
                       u8 Copy_u8PullType) {
    2414:	ff 92       	push	r15
    2416:	0f 93       	push	r16
    2418:	1f 93       	push	r17
    241a:	fc 01       	movw	r30, r24
    241c:	16 2f       	mov	r17, r22
    241e:	04 2f       	mov	r16, r20
    2420:	f2 2e       	mov	r15, r18
  if (Copy_pstButton == NULL) {
    2422:	00 97       	sbiw	r24, 0x00	; 0
    2424:	a1 f0       	breq	.+40     	; 0x244e <HPB_enumInit+0x3a>
    return PARAM_ERR;
  }

  Copy_pstButton->Port = Copy_u8Port;
    2426:	60 83       	st	Z, r22
  Copy_pstButton->Pin = Copy_u8Pin;
    2428:	41 83       	std	Z+1, r20	; 0x01
  Copy_pstButton->PullType = Copy_u8PullType;
    242a:	22 83       	std	Z+2, r18	; 0x02
  Copy_pstButton->StableCount = 0U;
    242c:	16 82       	std	Z+6, r1	; 0x06
  Copy_pstButton->LastStableRaw = HPB_RELEASED;
    242e:	15 82       	std	Z+5, r1	; 0x05
  Copy_pstButton->DebouncedState = HPB_RELEASED;
    2430:	13 82       	std	Z+3, r1	; 0x03
  Copy_pstButton->PreviousDebouncedState = HPB_RELEASED;
    2432:	14 82       	std	Z+4, r1	; 0x04

  DIO_enumSetPinDirection(Copy_u8Port, Copy_u8Pin, DIO_INPUT);
    2434:	86 2f       	mov	r24, r22
    2436:	64 2f       	mov	r22, r20
    2438:	40 e0       	ldi	r20, 0x00	; 0
    243a:	0e 94 d8 0e 	call	0x1db0	; 0x1db0 <DIO_enumSetPinDirection>

  if (Copy_u8PullType == HPB_PULL_UP) {
    243e:	81 e0       	ldi	r24, 0x01	; 1
    2440:	f8 16       	cp	r15, r24
    2442:	51 f0       	breq	.+20     	; 0x2458 <HPB_enumInit+0x44>
    DIO_enumSetPinValue(Copy_u8Port, Copy_u8Pin, DIO_HIGH);
    2444:	80 e0       	ldi	r24, 0x00	; 0
  }

  return OK;
}
    2446:	1f 91       	pop	r17
    2448:	0f 91       	pop	r16
    244a:	ff 90       	pop	r15
    244c:	08 95       	ret
  return (local_u8PinValue == DIO_HIGH) ? HPB_PRESSED : HPB_RELEASED;
}

STD_err_e HPB_enumInit(HPB_t *Copy_pstButton, u8 Copy_u8Port, u8 Copy_u8Pin,
                       u8 Copy_u8PullType) {
  if (Copy_pstButton == NULL) {
    244e:	84 e0       	ldi	r24, 0x04	; 4
  if (Copy_u8PullType == HPB_PULL_UP) {
    DIO_enumSetPinValue(Copy_u8Port, Copy_u8Pin, DIO_HIGH);
  }

  return OK;
}
    2450:	1f 91       	pop	r17
    2452:	0f 91       	pop	r16
    2454:	ff 90       	pop	r15
    2456:	08 95       	ret
  Copy_pstButton->PreviousDebouncedState = HPB_RELEASED;

  DIO_enumSetPinDirection(Copy_u8Port, Copy_u8Pin, DIO_INPUT);

  if (Copy_u8PullType == HPB_PULL_UP) {
    DIO_enumSetPinValue(Copy_u8Port, Copy_u8Pin, DIO_HIGH);
    2458:	81 2f       	mov	r24, r17
    245a:	60 2f       	mov	r22, r16
    245c:	41 e0       	ldi	r20, 0x01	; 1
    245e:	0e 94 5a 0f 	call	0x1eb4	; 0x1eb4 <DIO_enumSetPinValue>
    2462:	f0 cf       	rjmp	.-32     	; 0x2444 <HPB_enumInit+0x30>

00002464 <LM35_enumReadTemperature>:
#include "../../MCAL/ADC/MADC_interface.h"
#include "../../CONFIG/LM35/HLM35_config.h"

#include "HLM35_interface.h"

LM35_ErrorStatus_t LM35_enumReadTemperature(u8 *Copy_pu8TempC) {
    2464:	0f 93       	push	r16
    2466:	1f 93       	push	r17
    2468:	df 93       	push	r29
    246a:	cf 93       	push	r28
    246c:	00 d0       	rcall	.+0      	; 0x246e <LM35_enumReadTemperature+0xa>
    246e:	cd b7       	in	r28, 0x3d	; 61
    2470:	de b7       	in	r29, 0x3e	; 62
    2472:	8c 01       	movw	r16, r24
    u16 local_u16AdcRaw   = 0U;
    u32 local_u32TempCalc = 0U;

    ADC_ErrorStatus_t local_enumAdcErr;

    if (Copy_pu8TempC == NULL) {
    2474:	00 97       	sbiw	r24, 0x00	; 0
    2476:	61 f1       	breq	.+88     	; 0x24d0 <LM35_enumReadTemperature+0x6c>
#include "../../CONFIG/LM35/HLM35_config.h"

#include "HLM35_interface.h"

LM35_ErrorStatus_t LM35_enumReadTemperature(u8 *Copy_pu8TempC) {
    u16 local_u16AdcRaw   = 0U;
    2478:	1a 82       	std	Y+2, r1	; 0x02
    247a:	19 82       	std	Y+1, r1	; 0x01
    if (Copy_pu8TempC == NULL) {
        return LM35_ERR_NULL_POINTER;
    }

    /* Perform a blocking ADC conversion on the LM35 channel */
    local_enumAdcErr = ADC_enumReadChannel(LM35_ADC_CHANNEL, &local_u16AdcRaw);
    247c:	80 e0       	ldi	r24, 0x00	; 0
    247e:	be 01       	movw	r22, r28
    2480:	6f 5f       	subi	r22, 0xFF	; 255
    2482:	7f 4f       	sbci	r23, 0xFF	; 255
    2484:	0e 94 cd 10 	call	0x219a	; 0x219a <ADC_enumReadChannel>
    if (local_enumAdcErr != ADC_OK) {
    2488:	88 23       	and	r24, r24
    248a:	d1 f4       	brne	.+52     	; 0x24c0 <LM35_enumReadTemperature+0x5c>
     * All intermediate values fit in u32 (max: 1023 × 5000 = 5,115,000 < 2^32).
     */
    local_u32TempCalc = ((u32)local_u16AdcRaw * (u32)LM35_VREF_MV) /
                        ((u32)LM35_ADC_RESOLUTION * (u32)LM35_MV_PER_DEGREE);

    *Copy_pu8TempC = (u8)local_u32TempCalc;
    248c:	69 81       	ldd	r22, Y+1	; 0x01
    248e:	7a 81       	ldd	r23, Y+2	; 0x02
    2490:	80 e0       	ldi	r24, 0x00	; 0
    2492:	90 e0       	ldi	r25, 0x00	; 0
    2494:	28 e8       	ldi	r18, 0x88	; 136
    2496:	33 e1       	ldi	r19, 0x13	; 19
    2498:	40 e0       	ldi	r20, 0x00	; 0
    249a:	50 e0       	ldi	r21, 0x00	; 0
    249c:	0e 94 10 1d 	call	0x3a20	; 0x3a20 <__mulsi3>
    24a0:	20 e0       	ldi	r18, 0x00	; 0
    24a2:	38 e2       	ldi	r19, 0x28	; 40
    24a4:	40 e0       	ldi	r20, 0x00	; 0
    24a6:	50 e0       	ldi	r21, 0x00	; 0
    24a8:	0e 94 2f 1d 	call	0x3a5e	; 0x3a5e <__udivmodsi4>
    24ac:	f8 01       	movw	r30, r16
    24ae:	20 83       	st	Z, r18
    24b0:	80 e0       	ldi	r24, 0x00	; 0

    return LM35_OK;
}
    24b2:	0f 90       	pop	r0
    24b4:	0f 90       	pop	r0
    24b6:	cf 91       	pop	r28
    24b8:	df 91       	pop	r29
    24ba:	1f 91       	pop	r17
    24bc:	0f 91       	pop	r16
    24be:	08 95       	ret
        return LM35_ERR_NULL_POINTER;
    }

    /* Perform a blocking ADC conversion on the LM35 channel */
    local_enumAdcErr = ADC_enumReadChannel(LM35_ADC_CHANNEL, &local_u16AdcRaw);
    if (local_enumAdcErr != ADC_OK) {
    24c0:	82 e0       	ldi	r24, 0x02	; 2
                        ((u32)LM35_ADC_RESOLUTION * (u32)LM35_MV_PER_DEGREE);

    *Copy_pu8TempC = (u8)local_u32TempCalc;

    return LM35_OK;
}
    24c2:	0f 90       	pop	r0
    24c4:	0f 90       	pop	r0
    24c6:	cf 91       	pop	r28
    24c8:	df 91       	pop	r29
    24ca:	1f 91       	pop	r17
    24cc:	0f 91       	pop	r16
    24ce:	08 95       	ret
    u16 local_u16AdcRaw   = 0U;
    u32 local_u32TempCalc = 0U;

    ADC_ErrorStatus_t local_enumAdcErr;

    if (Copy_pu8TempC == NULL) {
    24d0:	81 e0       	ldi	r24, 0x01	; 1
                        ((u32)LM35_ADC_RESOLUTION * (u32)LM35_MV_PER_DEGREE);

    *Copy_pu8TempC = (u8)local_u32TempCalc;

    return LM35_OK;
}
    24d2:	0f 90       	pop	r0
    24d4:	0f 90       	pop	r0
    24d6:	cf 91       	pop	r28
    24d8:	df 91       	pop	r29
    24da:	1f 91       	pop	r17
    24dc:	0f 91       	pop	r16
    24de:	08 95       	ret

000024e0 <HLED_voidToggleLed>:
    if (Copy_u8LedIdx < HLED_NUM_LEDS) {
        DIO_enumSetPinValue(HLED_PORT, Copy_u8LedIdx, Copy_u8State);
    }
}

void HLED_voidToggleLed(u8 Copy_u8LedIdx) {
    24e0:	1f 93       	push	r17
    24e2:	df 93       	push	r29
    24e4:	cf 93       	push	r28
    24e6:	0f 92       	push	r0
    24e8:	cd b7       	in	r28, 0x3d	; 61
    24ea:	de b7       	in	r29, 0x3e	; 62
    24ec:	18 2f       	mov	r17, r24
    u8 local_u8State;

    if (Copy_u8LedIdx < HLED_NUM_LEDS) {
    24ee:	88 30       	cpi	r24, 0x08	; 8
    24f0:	28 f0       	brcs	.+10     	; 0x24fc <HLED_voidToggleLed+0x1c>
        DIO_enumGetPinValue(HLED_PORT, Copy_u8LedIdx, &local_u8State);
        DIO_enumSetPinValue(HLED_PORT, Copy_u8LedIdx,
                            (local_u8State == DIO_HIGH) ? DIO_LOW : DIO_HIGH);
    }
}
    24f2:	0f 90       	pop	r0
    24f4:	cf 91       	pop	r28
    24f6:	df 91       	pop	r29
    24f8:	1f 91       	pop	r17
    24fa:	08 95       	ret

void HLED_voidToggleLed(u8 Copy_u8LedIdx) {
    u8 local_u8State;

    if (Copy_u8LedIdx < HLED_NUM_LEDS) {
        DIO_enumGetPinValue(HLED_PORT, Copy_u8LedIdx, &local_u8State);
    24fc:	80 e0       	ldi	r24, 0x00	; 0
    24fe:	61 2f       	mov	r22, r17
    2500:	ae 01       	movw	r20, r28
    2502:	4f 5f       	subi	r20, 0xFF	; 255
    2504:	5f 4f       	sbci	r21, 0xFF	; 255
    2506:	0e 94 dc 0f 	call	0x1fb8	; 0x1fb8 <DIO_enumGetPinValue>
        DIO_enumSetPinValue(HLED_PORT, Copy_u8LedIdx,
    250a:	40 e0       	ldi	r20, 0x00	; 0
    250c:	89 81       	ldd	r24, Y+1	; 0x01
    250e:	81 30       	cpi	r24, 0x01	; 1
    2510:	09 f0       	breq	.+2      	; 0x2514 <HLED_voidToggleLed+0x34>
    2512:	41 e0       	ldi	r20, 0x01	; 1
    2514:	80 e0       	ldi	r24, 0x00	; 0
    2516:	61 2f       	mov	r22, r17
    2518:	0e 94 5a 0f 	call	0x1eb4	; 0x1eb4 <DIO_enumSetPinValue>
                            (local_u8State == DIO_HIGH) ? DIO_LOW : DIO_HIGH);
    }
}
    251c:	0f 90       	pop	r0
    251e:	cf 91       	pop	r28
    2520:	df 91       	pop	r29
    2522:	1f 91       	pop	r17
    2524:	08 95       	ret

00002526 <HLED_voidSetLed>:
                        (Copy_u8Pattern & (1U << local_u8LedIdx)) ? DIO_HIGH
                                                                  : DIO_LOW);
    }
}

void HLED_voidSetLed(u8 Copy_u8LedIdx, u8 Copy_u8State) {
    2526:	98 2f       	mov	r25, r24
    2528:	46 2f       	mov	r20, r22
    if (Copy_u8LedIdx < HLED_NUM_LEDS) {
    252a:	88 30       	cpi	r24, 0x08	; 8
    252c:	08 f0       	brcs	.+2      	; 0x2530 <HLED_voidSetLed+0xa>
    252e:	08 95       	ret
        DIO_enumSetPinValue(HLED_PORT, Copy_u8LedIdx, Copy_u8State);
    2530:	80 e0       	ldi	r24, 0x00	; 0
    2532:	69 2f       	mov	r22, r25
    2534:	0e 94 5a 0f 	call	0x1eb4	; 0x1eb4 <DIO_enumSetPinValue>
    2538:	08 95       	ret

0000253a <HLED_voidClearAll>:
        DIO_enumSetPinValue(HLED_PORT, Copy_u8LedIdx,
                            (local_u8State == DIO_HIGH) ? DIO_LOW : DIO_HIGH);
    }
}

void HLED_voidClearAll(void) {
    253a:	1f 93       	push	r17
    253c:	10 e0       	ldi	r17, 0x00	; 0
    }
}

void HLED_voidSetLed(u8 Copy_u8LedIdx, u8 Copy_u8State) {
    if (Copy_u8LedIdx < HLED_NUM_LEDS) {
        DIO_enumSetPinValue(HLED_PORT, Copy_u8LedIdx, Copy_u8State);
    253e:	80 e0       	ldi	r24, 0x00	; 0
    2540:	61 2f       	mov	r22, r17
    2542:	40 e0       	ldi	r20, 0x00	; 0
    2544:	0e 94 5a 0f 	call	0x1eb4	; 0x1eb4 <DIO_enumSetPinValue>
}

void HLED_voidClearAll(void) {
    u8 local_u8LedIdx;

    for (local_u8LedIdx = 0U; local_u8LedIdx < HLED_NUM_LEDS; local_u8LedIdx++) {
    2548:	1f 5f       	subi	r17, 0xFF	; 255
    254a:	18 30       	cpi	r17, 0x08	; 8
    254c:	c1 f7       	brne	.-16     	; 0x253e <HLED_voidClearAll+0x4>
        HLED_voidSetLed(local_u8LedIdx, DIO_LOW);
    }
}
    254e:	1f 91       	pop	r17
    2550:	08 95       	ret

00002552 <HLED_voidWritePattern>:
        DIO_enumSetPinDirection(HLED_PORT, local_u8LedIdx, DIO_OUTPUT);
    }
    HLED_voidClearAll();
}

void HLED_voidWritePattern(u8 Copy_u8Pattern) {
    2552:	0f 93       	push	r16
    2554:	1f 93       	push	r17
    2556:	cf 93       	push	r28
    2558:	df 93       	push	r29
    255a:	08 2f       	mov	r16, r24
    255c:	10 e0       	ldi	r17, 0x00	; 0
    255e:	c0 e0       	ldi	r28, 0x00	; 0
    2560:	d0 e0       	ldi	r29, 0x00	; 0
    }
}

void HLED_voidSetLed(u8 Copy_u8LedIdx, u8 Copy_u8State) {
    if (Copy_u8LedIdx < HLED_NUM_LEDS) {
        DIO_enumSetPinValue(HLED_PORT, Copy_u8LedIdx, Copy_u8State);
    2562:	a8 01       	movw	r20, r16
    2564:	0c 2e       	mov	r0, r28
    2566:	02 c0       	rjmp	.+4      	; 0x256c <HLED_voidWritePattern+0x1a>
    2568:	56 95       	lsr	r21
    256a:	47 95       	ror	r20
    256c:	0a 94       	dec	r0
    256e:	e2 f7       	brpl	.-8      	; 0x2568 <HLED_voidWritePattern+0x16>
    2570:	41 70       	andi	r20, 0x01	; 1
    2572:	80 e0       	ldi	r24, 0x00	; 0
    2574:	6c 2f       	mov	r22, r28
    2576:	0e 94 5a 0f 	call	0x1eb4	; 0x1eb4 <DIO_enumSetPinValue>
    257a:	21 96       	adiw	r28, 0x01	; 1
}

void HLED_voidWritePattern(u8 Copy_u8Pattern) {
    u8 local_u8LedIdx;

    for (local_u8LedIdx = 0U; local_u8LedIdx < HLED_NUM_LEDS; local_u8LedIdx++) {
    257c:	c8 30       	cpi	r28, 0x08	; 8
    257e:	d1 05       	cpc	r29, r1
    2580:	81 f7       	brne	.-32     	; 0x2562 <HLED_voidWritePattern+0x10>
        HLED_voidSetLed(local_u8LedIdx,
                        (Copy_u8Pattern & (1U << local_u8LedIdx)) ? DIO_HIGH
                                                                  : DIO_LOW);
    }
}
    2582:	df 91       	pop	r29
    2584:	cf 91       	pop	r28
    2586:	1f 91       	pop	r17
    2588:	0f 91       	pop	r16
    258a:	08 95       	ret

0000258c <HLED_voidSetSection>:
}

void HLED_voidSetSection(u8 Copy_u8Section) {
    u8 local_u8Pattern;

    if (Copy_u8Section >= (HLED_NUM_LEDS - 1U)) {
    258c:	87 30       	cpi	r24, 0x07	; 7
    258e:	78 f4       	brcc	.+30     	; 0x25ae <HLED_voidSetSection+0x22>
        local_u8Pattern = HLED_PORT_MASK;
    } else {
        local_u8Pattern = (u8)((1U << (Copy_u8Section + 1U)) - 1U);
    2590:	28 2f       	mov	r18, r24
    2592:	30 e0       	ldi	r19, 0x00	; 0
    2594:	2f 5f       	subi	r18, 0xFF	; 255
    2596:	3f 4f       	sbci	r19, 0xFF	; 255
    2598:	81 e0       	ldi	r24, 0x01	; 1
    259a:	90 e0       	ldi	r25, 0x00	; 0
    259c:	02 c0       	rjmp	.+4      	; 0x25a2 <HLED_voidSetSection+0x16>
    259e:	88 0f       	add	r24, r24
    25a0:	99 1f       	adc	r25, r25
    25a2:	2a 95       	dec	r18
    25a4:	e2 f7       	brpl	.-8      	; 0x259e <HLED_voidSetSection+0x12>
    25a6:	81 50       	subi	r24, 0x01	; 1
    }

    HLED_voidWritePattern(local_u8Pattern);
    25a8:	0e 94 a9 12 	call	0x2552	; 0x2552 <HLED_voidWritePattern>
}
    25ac:	08 95       	ret
}

void HLED_voidSetSection(u8 Copy_u8Section) {
    u8 local_u8Pattern;

    if (Copy_u8Section >= (HLED_NUM_LEDS - 1U)) {
    25ae:	8f ef       	ldi	r24, 0xFF	; 255
        local_u8Pattern = HLED_PORT_MASK;
    } else {
        local_u8Pattern = (u8)((1U << (Copy_u8Section + 1U)) - 1U);
    }

    HLED_voidWritePattern(local_u8Pattern);
    25b0:	0e 94 a9 12 	call	0x2552	; 0x2552 <HLED_voidWritePattern>
}
    25b4:	08 95       	ret

000025b6 <HLED_voidInit>:
#include "../../MCAL/DIO/MDIO_interface.h"
#include "../../CONFIG/LED/HLED_config.h"
#include "../../HW/LED/HLED_private.h"
#include "HLED_interface.h"

void HLED_voidInit(void) {
    25b6:	1f 93       	push	r17
    25b8:	10 e0       	ldi	r17, 0x00	; 0
    u8 local_u8LedIdx;

    for (local_u8LedIdx = 0U; local_u8LedIdx < HLED_NUM_LEDS; local_u8LedIdx++) {
        DIO_enumSetPinDirection(HLED_PORT, local_u8LedIdx, DIO_OUTPUT);
    25ba:	80 e0       	ldi	r24, 0x00	; 0
    25bc:	61 2f       	mov	r22, r17
    25be:	41 e0       	ldi	r20, 0x01	; 1
    25c0:	0e 94 d8 0e 	call	0x1db0	; 0x1db0 <DIO_enumSetPinDirection>
#include "HLED_interface.h"

void HLED_voidInit(void) {
    u8 local_u8LedIdx;

    for (local_u8LedIdx = 0U; local_u8LedIdx < HLED_NUM_LEDS; local_u8LedIdx++) {
    25c4:	1f 5f       	subi	r17, 0xFF	; 255
    25c6:	18 30       	cpi	r17, 0x08	; 8
    25c8:	c1 f7       	brne	.-16     	; 0x25ba <HLED_voidInit+0x4>
        DIO_enumSetPinDirection(HLED_PORT, local_u8LedIdx, DIO_OUTPUT);
    }
    HLED_voidClearAll();
    25ca:	0e 94 9d 12 	call	0x253a	; 0x253a <HLED_voidClearAll>
}
    25ce:	1f 91       	pop	r17
    25d0:	08 95       	ret

000025d2 <HLCD_I2C_voidSendI2CByte>:
#include "../../CONFIG/LCD_I2C/HLCD_I2C_config.h"
#include "../../HW/LCD_I2C/HLCD_I2C_private.h"
#include "HLCD_I2C_interface.h"

static void HLCD_I2C_voidSendI2CByte(u8 Copy_u8Data)
{
    25d2:	1f 93       	push	r17
    25d4:	18 2f       	mov	r17, r24
    MI2C_u8Start();
    25d6:	0e 94 fd 0c 	call	0x19fa	; 0x19fa <MI2C_u8Start>
    MI2C_u8SendAddress(HLCD_I2C_ADDRESS << 1);
    25da:	8e e4       	ldi	r24, 0x4E	; 78
    25dc:	0e 94 0e 0d 	call	0x1a1c	; 0x1a1c <MI2C_u8SendAddress>
    MI2C_u8WriteData(Copy_u8Data);
    25e0:	81 2f       	mov	r24, r17
    25e2:	0e 94 20 0d 	call	0x1a40	; 0x1a40 <MI2C_u8WriteData>
    MI2C_voidStop();
    25e6:	0e 94 56 0d 	call	0x1aac	; 0x1aac <MI2C_voidStop>
}
    25ea:	1f 91       	pop	r17
    25ec:	08 95       	ret

000025ee <HLCD_I2C_voidWriteNibble>:

static void HLCD_I2C_voidWriteNibble(u8 Copy_u8Nibble, u8 Copy_u8RsState)
{
    25ee:	1f 93       	push	r17
    u8 local_u8BaseByte = HLCD_I2C_BACKLIGHT_ON;

    if (Copy_u8RsState == DIO_HIGH) {
    25f0:	61 30       	cpi	r22, 0x01	; 1
    25f2:	d1 f0       	breq	.+52     	; 0x2628 <HLCD_I2C_voidWriteNibble+0x3a>
    25f4:	98 e0       	ldi	r25, 0x08	; 8
        local_u8BaseByte |= (1U << HLCD_I2C_RS_BIT);
    }

    local_u8BaseByte |= (Copy_u8Nibble << 4);
    25f6:	18 2f       	mov	r17, r24
    25f8:	12 95       	swap	r17
    25fa:	10 7f       	andi	r17, 0xF0	; 240
    25fc:	19 2b       	or	r17, r25

    HLCD_I2C_voidSendI2CByte(local_u8BaseByte | (1U << HLCD_I2C_EN_BIT));
    25fe:	81 2f       	mov	r24, r17
    2600:	84 60       	ori	r24, 0x04	; 4
    2602:	0e 94 e9 12 	call	0x25d2	; 0x25d2 <HLCD_I2C_voidSendI2CByte>
 * ----------------------------------------------------------------- */
static inline void DELAY_voidMs(u16 Copy_u16Ms)
{
    while (Copy_u16Ms--)
    {
        __builtin_avr_delay_cycles( DELAY_CYCLES_PER_MS );
    2606:	8f ec       	ldi	r24, 0xCF	; 207
    2608:	97 e0       	ldi	r25, 0x07	; 7
    260a:	01 97       	sbiw	r24, 0x01	; 1
    260c:	f1 f7       	brne	.-4      	; 0x260a <HLCD_I2C_voidWriteNibble+0x1c>
    260e:	00 c0       	rjmp	.+0      	; 0x2610 <HLCD_I2C_voidWriteNibble+0x22>
    2610:	00 00       	nop
    DELAY_voidMs(1);

    HLCD_I2C_voidSendI2CByte(local_u8BaseByte & ~(1U << HLCD_I2C_EN_BIT));
    2612:	81 2f       	mov	r24, r17
    2614:	0e 94 e9 12 	call	0x25d2	; 0x25d2 <HLCD_I2C_voidSendI2CByte>
    2618:	8f ec       	ldi	r24, 0xCF	; 207
    261a:	97 e0       	ldi	r25, 0x07	; 7
    261c:	01 97       	sbiw	r24, 0x01	; 1
    261e:	f1 f7       	brne	.-4      	; 0x261c <HLCD_I2C_voidWriteNibble+0x2e>
    2620:	00 c0       	rjmp	.+0      	; 0x2622 <HLCD_I2C_voidWriteNibble+0x34>
    2622:	00 00       	nop
    DELAY_voidMs(1);
}
    2624:	1f 91       	pop	r17
    2626:	08 95       	ret

static void HLCD_I2C_voidWriteNibble(u8 Copy_u8Nibble, u8 Copy_u8RsState)
{
    u8 local_u8BaseByte = HLCD_I2C_BACKLIGHT_ON;

    if (Copy_u8RsState == DIO_HIGH) {
    2628:	99 e0       	ldi	r25, 0x09	; 9
    262a:	e5 cf       	rjmp	.-54     	; 0x25f6 <HLCD_I2C_voidWriteNibble+0x8>

0000262c <HLCD_I2C_voidSendData>:
    HLCD_I2C_voidWriteNibble((Copy_u8Command >> 4) & 0x0F, DIO_LOW);
    HLCD_I2C_voidWriteNibble(Copy_u8Command & 0x0F, DIO_LOW);
}

void HLCD_I2C_voidSendData(u8 Copy_u8Data)
{
    262c:	1f 93       	push	r17
    262e:	18 2f       	mov	r17, r24
    HLCD_I2C_voidWriteNibble((Copy_u8Data >> 4) & 0x0F, DIO_HIGH);
    2630:	82 95       	swap	r24
    2632:	8f 70       	andi	r24, 0x0F	; 15
    2634:	61 e0       	ldi	r22, 0x01	; 1
    2636:	0e 94 f7 12 	call	0x25ee	; 0x25ee <HLCD_I2C_voidWriteNibble>
    HLCD_I2C_voidWriteNibble(Copy_u8Data & 0x0F, DIO_HIGH);
    263a:	81 2f       	mov	r24, r17
    263c:	8f 70       	andi	r24, 0x0F	; 15
    263e:	61 e0       	ldi	r22, 0x01	; 1
    2640:	0e 94 f7 12 	call	0x25ee	; 0x25ee <HLCD_I2C_voidWriteNibble>
}
    2644:	1f 91       	pop	r17
    2646:	08 95       	ret

00002648 <HLCD_I2C_voidSendNumber>:
        Local_u8Counter++;
    }
}

void HLCD_I2C_voidSendNumber(u32 Copy_u32Number)
{
    2648:	af 92       	push	r10
    264a:	bf 92       	push	r11
    264c:	cf 92       	push	r12
    264e:	df 92       	push	r13
    2650:	ef 92       	push	r14
    2652:	ff 92       	push	r15
    2654:	0f 93       	push	r16
    2656:	df 93       	push	r29
    2658:	cf 93       	push	r28
    265a:	cd b7       	in	r28, 0x3d	; 61
    265c:	de b7       	in	r29, 0x3e	; 62
    265e:	2c 97       	sbiw	r28, 0x0c	; 12
    2660:	0f b6       	in	r0, 0x3f	; 63
    2662:	f8 94       	cli
    2664:	de bf       	out	0x3e, r29	; 62
    2666:	0f be       	out	0x3f, r0	; 63
    2668:	cd bf       	out	0x3d, r28	; 61
    266a:	6b 01       	movw	r12, r22
    266c:	7c 01       	movw	r14, r24
    u8 local_au8Digits[10];
    u8 local_u8Index = 0U;

    if (Copy_u32Number == 0U) {
    266e:	61 15       	cp	r22, r1
    2670:	71 05       	cpc	r23, r1
    2672:	81 05       	cpc	r24, r1
    2674:	91 05       	cpc	r25, r1
    2676:	09 f4       	brne	.+2      	; 0x267a <HLCD_I2C_voidSendNumber+0x32>
    2678:	43 c0       	rjmp	.+134    	; 0x2700 <HLCD_I2C_voidSendNumber+0xb8>
        HLCD_I2C_voidSendData('0');
        return;
    267a:	00 e0       	ldi	r16, 0x00	; 0
    267c:	5e 01       	movw	r10, r28
    267e:	08 94       	sec
    2680:	a1 1c       	adc	r10, r1
    2682:	b1 1c       	adc	r11, r1
    }

    while (Copy_u32Number > 0U) {
        local_au8Digits[local_u8Index] = (u8)(Copy_u32Number % 10U);
    2684:	c5 01       	movw	r24, r10
    2686:	80 0f       	add	r24, r16
    2688:	91 1d       	adc	r25, r1
    268a:	9c 87       	std	Y+12, r25	; 0x0c
    268c:	8b 87       	std	Y+11, r24	; 0x0b
    268e:	c7 01       	movw	r24, r14
    2690:	b6 01       	movw	r22, r12
    2692:	2a e0       	ldi	r18, 0x0A	; 10
    2694:	30 e0       	ldi	r19, 0x00	; 0
    2696:	40 e0       	ldi	r20, 0x00	; 0
    2698:	50 e0       	ldi	r21, 0x00	; 0
    269a:	0e 94 2f 1d 	call	0x3a5e	; 0x3a5e <__udivmodsi4>
    269e:	eb 85       	ldd	r30, Y+11	; 0x0b
    26a0:	fc 85       	ldd	r31, Y+12	; 0x0c
    26a2:	60 83       	st	Z, r22
        Copy_u32Number /= 10U;
    26a4:	c7 01       	movw	r24, r14
    26a6:	b6 01       	movw	r22, r12
    26a8:	2a e0       	ldi	r18, 0x0A	; 10
    26aa:	30 e0       	ldi	r19, 0x00	; 0
    26ac:	40 e0       	ldi	r20, 0x00	; 0
    26ae:	50 e0       	ldi	r21, 0x00	; 0
    26b0:	0e 94 2f 1d 	call	0x3a5e	; 0x3a5e <__udivmodsi4>
    26b4:	c9 01       	movw	r24, r18
    26b6:	da 01       	movw	r26, r20
    26b8:	6c 01       	movw	r12, r24
    26ba:	7d 01       	movw	r14, r26
        local_u8Index++;
    26bc:	0f 5f       	subi	r16, 0xFF	; 255
    if (Copy_u32Number == 0U) {
        HLCD_I2C_voidSendData('0');
        return;
    }

    while (Copy_u32Number > 0U) {
    26be:	c1 14       	cp	r12, r1
    26c0:	d1 04       	cpc	r13, r1
    26c2:	e1 04       	cpc	r14, r1
    26c4:	f1 04       	cpc	r15, r1
    26c6:	f1 f6       	brne	.-68     	; 0x2684 <HLCD_I2C_voidSendNumber+0x3c>
        local_au8Digits[local_u8Index] = (u8)(Copy_u32Number % 10U);
        Copy_u32Number /= 10U;
        local_u8Index++;
    }

    while (local_u8Index > 0U) {
    26c8:	00 23       	and	r16, r16
    26ca:	51 f0       	breq	.+20     	; 0x26e0 <HLCD_I2C_voidSendNumber+0x98>
        local_u8Index--;
    26cc:	01 50       	subi	r16, 0x01	; 1
        HLCD_I2C_voidSendData((u8)('0' + local_au8Digits[local_u8Index]));
    26ce:	f5 01       	movw	r30, r10
    26d0:	e0 0f       	add	r30, r16
    26d2:	f1 1d       	adc	r31, r1
    26d4:	80 81       	ld	r24, Z
    26d6:	80 5d       	subi	r24, 0xD0	; 208
    26d8:	0e 94 16 13 	call	0x262c	; 0x262c <HLCD_I2C_voidSendData>
        local_au8Digits[local_u8Index] = (u8)(Copy_u32Number % 10U);
        Copy_u32Number /= 10U;
        local_u8Index++;
    }

    while (local_u8Index > 0U) {
    26dc:	00 23       	and	r16, r16
    26de:	b1 f7       	brne	.-20     	; 0x26cc <HLCD_I2C_voidSendNumber+0x84>
        local_u8Index--;
        HLCD_I2C_voidSendData((u8)('0' + local_au8Digits[local_u8Index]));
    }
}
    26e0:	2c 96       	adiw	r28, 0x0c	; 12
    26e2:	0f b6       	in	r0, 0x3f	; 63
    26e4:	f8 94       	cli
    26e6:	de bf       	out	0x3e, r29	; 62
    26e8:	0f be       	out	0x3f, r0	; 63
    26ea:	cd bf       	out	0x3d, r28	; 61
    26ec:	cf 91       	pop	r28
    26ee:	df 91       	pop	r29
    26f0:	0f 91       	pop	r16
    26f2:	ff 90       	pop	r15
    26f4:	ef 90       	pop	r14
    26f6:	df 90       	pop	r13
    26f8:	cf 90       	pop	r12
    26fa:	bf 90       	pop	r11
    26fc:	af 90       	pop	r10
    26fe:	08 95       	ret
{
    u8 local_au8Digits[10];
    u8 local_u8Index = 0U;

    if (Copy_u32Number == 0U) {
        HLCD_I2C_voidSendData('0');
    2700:	80 e3       	ldi	r24, 0x30	; 48
    2702:	0e 94 16 13 	call	0x262c	; 0x262c <HLCD_I2C_voidSendData>
    2706:	ec cf       	rjmp	.-40     	; 0x26e0 <HLCD_I2C_voidSendNumber+0x98>

00002708 <HLCD_I2C_voidSendString>:
    DELAY_voidMs(2);
    HLCD_I2C_voidSendCommand(LCD_I2C_ENTRY_MODE_SET_COMMAND);
}

void HLCD_I2C_voidSendString(const char *Copy_pcString)
{
    2708:	1f 93       	push	r17
    270a:	cf 93       	push	r28
    270c:	df 93       	push	r29
    270e:	ec 01       	movw	r28, r24
    u8 Local_u8Counter = 0;
    while (Copy_pcString[Local_u8Counter] != '\0') {
    2710:	88 81       	ld	r24, Y
    2712:	88 23       	and	r24, r24
    2714:	51 f0       	breq	.+20     	; 0x272a <HLCD_I2C_voidSendString+0x22>
    2716:	10 e0       	ldi	r17, 0x00	; 0
        HLCD_I2C_voidSendData(Copy_pcString[Local_u8Counter]);
    2718:	0e 94 16 13 	call	0x262c	; 0x262c <HLCD_I2C_voidSendData>
        Local_u8Counter++;
    271c:	1f 5f       	subi	r17, 0xFF	; 255
}

void HLCD_I2C_voidSendString(const char *Copy_pcString)
{
    u8 Local_u8Counter = 0;
    while (Copy_pcString[Local_u8Counter] != '\0') {
    271e:	fe 01       	movw	r30, r28
    2720:	e1 0f       	add	r30, r17
    2722:	f1 1d       	adc	r31, r1
    2724:	80 81       	ld	r24, Z
    2726:	88 23       	and	r24, r24
    2728:	b9 f7       	brne	.-18     	; 0x2718 <HLCD_I2C_voidSendString+0x10>
        HLCD_I2C_voidSendData(Copy_pcString[Local_u8Counter]);
        Local_u8Counter++;
    }
}
    272a:	df 91       	pop	r29
    272c:	cf 91       	pop	r28
    272e:	1f 91       	pop	r17
    2730:	08 95       	ret

00002732 <HLCD_I2C_voidSendFrequency>:
        HLCD_I2C_voidSendCommand(LCD_I2C_RETURN_HOME_COMMAND);
    }
}

void HLCD_I2C_voidSendFrequency(u32 Copy_u32FreqHz)
{
    2732:	af 92       	push	r10
    2734:	bf 92       	push	r11
    2736:	cf 92       	push	r12
    2738:	df 92       	push	r13
    273a:	ef 92       	push	r14
    273c:	ff 92       	push	r15
    273e:	0f 93       	push	r16
    2740:	1f 93       	push	r17
    2742:	5b 01       	movw	r10, r22
    2744:	6c 01       	movw	r12, r24
    if (Copy_u32FreqHz >= 1000UL) {
    2746:	88 ee       	ldi	r24, 0xE8	; 232
    2748:	a8 16       	cp	r10, r24
    274a:	83 e0       	ldi	r24, 0x03	; 3
    274c:	b8 06       	cpc	r11, r24
    274e:	80 e0       	ldi	r24, 0x00	; 0
    2750:	c8 06       	cpc	r12, r24
    2752:	80 e0       	ldi	r24, 0x00	; 0
    2754:	d8 06       	cpc	r13, r24
    2756:	b0 f1       	brcs	.+108    	; 0x27c4 <HLCD_I2C_voidSendFrequency+0x92>
        u32 local_u32kHz = Copy_u32FreqHz / 1000UL;
        u32 local_u32Frac = (Copy_u32FreqHz % 1000UL) / 10UL;
    2758:	c6 01       	movw	r24, r12
    275a:	b5 01       	movw	r22, r10
    275c:	28 ee       	ldi	r18, 0xE8	; 232
    275e:	33 e0       	ldi	r19, 0x03	; 3
    2760:	40 e0       	ldi	r20, 0x00	; 0
    2762:	50 e0       	ldi	r21, 0x00	; 0
    2764:	0e 94 2f 1d 	call	0x3a5e	; 0x3a5e <__udivmodsi4>
    2768:	2a e0       	ldi	r18, 0x0A	; 10
    276a:	30 e0       	ldi	r19, 0x00	; 0
    276c:	40 e0       	ldi	r20, 0x00	; 0
    276e:	50 e0       	ldi	r21, 0x00	; 0
    2770:	0e 94 2f 1d 	call	0x3a5e	; 0x3a5e <__udivmodsi4>
    2774:	79 01       	movw	r14, r18
    2776:	8a 01       	movw	r16, r20

        HLCD_I2C_voidSendNumber(local_u32kHz);
    2778:	c6 01       	movw	r24, r12
    277a:	b5 01       	movw	r22, r10
    277c:	28 ee       	ldi	r18, 0xE8	; 232
    277e:	33 e0       	ldi	r19, 0x03	; 3
    2780:	40 e0       	ldi	r20, 0x00	; 0
    2782:	50 e0       	ldi	r21, 0x00	; 0
    2784:	0e 94 2f 1d 	call	0x3a5e	; 0x3a5e <__udivmodsi4>
    2788:	ca 01       	movw	r24, r20
    278a:	b9 01       	movw	r22, r18
    278c:	0e 94 24 13 	call	0x2648	; 0x2648 <HLCD_I2C_voidSendNumber>
        HLCD_I2C_voidSendData('.');
    2790:	8e e2       	ldi	r24, 0x2E	; 46
    2792:	0e 94 16 13 	call	0x262c	; 0x262c <HLCD_I2C_voidSendData>

        if (local_u32Frac < 10UL) {
    2796:	8a e0       	ldi	r24, 0x0A	; 10
    2798:	e8 16       	cp	r14, r24
    279a:	f1 04       	cpc	r15, r1
    279c:	01 05       	cpc	r16, r1
    279e:	11 05       	cpc	r17, r1
    27a0:	d0 f0       	brcs	.+52     	; 0x27d6 <HLCD_I2C_voidSendFrequency+0xa4>
            HLCD_I2C_voidSendData('0');
        }
        HLCD_I2C_voidSendNumber(local_u32Frac);
    27a2:	c8 01       	movw	r24, r16
    27a4:	b7 01       	movw	r22, r14
    27a6:	0e 94 24 13 	call	0x2648	; 0x2648 <HLCD_I2C_voidSendNumber>
        HLCD_I2C_voidSendString(" kHz");
    27aa:	80 e6       	ldi	r24, 0x60	; 96
    27ac:	90 e0       	ldi	r25, 0x00	; 0
    27ae:	0e 94 84 13 	call	0x2708	; 0x2708 <HLCD_I2C_voidSendString>
    } else {
        HLCD_I2C_voidSendNumber(Copy_u32FreqHz);
        HLCD_I2C_voidSendString(" Hz  ");
    }
}
    27b2:	1f 91       	pop	r17
    27b4:	0f 91       	pop	r16
    27b6:	ff 90       	pop	r15
    27b8:	ef 90       	pop	r14
    27ba:	df 90       	pop	r13
    27bc:	cf 90       	pop	r12
    27be:	bf 90       	pop	r11
    27c0:	af 90       	pop	r10
    27c2:	08 95       	ret
            HLCD_I2C_voidSendData('0');
        }
        HLCD_I2C_voidSendNumber(local_u32Frac);
        HLCD_I2C_voidSendString(" kHz");
    } else {
        HLCD_I2C_voidSendNumber(Copy_u32FreqHz);
    27c4:	c6 01       	movw	r24, r12
    27c6:	b5 01       	movw	r22, r10
    27c8:	0e 94 24 13 	call	0x2648	; 0x2648 <HLCD_I2C_voidSendNumber>
        HLCD_I2C_voidSendString(" Hz  ");
    27cc:	85 e6       	ldi	r24, 0x65	; 101
    27ce:	90 e0       	ldi	r25, 0x00	; 0
    27d0:	0e 94 84 13 	call	0x2708	; 0x2708 <HLCD_I2C_voidSendString>
    27d4:	ee cf       	rjmp	.-36     	; 0x27b2 <HLCD_I2C_voidSendFrequency+0x80>

        HLCD_I2C_voidSendNumber(local_u32kHz);
        HLCD_I2C_voidSendData('.');

        if (local_u32Frac < 10UL) {
            HLCD_I2C_voidSendData('0');
    27d6:	80 e3       	ldi	r24, 0x30	; 48
    27d8:	0e 94 16 13 	call	0x262c	; 0x262c <HLCD_I2C_voidSendData>
    27dc:	e2 cf       	rjmp	.-60     	; 0x27a2 <HLCD_I2C_voidSendFrequency+0x70>

000027de <HLCD_I2C_voidSendCommand>:
    HLCD_I2C_voidSendI2CByte(local_u8BaseByte & ~(1U << HLCD_I2C_EN_BIT));
    DELAY_voidMs(1);
}

void HLCD_I2C_voidSendCommand(u8 Copy_u8Command)
{
    27de:	1f 93       	push	r17
    27e0:	18 2f       	mov	r17, r24
    HLCD_I2C_voidWriteNibble((Copy_u8Command >> 4) & 0x0F, DIO_LOW);
    27e2:	82 95       	swap	r24
    27e4:	8f 70       	andi	r24, 0x0F	; 15
    27e6:	60 e0       	ldi	r22, 0x00	; 0
    27e8:	0e 94 f7 12 	call	0x25ee	; 0x25ee <HLCD_I2C_voidWriteNibble>
    HLCD_I2C_voidWriteNibble(Copy_u8Command & 0x0F, DIO_LOW);
    27ec:	81 2f       	mov	r24, r17
    27ee:	8f 70       	andi	r24, 0x0F	; 15
    27f0:	60 e0       	ldi	r22, 0x00	; 0
    27f2:	0e 94 f7 12 	call	0x25ee	; 0x25ee <HLCD_I2C_voidWriteNibble>
}
    27f6:	1f 91       	pop	r17
    27f8:	08 95       	ret

000027fa <HLCD_I2C_voidCreateCustomChar>:
    }
    HLCD_I2C_voidSendCommand(LCD_I2C_DISPLAY_ON_COMMAND);
}

void HLCD_I2C_voidCreateCustomChar(const u8 *Copy_pu8Pattern, u8 Copy_u8Location)
{
    27fa:	0f 93       	push	r16
    27fc:	1f 93       	push	r17
    27fe:	cf 93       	push	r28
    2800:	df 93       	push	r29
    2802:	8c 01       	movw	r16, r24
    if (Copy_u8Location < 8) {
    2804:	68 30       	cpi	r22, 0x08	; 8
    2806:	28 f0       	brcs	.+10     	; 0x2812 <HLCD_I2C_voidCreateCustomChar+0x18>
        for (u8 i = 0; i < 8; i++) {
            HLCD_I2C_voidSendData(Copy_pu8Pattern[i]);
        }
        HLCD_I2C_voidSendCommand(LCD_I2C_RETURN_HOME_COMMAND);
    }
}
    2808:	df 91       	pop	r29
    280a:	cf 91       	pop	r28
    280c:	1f 91       	pop	r17
    280e:	0f 91       	pop	r16
    2810:	08 95       	ret
}

void HLCD_I2C_voidCreateCustomChar(const u8 *Copy_pu8Pattern, u8 Copy_u8Location)
{
    if (Copy_u8Location < 8) {
        HLCD_I2C_voidSendCommand(LCD_I2C_CGRAM_ADDRESS_COMMAND + (Copy_u8Location * 8));
    2812:	66 0f       	add	r22, r22
    2814:	66 0f       	add	r22, r22
    2816:	66 0f       	add	r22, r22
    2818:	86 2f       	mov	r24, r22
    281a:	80 5c       	subi	r24, 0xC0	; 192
    281c:	0e 94 ef 13 	call	0x27de	; 0x27de <HLCD_I2C_voidSendCommand>
    2820:	c0 e0       	ldi	r28, 0x00	; 0
    2822:	d0 e0       	ldi	r29, 0x00	; 0
        for (u8 i = 0; i < 8; i++) {
            HLCD_I2C_voidSendData(Copy_pu8Pattern[i]);
    2824:	f8 01       	movw	r30, r16
    2826:	ec 0f       	add	r30, r28
    2828:	fd 1f       	adc	r31, r29
    282a:	80 81       	ld	r24, Z
    282c:	0e 94 16 13 	call	0x262c	; 0x262c <HLCD_I2C_voidSendData>
    2830:	21 96       	adiw	r28, 0x01	; 1

void HLCD_I2C_voidCreateCustomChar(const u8 *Copy_pu8Pattern, u8 Copy_u8Location)
{
    if (Copy_u8Location < 8) {
        HLCD_I2C_voidSendCommand(LCD_I2C_CGRAM_ADDRESS_COMMAND + (Copy_u8Location * 8));
        for (u8 i = 0; i < 8; i++) {
    2832:	c8 30       	cpi	r28, 0x08	; 8
    2834:	d1 05       	cpc	r29, r1
    2836:	b1 f7       	brne	.-20     	; 0x2824 <HLCD_I2C_voidCreateCustomChar+0x2a>
            HLCD_I2C_voidSendData(Copy_pu8Pattern[i]);
        }
        HLCD_I2C_voidSendCommand(LCD_I2C_RETURN_HOME_COMMAND);
    2838:	82 e0       	ldi	r24, 0x02	; 2
    283a:	0e 94 ef 13 	call	0x27de	; 0x27de <HLCD_I2C_voidSendCommand>
    }
}
    283e:	df 91       	pop	r29
    2840:	cf 91       	pop	r28
    2842:	1f 91       	pop	r17
    2844:	0f 91       	pop	r16
    2846:	08 95       	ret

00002848 <HLCD_I2C_voidSendStringTypingEffect>:
}

void HLCD_I2C_voidClearScreen(void) { HLCD_I2C_voidSendCommand(LCD_I2C_CLEAR_COMMAND); }

void HLCD_I2C_voidSendStringTypingEffect(const char *Copy_pcString, u32 Copy_u32DelayMs)
{
    2848:	df 92       	push	r13
    284a:	ef 92       	push	r14
    284c:	ff 92       	push	r15
    284e:	0f 93       	push	r16
    2850:	1f 93       	push	r17
    2852:	cf 93       	push	r28
    2854:	df 93       	push	r29
    2856:	ec 01       	movw	r28, r24
    2858:	7a 01       	movw	r14, r20
    285a:	8b 01       	movw	r16, r22
    HLCD_I2C_voidSendCommand(LCD_I2C_DISPLAY_ON_BLINK_COMMAND);
    285c:	8f e0       	ldi	r24, 0x0F	; 15
    285e:	0e 94 ef 13 	call	0x27de	; 0x27de <HLCD_I2C_voidSendCommand>
    u8 Local_u8Counter = 0;
    while (Copy_pcString[Local_u8Counter] != '\0') {
    2862:	88 81       	ld	r24, Y
    2864:	88 23       	and	r24, r24
    2866:	09 f1       	breq	.+66     	; 0x28aa <HLCD_I2C_voidSendStringTypingEffect+0x62>
    2868:	dd 24       	eor	r13, r13
        HLCD_I2C_voidSendData(Copy_pcString[Local_u8Counter]);
    286a:	0e 94 16 13 	call	0x262c	; 0x262c <HLCD_I2C_voidSendData>
        for (u32 i = 0; i < Copy_u32DelayMs; i++) {
    286e:	e1 14       	cp	r14, r1
    2870:	f1 04       	cpc	r15, r1
    2872:	01 05       	cpc	r16, r1
    2874:	11 05       	cpc	r17, r1
    2876:	91 f0       	breq	.+36     	; 0x289c <HLCD_I2C_voidSendStringTypingEffect+0x54>
    2878:	80 e0       	ldi	r24, 0x00	; 0
    287a:	90 e0       	ldi	r25, 0x00	; 0
    287c:	a0 e0       	ldi	r26, 0x00	; 0
    287e:	b0 e0       	ldi	r27, 0x00	; 0
    2880:	ef ec       	ldi	r30, 0xCF	; 207
    2882:	f7 e0       	ldi	r31, 0x07	; 7
    2884:	31 97       	sbiw	r30, 0x01	; 1
    2886:	f1 f7       	brne	.-4      	; 0x2884 <HLCD_I2C_voidSendStringTypingEffect+0x3c>
    2888:	00 c0       	rjmp	.+0      	; 0x288a <HLCD_I2C_voidSendStringTypingEffect+0x42>
    288a:	00 00       	nop
    288c:	01 96       	adiw	r24, 0x01	; 1
    288e:	a1 1d       	adc	r26, r1
    2890:	b1 1d       	adc	r27, r1
    2892:	8e 15       	cp	r24, r14
    2894:	9f 05       	cpc	r25, r15
    2896:	a0 07       	cpc	r26, r16
    2898:	b1 07       	cpc	r27, r17
    289a:	90 f3       	brcs	.-28     	; 0x2880 <HLCD_I2C_voidSendStringTypingEffect+0x38>
            DELAY_voidMs(1);
        }
        Local_u8Counter++;
    289c:	d3 94       	inc	r13

void HLCD_I2C_voidSendStringTypingEffect(const char *Copy_pcString, u32 Copy_u32DelayMs)
{
    HLCD_I2C_voidSendCommand(LCD_I2C_DISPLAY_ON_BLINK_COMMAND);
    u8 Local_u8Counter = 0;
    while (Copy_pcString[Local_u8Counter] != '\0') {
    289e:	fe 01       	movw	r30, r28
    28a0:	ed 0d       	add	r30, r13
    28a2:	f1 1d       	adc	r31, r1
    28a4:	80 81       	ld	r24, Z
    28a6:	88 23       	and	r24, r24
    28a8:	01 f7       	brne	.-64     	; 0x286a <HLCD_I2C_voidSendStringTypingEffect+0x22>
        for (u32 i = 0; i < Copy_u32DelayMs; i++) {
            DELAY_voidMs(1);
        }
        Local_u8Counter++;
    }
    HLCD_I2C_voidSendCommand(LCD_I2C_DISPLAY_ON_COMMAND);
    28aa:	8c e0       	ldi	r24, 0x0C	; 12
    28ac:	0e 94 ef 13 	call	0x27de	; 0x27de <HLCD_I2C_voidSendCommand>
}
    28b0:	df 91       	pop	r29
    28b2:	cf 91       	pop	r28
    28b4:	1f 91       	pop	r17
    28b6:	0f 91       	pop	r16
    28b8:	ff 90       	pop	r15
    28ba:	ef 90       	pop	r14
    28bc:	df 90       	pop	r13
    28be:	08 95       	ret

000028c0 <HLCD_I2C_voidClearScreen>:
        Local_u8Address = Copy_u8Col + 0x40;
    }
    HLCD_I2C_voidSendCommand(LCD_I2C_SET_CURSOR_LOCATION_COMMAND | Local_u8Address);
}

void HLCD_I2C_voidClearScreen(void) { HLCD_I2C_voidSendCommand(LCD_I2C_CLEAR_COMMAND); }
    28c0:	81 e0       	ldi	r24, 0x01	; 1
    28c2:	0e 94 ef 13 	call	0x27de	; 0x27de <HLCD_I2C_voidSendCommand>
    28c6:	08 95       	ret

000028c8 <HLCD_I2C_voidGoToXY>:
}

void HLCD_I2C_voidGoToXY(u8 Copy_u8Row, u8 Copy_u8Col)
{
    u8 Local_u8Address = 0;
    if (Copy_u8Row == 0) {
    28c8:	88 23       	and	r24, r24
    28ca:	31 f0       	breq	.+12     	; 0x28d8 <HLCD_I2C_voidGoToXY+0x10>
        Local_u8Address = Copy_u8Col;
    } else if (Copy_u8Row == 1) {
    28cc:	81 30       	cpi	r24, 0x01	; 1
    28ce:	49 f0       	breq	.+18     	; 0x28e2 <HLCD_I2C_voidGoToXY+0x1a>
    28d0:	80 e8       	ldi	r24, 0x80	; 128
        Local_u8Address = Copy_u8Col + 0x40;
    }
    HLCD_I2C_voidSendCommand(LCD_I2C_SET_CURSOR_LOCATION_COMMAND | Local_u8Address);
    28d2:	0e 94 ef 13 	call	0x27de	; 0x27de <HLCD_I2C_voidSendCommand>
}
    28d6:	08 95       	ret
}

void HLCD_I2C_voidGoToXY(u8 Copy_u8Row, u8 Copy_u8Col)
{
    u8 Local_u8Address = 0;
    if (Copy_u8Row == 0) {
    28d8:	86 2f       	mov	r24, r22
    28da:	80 68       	ori	r24, 0x80	; 128
        Local_u8Address = Copy_u8Col;
    } else if (Copy_u8Row == 1) {
        Local_u8Address = Copy_u8Col + 0x40;
    }
    HLCD_I2C_voidSendCommand(LCD_I2C_SET_CURSOR_LOCATION_COMMAND | Local_u8Address);
    28dc:	0e 94 ef 13 	call	0x27de	; 0x27de <HLCD_I2C_voidSendCommand>
}
    28e0:	08 95       	ret
void HLCD_I2C_voidGoToXY(u8 Copy_u8Row, u8 Copy_u8Col)
{
    u8 Local_u8Address = 0;
    if (Copy_u8Row == 0) {
        Local_u8Address = Copy_u8Col;
    } else if (Copy_u8Row == 1) {
    28e2:	86 2f       	mov	r24, r22
    28e4:	80 5c       	subi	r24, 0xC0	; 192
    28e6:	80 68       	ori	r24, 0x80	; 128
        Local_u8Address = Copy_u8Col + 0x40;
    }
    HLCD_I2C_voidSendCommand(LCD_I2C_SET_CURSOR_LOCATION_COMMAND | Local_u8Address);
    28e8:	0e 94 ef 13 	call	0x27de	; 0x27de <HLCD_I2C_voidSendCommand>
}
    28ec:	08 95       	ret

000028ee <HLCD_I2C_voidInit>:
    HLCD_I2C_voidWriteNibble((Copy_u8Data >> 4) & 0x0F, DIO_HIGH);
    HLCD_I2C_voidWriteNibble(Copy_u8Data & 0x0F, DIO_HIGH);
}

void HLCD_I2C_voidInit(void)
{
    28ee:	81 e3       	ldi	r24, 0x31	; 49
    28f0:	90 e0       	ldi	r25, 0x00	; 0
    28f2:	ef ec       	ldi	r30, 0xCF	; 207
    28f4:	f7 e0       	ldi	r31, 0x07	; 7
    28f6:	31 97       	sbiw	r30, 0x01	; 1
    28f8:	f1 f7       	brne	.-4      	; 0x28f6 <HLCD_I2C_voidInit+0x8>
    28fa:	00 c0       	rjmp	.+0      	; 0x28fc <HLCD_I2C_voidInit+0xe>
    28fc:	00 00       	nop
/* -----------------------------------------------------------------
 * Millisecond delay
 * ----------------------------------------------------------------- */
static inline void DELAY_voidMs(u16 Copy_u16Ms)
{
    while (Copy_u16Ms--)
    28fe:	01 97       	sbiw	r24, 0x01	; 1
    2900:	ff ef       	ldi	r31, 0xFF	; 255
    2902:	8f 3f       	cpi	r24, 0xFF	; 255
    2904:	9f 07       	cpc	r25, r31
    2906:	a9 f7       	brne	.-22     	; 0x28f2 <HLCD_I2C_voidInit+0x4>
    DELAY_voidMs(50);

    HLCD_I2C_voidWriteNibble(0x03, DIO_LOW);
    2908:	83 e0       	ldi	r24, 0x03	; 3
    290a:	60 e0       	ldi	r22, 0x00	; 0
    290c:	0e 94 f7 12 	call	0x25ee	; 0x25ee <HLCD_I2C_voidWriteNibble>
    {
        __builtin_avr_delay_cycles( DELAY_CYCLES_PER_MS );
    2910:	8f ec       	ldi	r24, 0xCF	; 207
    2912:	97 e0       	ldi	r25, 0x07	; 7
    2914:	01 97       	sbiw	r24, 0x01	; 1
    2916:	f1 f7       	brne	.-4      	; 0x2914 <HLCD_I2C_voidInit+0x26>
    2918:	00 c0       	rjmp	.+0      	; 0x291a <HLCD_I2C_voidInit+0x2c>
    291a:	00 00       	nop
    291c:	ef ec       	ldi	r30, 0xCF	; 207
    291e:	f7 e0       	ldi	r31, 0x07	; 7
    2920:	31 97       	sbiw	r30, 0x01	; 1
    2922:	f1 f7       	brne	.-4      	; 0x2920 <HLCD_I2C_voidInit+0x32>
    2924:	00 c0       	rjmp	.+0      	; 0x2926 <HLCD_I2C_voidInit+0x38>
    2926:	00 00       	nop
    2928:	8f ec       	ldi	r24, 0xCF	; 207
    292a:	97 e0       	ldi	r25, 0x07	; 7
    292c:	01 97       	sbiw	r24, 0x01	; 1
    292e:	f1 f7       	brne	.-4      	; 0x292c <HLCD_I2C_voidInit+0x3e>
    2930:	00 c0       	rjmp	.+0      	; 0x2932 <HLCD_I2C_voidInit+0x44>
    2932:	00 00       	nop
    2934:	ef ec       	ldi	r30, 0xCF	; 207
    2936:	f7 e0       	ldi	r31, 0x07	; 7
    2938:	31 97       	sbiw	r30, 0x01	; 1
    293a:	f1 f7       	brne	.-4      	; 0x2938 <HLCD_I2C_voidInit+0x4a>
    293c:	00 c0       	rjmp	.+0      	; 0x293e <HLCD_I2C_voidInit+0x50>
    293e:	00 00       	nop
    2940:	8f ec       	ldi	r24, 0xCF	; 207
    2942:	97 e0       	ldi	r25, 0x07	; 7
    2944:	01 97       	sbiw	r24, 0x01	; 1
    2946:	f1 f7       	brne	.-4      	; 0x2944 <HLCD_I2C_voidInit+0x56>
    2948:	00 c0       	rjmp	.+0      	; 0x294a <HLCD_I2C_voidInit+0x5c>
    294a:	00 00       	nop
    DELAY_voidMs(5);
    HLCD_I2C_voidWriteNibble(0x03, DIO_LOW);
    294c:	83 e0       	ldi	r24, 0x03	; 3
    294e:	60 e0       	ldi	r22, 0x00	; 0
    2950:	0e 94 f7 12 	call	0x25ee	; 0x25ee <HLCD_I2C_voidWriteNibble>
    2954:	ef ec       	ldi	r30, 0xCF	; 207
    2956:	f7 e0       	ldi	r31, 0x07	; 7
    2958:	31 97       	sbiw	r30, 0x01	; 1
    295a:	f1 f7       	brne	.-4      	; 0x2958 <HLCD_I2C_voidInit+0x6a>
    295c:	00 c0       	rjmp	.+0      	; 0x295e <HLCD_I2C_voidInit+0x70>
    295e:	00 00       	nop
    DELAY_voidMs(1);
    HLCD_I2C_voidWriteNibble(0x03, DIO_LOW);
    2960:	83 e0       	ldi	r24, 0x03	; 3
    2962:	60 e0       	ldi	r22, 0x00	; 0
    2964:	0e 94 f7 12 	call	0x25ee	; 0x25ee <HLCD_I2C_voidWriteNibble>
    2968:	8f ec       	ldi	r24, 0xCF	; 207
    296a:	97 e0       	ldi	r25, 0x07	; 7
    296c:	01 97       	sbiw	r24, 0x01	; 1
    296e:	f1 f7       	brne	.-4      	; 0x296c <HLCD_I2C_voidInit+0x7e>
    2970:	00 c0       	rjmp	.+0      	; 0x2972 <HLCD_I2C_voidInit+0x84>
    2972:	00 00       	nop
    DELAY_voidMs(1);
    HLCD_I2C_voidWriteNibble(0x02, DIO_LOW);
    2974:	82 e0       	ldi	r24, 0x02	; 2
    2976:	60 e0       	ldi	r22, 0x00	; 0
    2978:	0e 94 f7 12 	call	0x25ee	; 0x25ee <HLCD_I2C_voidWriteNibble>
    297c:	ef ec       	ldi	r30, 0xCF	; 207
    297e:	f7 e0       	ldi	r31, 0x07	; 7
    2980:	31 97       	sbiw	r30, 0x01	; 1
    2982:	f1 f7       	brne	.-4      	; 0x2980 <HLCD_I2C_voidInit+0x92>
    2984:	00 c0       	rjmp	.+0      	; 0x2986 <HLCD_I2C_voidInit+0x98>
    2986:	00 00       	nop
    DELAY_voidMs(1);

    HLCD_I2C_voidSendCommand(LCD_I2C_4BIT_2LINE_COMMAND);
    2988:	88 e2       	ldi	r24, 0x28	; 40
    298a:	0e 94 ef 13 	call	0x27de	; 0x27de <HLCD_I2C_voidSendCommand>
    298e:	8f ec       	ldi	r24, 0xCF	; 207
    2990:	97 e0       	ldi	r25, 0x07	; 7
    2992:	01 97       	sbiw	r24, 0x01	; 1
    2994:	f1 f7       	brne	.-4      	; 0x2992 <HLCD_I2C_voidInit+0xa4>
    2996:	00 c0       	rjmp	.+0      	; 0x2998 <HLCD_I2C_voidInit+0xaa>
    2998:	00 00       	nop
    DELAY_voidMs(1);
    HLCD_I2C_voidSendCommand(LCD_I2C_DISPLAY_ON_COMMAND);
    299a:	8c e0       	ldi	r24, 0x0C	; 12
    299c:	0e 94 ef 13 	call	0x27de	; 0x27de <HLCD_I2C_voidSendCommand>
    29a0:	ef ec       	ldi	r30, 0xCF	; 207
    29a2:	f7 e0       	ldi	r31, 0x07	; 7
    29a4:	31 97       	sbiw	r30, 0x01	; 1
    29a6:	f1 f7       	brne	.-4      	; 0x29a4 <HLCD_I2C_voidInit+0xb6>
    29a8:	00 c0       	rjmp	.+0      	; 0x29aa <HLCD_I2C_voidInit+0xbc>
    29aa:	00 00       	nop
    DELAY_voidMs(1);
    HLCD_I2C_voidSendCommand(LCD_I2C_CLEAR_COMMAND);
    29ac:	81 e0       	ldi	r24, 0x01	; 1
    29ae:	0e 94 ef 13 	call	0x27de	; 0x27de <HLCD_I2C_voidSendCommand>
    29b2:	8f ec       	ldi	r24, 0xCF	; 207
    29b4:	97 e0       	ldi	r25, 0x07	; 7
    29b6:	01 97       	sbiw	r24, 0x01	; 1
    29b8:	f1 f7       	brne	.-4      	; 0x29b6 <HLCD_I2C_voidInit+0xc8>
    29ba:	00 c0       	rjmp	.+0      	; 0x29bc <HLCD_I2C_voidInit+0xce>
    29bc:	00 00       	nop
    29be:	ef ec       	ldi	r30, 0xCF	; 207
    29c0:	f7 e0       	ldi	r31, 0x07	; 7
    29c2:	31 97       	sbiw	r30, 0x01	; 1
    29c4:	f1 f7       	brne	.-4      	; 0x29c2 <HLCD_I2C_voidInit+0xd4>
    29c6:	00 c0       	rjmp	.+0      	; 0x29c8 <HLCD_I2C_voidInit+0xda>
    29c8:	00 00       	nop
    DELAY_voidMs(2);
    HLCD_I2C_voidSendCommand(LCD_I2C_ENTRY_MODE_SET_COMMAND);
    29ca:	86 e0       	ldi	r24, 0x06	; 6
    29cc:	0e 94 ef 13 	call	0x27de	; 0x27de <HLCD_I2C_voidSendCommand>
}
    29d0:	08 95       	ret

000029d2 <HLCD_voidWriteNibble>:
/* ====================================================================
 *  Private (4-bit mode): Write upper nibble to D4..D7 pins
 * ==================================================================== */
#if (HLCD_MODE == HLCD_MODE_4BIT)
static void HLCD_voidWriteNibble(u8 Copy_u8Nibble)
{
    29d2:	1f 93       	push	r17
    29d4:	18 2f       	mov	r17, r24
    /* Copy_u8Nibble contains the nibble in bits 3:0.
     * Map to D4..D7 pins on HLCD_DATA_PORT. */
    DIO_enumSetPinValue(HLCD_DATA_PORT, HLCD_D4_PIN,
    29d6:	48 2f       	mov	r20, r24
    29d8:	41 70       	andi	r20, 0x01	; 1
    29da:	82 e0       	ldi	r24, 0x02	; 2
    29dc:	64 e0       	ldi	r22, 0x04	; 4
    29de:	0e 94 5a 0f 	call	0x1eb4	; 0x1eb4 <DIO_enumSetPinValue>
                        (Copy_u8Nibble >> 0) & 0x01);
    DIO_enumSetPinValue(HLCD_DATA_PORT, HLCD_D5_PIN,
    29e2:	41 2f       	mov	r20, r17
    29e4:	46 95       	lsr	r20
    29e6:	41 70       	andi	r20, 0x01	; 1
    29e8:	82 e0       	ldi	r24, 0x02	; 2
    29ea:	65 e0       	ldi	r22, 0x05	; 5
    29ec:	0e 94 5a 0f 	call	0x1eb4	; 0x1eb4 <DIO_enumSetPinValue>
                        (Copy_u8Nibble >> 1) & 0x01);
    DIO_enumSetPinValue(HLCD_DATA_PORT, HLCD_D6_PIN,
    29f0:	16 95       	lsr	r17
    29f2:	16 95       	lsr	r17
    29f4:	41 2f       	mov	r20, r17
    29f6:	41 70       	andi	r20, 0x01	; 1
    29f8:	82 e0       	ldi	r24, 0x02	; 2
    29fa:	66 e0       	ldi	r22, 0x06	; 6
    29fc:	0e 94 5a 0f 	call	0x1eb4	; 0x1eb4 <DIO_enumSetPinValue>
                        (Copy_u8Nibble >> 2) & 0x01);
    DIO_enumSetPinValue(HLCD_DATA_PORT, HLCD_D7_PIN,
    2a00:	16 95       	lsr	r17
    2a02:	11 70       	andi	r17, 0x01	; 1
    2a04:	82 e0       	ldi	r24, 0x02	; 2
    2a06:	67 e0       	ldi	r22, 0x07	; 7
    2a08:	41 2f       	mov	r20, r17
    2a0a:	0e 94 5a 0f 	call	0x1eb4	; 0x1eb4 <DIO_enumSetPinValue>
                        (Copy_u8Nibble >> 3) & 0x01);
}
    2a0e:	1f 91       	pop	r17
    2a10:	08 95       	ret

00002a12 <HLCD_voidEnablePulse>:
/* ====================================================================
 *  Private: Send enable pulse
 * ==================================================================== */
static void HLCD_voidEnablePulse(void)
{
    DIO_enumSetPinValue(HLCD_CTRL_PORT, HLCD_EN_PIN, DIO_HIGH);
    2a12:	82 e0       	ldi	r24, 0x02	; 2
    2a14:	62 e0       	ldi	r22, 0x02	; 2
    2a16:	41 e0       	ldi	r20, 0x01	; 1
    2a18:	0e 94 5a 0f 	call	0x1eb4	; 0x1eb4 <DIO_enumSetPinValue>
 * ----------------------------------------------------------------- */
static inline void DELAY_voidMs(u16 Copy_u16Ms)
{
    while (Copy_u16Ms--)
    {
        __builtin_avr_delay_cycles( DELAY_CYCLES_PER_MS );
    2a1c:	8f ec       	ldi	r24, 0xCF	; 207
    2a1e:	97 e0       	ldi	r25, 0x07	; 7
    2a20:	01 97       	sbiw	r24, 0x01	; 1
    2a22:	f1 f7       	brne	.-4      	; 0x2a20 <HLCD_voidEnablePulse+0xe>
    2a24:	00 c0       	rjmp	.+0      	; 0x2a26 <HLCD_voidEnablePulse+0x14>
    2a26:	00 00       	nop
    DELAY_voidMs(1);
    DIO_enumSetPinValue(HLCD_CTRL_PORT, HLCD_EN_PIN, DIO_LOW);
    2a28:	82 e0       	ldi	r24, 0x02	; 2
    2a2a:	62 e0       	ldi	r22, 0x02	; 2
    2a2c:	40 e0       	ldi	r20, 0x00	; 0
    2a2e:	0e 94 5a 0f 	call	0x1eb4	; 0x1eb4 <DIO_enumSetPinValue>
    2a32:	8f ec       	ldi	r24, 0xCF	; 207
    2a34:	97 e0       	ldi	r25, 0x07	; 7
    2a36:	01 97       	sbiw	r24, 0x01	; 1
    2a38:	f1 f7       	brne	.-4      	; 0x2a36 <HLCD_voidEnablePulse+0x24>
    2a3a:	00 c0       	rjmp	.+0      	; 0x2a3c <HLCD_voidEnablePulse+0x2a>
    2a3c:	00 00       	nop
    DELAY_voidMs(1);
}
    2a3e:	08 95       	ret

00002a40 <HLCD_voidSendData>:

/* ====================================================================
 *  Send Data (character)
 * ==================================================================== */
void HLCD_voidSendData(u8 Copy_u8Data)
{
    2a40:	1f 93       	push	r17
    2a42:	18 2f       	mov	r17, r24
    /* RS = 1 (data), RW = 0 (write) */
    DIO_enumSetPinValue(HLCD_CTRL_PORT, HLCD_RS_PIN, DIO_HIGH);
    2a44:	82 e0       	ldi	r24, 0x02	; 2
    2a46:	60 e0       	ldi	r22, 0x00	; 0
    2a48:	41 e0       	ldi	r20, 0x01	; 1
    2a4a:	0e 94 5a 0f 	call	0x1eb4	; 0x1eb4 <DIO_enumSetPinValue>
    DIO_enumSetPinValue(HLCD_CTRL_PORT, HLCD_RW_PIN, DIO_LOW);
    2a4e:	82 e0       	ldi	r24, 0x02	; 2
    2a50:	61 e0       	ldi	r22, 0x01	; 1
    2a52:	40 e0       	ldi	r20, 0x00	; 0
    2a54:	0e 94 5a 0f 	call	0x1eb4	; 0x1eb4 <DIO_enumSetPinValue>

#if (HLCD_MODE == HLCD_MODE_4BIT)
    /* Send high nibble first */
    HLCD_voidWriteNibble((Copy_u8Data >> 4) & 0x0F);
    2a58:	81 2f       	mov	r24, r17
    2a5a:	82 95       	swap	r24
    2a5c:	8f 70       	andi	r24, 0x0F	; 15
    2a5e:	0e 94 e9 14 	call	0x29d2	; 0x29d2 <HLCD_voidWriteNibble>
    HLCD_voidEnablePulse();
    2a62:	0e 94 09 15 	call	0x2a12	; 0x2a12 <HLCD_voidEnablePulse>

    /* Send low nibble */
    HLCD_voidWriteNibble(Copy_u8Data & 0x0F);
    2a66:	81 2f       	mov	r24, r17
    2a68:	8f 70       	andi	r24, 0x0F	; 15
    2a6a:	0e 94 e9 14 	call	0x29d2	; 0x29d2 <HLCD_voidWriteNibble>
    HLCD_voidEnablePulse();
    2a6e:	0e 94 09 15 	call	0x2a12	; 0x2a12 <HLCD_voidEnablePulse>
#else
    /* 8-bit mode: write full byte to data port */
    DIO_enumSetPortValue(HLCD_DATA_PORT, Copy_u8Data);
    HLCD_voidEnablePulse();
#endif
}
    2a72:	1f 91       	pop	r17
    2a74:	08 95       	ret

00002a76 <HLCD_voidSendNumber>:
        Local_u8Counter++;
    }
}

void HLCD_voidSendNumber(u32 Copy_u32Number)
{
    2a76:	af 92       	push	r10
    2a78:	bf 92       	push	r11
    2a7a:	cf 92       	push	r12
    2a7c:	df 92       	push	r13
    2a7e:	ef 92       	push	r14
    2a80:	ff 92       	push	r15
    2a82:	0f 93       	push	r16
    2a84:	df 93       	push	r29
    2a86:	cf 93       	push	r28
    2a88:	cd b7       	in	r28, 0x3d	; 61
    2a8a:	de b7       	in	r29, 0x3e	; 62
    2a8c:	2c 97       	sbiw	r28, 0x0c	; 12
    2a8e:	0f b6       	in	r0, 0x3f	; 63
    2a90:	f8 94       	cli
    2a92:	de bf       	out	0x3e, r29	; 62
    2a94:	0f be       	out	0x3f, r0	; 63
    2a96:	cd bf       	out	0x3d, r28	; 61
    2a98:	6b 01       	movw	r12, r22
    2a9a:	7c 01       	movw	r14, r24
    u8 local_au8Digits[10];
    u8 local_u8Index = 0U;

    if (Copy_u32Number == 0U) {
    2a9c:	61 15       	cp	r22, r1
    2a9e:	71 05       	cpc	r23, r1
    2aa0:	81 05       	cpc	r24, r1
    2aa2:	91 05       	cpc	r25, r1
    2aa4:	09 f4       	brne	.+2      	; 0x2aa8 <HLCD_voidSendNumber+0x32>
    2aa6:	43 c0       	rjmp	.+134    	; 0x2b2e <HLCD_voidSendNumber+0xb8>
        HLCD_voidSendData('0');
        return;
    2aa8:	00 e0       	ldi	r16, 0x00	; 0
    2aaa:	5e 01       	movw	r10, r28
    2aac:	08 94       	sec
    2aae:	a1 1c       	adc	r10, r1
    2ab0:	b1 1c       	adc	r11, r1
    }

    while (Copy_u32Number > 0U) {
        local_au8Digits[local_u8Index] = (u8)(Copy_u32Number % 10U);
    2ab2:	c5 01       	movw	r24, r10
    2ab4:	80 0f       	add	r24, r16
    2ab6:	91 1d       	adc	r25, r1
    2ab8:	9c 87       	std	Y+12, r25	; 0x0c
    2aba:	8b 87       	std	Y+11, r24	; 0x0b
    2abc:	c7 01       	movw	r24, r14
    2abe:	b6 01       	movw	r22, r12
    2ac0:	2a e0       	ldi	r18, 0x0A	; 10
    2ac2:	30 e0       	ldi	r19, 0x00	; 0
    2ac4:	40 e0       	ldi	r20, 0x00	; 0
    2ac6:	50 e0       	ldi	r21, 0x00	; 0
    2ac8:	0e 94 2f 1d 	call	0x3a5e	; 0x3a5e <__udivmodsi4>
    2acc:	eb 85       	ldd	r30, Y+11	; 0x0b
    2ace:	fc 85       	ldd	r31, Y+12	; 0x0c
    2ad0:	60 83       	st	Z, r22
        Copy_u32Number /= 10U;
    2ad2:	c7 01       	movw	r24, r14
    2ad4:	b6 01       	movw	r22, r12
    2ad6:	2a e0       	ldi	r18, 0x0A	; 10
    2ad8:	30 e0       	ldi	r19, 0x00	; 0
    2ada:	40 e0       	ldi	r20, 0x00	; 0
    2adc:	50 e0       	ldi	r21, 0x00	; 0
    2ade:	0e 94 2f 1d 	call	0x3a5e	; 0x3a5e <__udivmodsi4>
    2ae2:	c9 01       	movw	r24, r18
    2ae4:	da 01       	movw	r26, r20
    2ae6:	6c 01       	movw	r12, r24
    2ae8:	7d 01       	movw	r14, r26
        local_u8Index++;
    2aea:	0f 5f       	subi	r16, 0xFF	; 255
    if (Copy_u32Number == 0U) {
        HLCD_voidSendData('0');
        return;
    }

    while (Copy_u32Number > 0U) {
    2aec:	c1 14       	cp	r12, r1
    2aee:	d1 04       	cpc	r13, r1
    2af0:	e1 04       	cpc	r14, r1
    2af2:	f1 04       	cpc	r15, r1
    2af4:	f1 f6       	brne	.-68     	; 0x2ab2 <HLCD_voidSendNumber+0x3c>
        local_au8Digits[local_u8Index] = (u8)(Copy_u32Number % 10U);
        Copy_u32Number /= 10U;
        local_u8Index++;
    }

    while (local_u8Index > 0U) {
    2af6:	00 23       	and	r16, r16
    2af8:	51 f0       	breq	.+20     	; 0x2b0e <HLCD_voidSendNumber+0x98>
        local_u8Index--;
    2afa:	01 50       	subi	r16, 0x01	; 1
        HLCD_voidSendData((u8)('0' + local_au8Digits[local_u8Index]));
    2afc:	f5 01       	movw	r30, r10
    2afe:	e0 0f       	add	r30, r16
    2b00:	f1 1d       	adc	r31, r1
    2b02:	80 81       	ld	r24, Z
    2b04:	80 5d       	subi	r24, 0xD0	; 208
    2b06:	0e 94 20 15 	call	0x2a40	; 0x2a40 <HLCD_voidSendData>
        local_au8Digits[local_u8Index] = (u8)(Copy_u32Number % 10U);
        Copy_u32Number /= 10U;
        local_u8Index++;
    }

    while (local_u8Index > 0U) {
    2b0a:	00 23       	and	r16, r16
    2b0c:	b1 f7       	brne	.-20     	; 0x2afa <HLCD_voidSendNumber+0x84>
        local_u8Index--;
        HLCD_voidSendData((u8)('0' + local_au8Digits[local_u8Index]));
    }
}
    2b0e:	2c 96       	adiw	r28, 0x0c	; 12
    2b10:	0f b6       	in	r0, 0x3f	; 63
    2b12:	f8 94       	cli
    2b14:	de bf       	out	0x3e, r29	; 62
    2b16:	0f be       	out	0x3f, r0	; 63
    2b18:	cd bf       	out	0x3d, r28	; 61
    2b1a:	cf 91       	pop	r28
    2b1c:	df 91       	pop	r29
    2b1e:	0f 91       	pop	r16
    2b20:	ff 90       	pop	r15
    2b22:	ef 90       	pop	r14
    2b24:	df 90       	pop	r13
    2b26:	cf 90       	pop	r12
    2b28:	bf 90       	pop	r11
    2b2a:	af 90       	pop	r10
    2b2c:	08 95       	ret
{
    u8 local_au8Digits[10];
    u8 local_u8Index = 0U;

    if (Copy_u32Number == 0U) {
        HLCD_voidSendData('0');
    2b2e:	80 e3       	ldi	r24, 0x30	; 48
    2b30:	0e 94 20 15 	call	0x2a40	; 0x2a40 <HLCD_voidSendData>
    2b34:	ec cf       	rjmp	.-40     	; 0x2b0e <HLCD_voidSendNumber+0x98>

00002b36 <HLCD_voidSendString>:

/* ====================================================================
 *  String / Number / Cursor Operations
 * ==================================================================== */
void HLCD_voidSendString(const char *Copy_pcString)
{
    2b36:	1f 93       	push	r17
    2b38:	cf 93       	push	r28
    2b3a:	df 93       	push	r29
    2b3c:	ec 01       	movw	r28, r24
    u8 Local_u8Counter = 0;
    while (Copy_pcString[Local_u8Counter] != '\0') {
    2b3e:	88 81       	ld	r24, Y
    2b40:	88 23       	and	r24, r24
    2b42:	51 f0       	breq	.+20     	; 0x2b58 <HLCD_voidSendString+0x22>
    2b44:	10 e0       	ldi	r17, 0x00	; 0
        HLCD_voidSendData(Copy_pcString[Local_u8Counter]);
    2b46:	0e 94 20 15 	call	0x2a40	; 0x2a40 <HLCD_voidSendData>
        Local_u8Counter++;
    2b4a:	1f 5f       	subi	r17, 0xFF	; 255
 *  String / Number / Cursor Operations
 * ==================================================================== */
void HLCD_voidSendString(const char *Copy_pcString)
{
    u8 Local_u8Counter = 0;
    while (Copy_pcString[Local_u8Counter] != '\0') {
    2b4c:	fe 01       	movw	r30, r28
    2b4e:	e1 0f       	add	r30, r17
    2b50:	f1 1d       	adc	r31, r1
    2b52:	80 81       	ld	r24, Z
    2b54:	88 23       	and	r24, r24
    2b56:	b9 f7       	brne	.-18     	; 0x2b46 <HLCD_voidSendString+0x10>
        HLCD_voidSendData(Copy_pcString[Local_u8Counter]);
        Local_u8Counter++;
    }
}
    2b58:	df 91       	pop	r29
    2b5a:	cf 91       	pop	r28
    2b5c:	1f 91       	pop	r17
    2b5e:	08 95       	ret

00002b60 <HLCD_voidSendFrequency>:
 *
 *  >= 1000 Hz → "X.XX kHz"  (e.g. "1.00 kHz", "12.50 kHz")
 *  <  1000 Hz → "XXX Hz"    (e.g. "100 Hz", "1 Hz")
 * ==================================================================== */
void HLCD_voidSendFrequency(u32 Copy_u32FreqHz)
{
    2b60:	af 92       	push	r10
    2b62:	bf 92       	push	r11
    2b64:	cf 92       	push	r12
    2b66:	df 92       	push	r13
    2b68:	ef 92       	push	r14
    2b6a:	ff 92       	push	r15
    2b6c:	0f 93       	push	r16
    2b6e:	1f 93       	push	r17
    2b70:	5b 01       	movw	r10, r22
    2b72:	6c 01       	movw	r12, r24
    if (Copy_u32FreqHz >= 1000UL) {
    2b74:	88 ee       	ldi	r24, 0xE8	; 232
    2b76:	a8 16       	cp	r10, r24
    2b78:	83 e0       	ldi	r24, 0x03	; 3
    2b7a:	b8 06       	cpc	r11, r24
    2b7c:	80 e0       	ldi	r24, 0x00	; 0
    2b7e:	c8 06       	cpc	r12, r24
    2b80:	80 e0       	ldi	r24, 0x00	; 0
    2b82:	d8 06       	cpc	r13, r24
    2b84:	b0 f1       	brcs	.+108    	; 0x2bf2 <HLCD_voidSendFrequency+0x92>
        u32 local_u32kHz = Copy_u32FreqHz / 1000UL;
        u32 local_u32Frac = (Copy_u32FreqHz % 1000UL) / 10UL; /* Two decimal places */
    2b86:	c6 01       	movw	r24, r12
    2b88:	b5 01       	movw	r22, r10
    2b8a:	28 ee       	ldi	r18, 0xE8	; 232
    2b8c:	33 e0       	ldi	r19, 0x03	; 3
    2b8e:	40 e0       	ldi	r20, 0x00	; 0
    2b90:	50 e0       	ldi	r21, 0x00	; 0
    2b92:	0e 94 2f 1d 	call	0x3a5e	; 0x3a5e <__udivmodsi4>
    2b96:	2a e0       	ldi	r18, 0x0A	; 10
    2b98:	30 e0       	ldi	r19, 0x00	; 0
    2b9a:	40 e0       	ldi	r20, 0x00	; 0
    2b9c:	50 e0       	ldi	r21, 0x00	; 0
    2b9e:	0e 94 2f 1d 	call	0x3a5e	; 0x3a5e <__udivmodsi4>
    2ba2:	79 01       	movw	r14, r18
    2ba4:	8a 01       	movw	r16, r20

        HLCD_voidSendNumber(local_u32kHz);
    2ba6:	c6 01       	movw	r24, r12
    2ba8:	b5 01       	movw	r22, r10
    2baa:	28 ee       	ldi	r18, 0xE8	; 232
    2bac:	33 e0       	ldi	r19, 0x03	; 3
    2bae:	40 e0       	ldi	r20, 0x00	; 0
    2bb0:	50 e0       	ldi	r21, 0x00	; 0
    2bb2:	0e 94 2f 1d 	call	0x3a5e	; 0x3a5e <__udivmodsi4>
    2bb6:	ca 01       	movw	r24, r20
    2bb8:	b9 01       	movw	r22, r18
    2bba:	0e 94 3b 15 	call	0x2a76	; 0x2a76 <HLCD_voidSendNumber>
        HLCD_voidSendData('.');
    2bbe:	8e e2       	ldi	r24, 0x2E	; 46
    2bc0:	0e 94 20 15 	call	0x2a40	; 0x2a40 <HLCD_voidSendData>

        /* Always print two digits for fractional part */
        if (local_u32Frac < 10UL) {
    2bc4:	8a e0       	ldi	r24, 0x0A	; 10
    2bc6:	e8 16       	cp	r14, r24
    2bc8:	f1 04       	cpc	r15, r1
    2bca:	01 05       	cpc	r16, r1
    2bcc:	11 05       	cpc	r17, r1
    2bce:	d0 f0       	brcs	.+52     	; 0x2c04 <HLCD_voidSendFrequency+0xa4>
            HLCD_voidSendData('0');
        }
        HLCD_voidSendNumber(local_u32Frac);
    2bd0:	c8 01       	movw	r24, r16
    2bd2:	b7 01       	movw	r22, r14
    2bd4:	0e 94 3b 15 	call	0x2a76	; 0x2a76 <HLCD_voidSendNumber>
        HLCD_voidSendString(" kHz");
    2bd8:	8b e6       	ldi	r24, 0x6B	; 107
    2bda:	90 e0       	ldi	r25, 0x00	; 0
    2bdc:	0e 94 9b 15 	call	0x2b36	; 0x2b36 <HLCD_voidSendString>
    } else {
        HLCD_voidSendNumber(Copy_u32FreqHz);
        HLCD_voidSendString(" Hz  ");
    }
}
    2be0:	1f 91       	pop	r17
    2be2:	0f 91       	pop	r16
    2be4:	ff 90       	pop	r15
    2be6:	ef 90       	pop	r14
    2be8:	df 90       	pop	r13
    2bea:	cf 90       	pop	r12
    2bec:	bf 90       	pop	r11
    2bee:	af 90       	pop	r10
    2bf0:	08 95       	ret
            HLCD_voidSendData('0');
        }
        HLCD_voidSendNumber(local_u32Frac);
        HLCD_voidSendString(" kHz");
    } else {
        HLCD_voidSendNumber(Copy_u32FreqHz);
    2bf2:	c6 01       	movw	r24, r12
    2bf4:	b5 01       	movw	r22, r10
    2bf6:	0e 94 3b 15 	call	0x2a76	; 0x2a76 <HLCD_voidSendNumber>
        HLCD_voidSendString(" Hz  ");
    2bfa:	80 e7       	ldi	r24, 0x70	; 112
    2bfc:	90 e0       	ldi	r25, 0x00	; 0
    2bfe:	0e 94 9b 15 	call	0x2b36	; 0x2b36 <HLCD_voidSendString>
    2c02:	ee cf       	rjmp	.-36     	; 0x2be0 <HLCD_voidSendFrequency+0x80>
        HLCD_voidSendNumber(local_u32kHz);
        HLCD_voidSendData('.');

        /* Always print two digits for fractional part */
        if (local_u32Frac < 10UL) {
            HLCD_voidSendData('0');
    2c04:	80 e3       	ldi	r24, 0x30	; 48
    2c06:	0e 94 20 15 	call	0x2a40	; 0x2a40 <HLCD_voidSendData>
    2c0a:	e2 cf       	rjmp	.-60     	; 0x2bd0 <HLCD_voidSendFrequency+0x70>

00002c0c <HLCD_voidSendCommand>:

/* ====================================================================
 *  Send Command
 * ==================================================================== */
void HLCD_voidSendCommand(u8 Copy_u8Command)
{
    2c0c:	1f 93       	push	r17
    2c0e:	18 2f       	mov	r17, r24
    /* RS = 0 (command), RW = 0 (write) */
    DIO_enumSetPinValue(HLCD_CTRL_PORT, HLCD_RS_PIN, DIO_LOW);
    2c10:	82 e0       	ldi	r24, 0x02	; 2
    2c12:	60 e0       	ldi	r22, 0x00	; 0
    2c14:	40 e0       	ldi	r20, 0x00	; 0
    2c16:	0e 94 5a 0f 	call	0x1eb4	; 0x1eb4 <DIO_enumSetPinValue>
    DIO_enumSetPinValue(HLCD_CTRL_PORT, HLCD_RW_PIN, DIO_LOW);
    2c1a:	82 e0       	ldi	r24, 0x02	; 2
    2c1c:	61 e0       	ldi	r22, 0x01	; 1
    2c1e:	40 e0       	ldi	r20, 0x00	; 0
    2c20:	0e 94 5a 0f 	call	0x1eb4	; 0x1eb4 <DIO_enumSetPinValue>

#if (HLCD_MODE == HLCD_MODE_4BIT)
    /* Send high nibble first */
    HLCD_voidWriteNibble((Copy_u8Command >> 4) & 0x0F);
    2c24:	81 2f       	mov	r24, r17
    2c26:	82 95       	swap	r24
    2c28:	8f 70       	andi	r24, 0x0F	; 15
    2c2a:	0e 94 e9 14 	call	0x29d2	; 0x29d2 <HLCD_voidWriteNibble>
    HLCD_voidEnablePulse();
    2c2e:	0e 94 09 15 	call	0x2a12	; 0x2a12 <HLCD_voidEnablePulse>

    /* Send low nibble */
    HLCD_voidWriteNibble(Copy_u8Command & 0x0F);
    2c32:	81 2f       	mov	r24, r17
    2c34:	8f 70       	andi	r24, 0x0F	; 15
    2c36:	0e 94 e9 14 	call	0x29d2	; 0x29d2 <HLCD_voidWriteNibble>
    HLCD_voidEnablePulse();
    2c3a:	0e 94 09 15 	call	0x2a12	; 0x2a12 <HLCD_voidEnablePulse>
#else
    /* 8-bit mode: write full byte to data port */
    DIO_enumSetPortValue(HLCD_DATA_PORT, Copy_u8Command);
    HLCD_voidEnablePulse();
#endif
}
    2c3e:	1f 91       	pop	r17
    2c40:	08 95       	ret

00002c42 <HLCD_voidCreateCustomChar>:
    /* Revert to standard display (ON, Cursor OFF) */
    HLCD_voidSendCommand(LCD_DISPLAY_ON_COMMAND);
}

void HLCD_voidCreateCustomChar(const u8 *Copy_pu8Pattern, u8 Copy_u8Location)
{
    2c42:	0f 93       	push	r16
    2c44:	1f 93       	push	r17
    2c46:	cf 93       	push	r28
    2c48:	df 93       	push	r29
    2c4a:	8c 01       	movw	r16, r24
    if (Copy_u8Location < 8) {
    2c4c:	68 30       	cpi	r22, 0x08	; 8
    2c4e:	28 f0       	brcs	.+10     	; 0x2c5a <HLCD_voidCreateCustomChar+0x18>
        }

        /* Return to Home / DDRAM to prevent corrupting CGRAM with subsequent prints */
        HLCD_voidSendCommand(LCD_RETURN_HOME_COMMAND);
    }
}
    2c50:	df 91       	pop	r29
    2c52:	cf 91       	pop	r28
    2c54:	1f 91       	pop	r17
    2c56:	0f 91       	pop	r16
    2c58:	08 95       	ret

void HLCD_voidCreateCustomChar(const u8 *Copy_pu8Pattern, u8 Copy_u8Location)
{
    if (Copy_u8Location < 8) {
        /* Set CGRAM address (0x40 + location * 8) */
        HLCD_voidSendCommand(LCD_CGRAM_ADDRESS_COMMAND + (Copy_u8Location * 8));
    2c5a:	66 0f       	add	r22, r22
    2c5c:	66 0f       	add	r22, r22
    2c5e:	66 0f       	add	r22, r22
    2c60:	86 2f       	mov	r24, r22
    2c62:	80 5c       	subi	r24, 0xC0	; 192
    2c64:	0e 94 06 16 	call	0x2c0c	; 0x2c0c <HLCD_voidSendCommand>
    2c68:	c0 e0       	ldi	r28, 0x00	; 0
    2c6a:	d0 e0       	ldi	r29, 0x00	; 0

        /* Write the 8 bytes of the pattern */
        for (u8 i = 0; i < 8; i++) {
            HLCD_voidSendData(Copy_pu8Pattern[i]);
    2c6c:	f8 01       	movw	r30, r16
    2c6e:	ec 0f       	add	r30, r28
    2c70:	fd 1f       	adc	r31, r29
    2c72:	80 81       	ld	r24, Z
    2c74:	0e 94 20 15 	call	0x2a40	; 0x2a40 <HLCD_voidSendData>
    2c78:	21 96       	adiw	r28, 0x01	; 1
    if (Copy_u8Location < 8) {
        /* Set CGRAM address (0x40 + location * 8) */
        HLCD_voidSendCommand(LCD_CGRAM_ADDRESS_COMMAND + (Copy_u8Location * 8));

        /* Write the 8 bytes of the pattern */
        for (u8 i = 0; i < 8; i++) {
    2c7a:	c8 30       	cpi	r28, 0x08	; 8
    2c7c:	d1 05       	cpc	r29, r1
    2c7e:	b1 f7       	brne	.-20     	; 0x2c6c <HLCD_voidCreateCustomChar+0x2a>
            HLCD_voidSendData(Copy_pu8Pattern[i]);
        }

        /* Return to Home / DDRAM to prevent corrupting CGRAM with subsequent prints */
        HLCD_voidSendCommand(LCD_RETURN_HOME_COMMAND);
    2c80:	82 e0       	ldi	r24, 0x02	; 2
    2c82:	0e 94 06 16 	call	0x2c0c	; 0x2c0c <HLCD_voidSendCommand>
    }
}
    2c86:	df 91       	pop	r29
    2c88:	cf 91       	pop	r28
    2c8a:	1f 91       	pop	r17
    2c8c:	0f 91       	pop	r16
    2c8e:	08 95       	ret

00002c90 <HLCD_voidSendStringTypingEffect>:

void HLCD_voidClearScreen(void) { HLCD_voidSendCommand(LCD_CLEAR_COMMAND); }

void HLCD_voidSendStringTypingEffect(const char *Copy_pcString,
                                     u32 Copy_u32DelayMs)
{
    2c90:	df 92       	push	r13
    2c92:	ef 92       	push	r14
    2c94:	ff 92       	push	r15
    2c96:	0f 93       	push	r16
    2c98:	1f 93       	push	r17
    2c9a:	cf 93       	push	r28
    2c9c:	df 93       	push	r29
    2c9e:	ec 01       	movw	r28, r24
    2ca0:	7a 01       	movw	r14, r20
    2ca2:	8b 01       	movw	r16, r22
    /* Turn on display with blinking cursor for typing effect */
    HLCD_voidSendCommand(LCD_DISPLAY_ON_BLINK_COMMAND);
    2ca4:	8f e0       	ldi	r24, 0x0F	; 15
    2ca6:	0e 94 06 16 	call	0x2c0c	; 0x2c0c <HLCD_voidSendCommand>

    u8 Local_u8Counter = 0;
    while (Copy_pcString[Local_u8Counter] != '\0') {
    2caa:	88 81       	ld	r24, Y
    2cac:	88 23       	and	r24, r24
    2cae:	09 f1       	breq	.+66     	; 0x2cf2 <HLCD_voidSendStringTypingEffect+0x62>
    2cb0:	dd 24       	eor	r13, r13
        HLCD_voidSendData(Copy_pcString[Local_u8Counter]);
    2cb2:	0e 94 20 15 	call	0x2a40	; 0x2a40 <HLCD_voidSendData>

        /* Delay between characters */
        for (u32 i = 0; i < Copy_u32DelayMs; i++) {
    2cb6:	e1 14       	cp	r14, r1
    2cb8:	f1 04       	cpc	r15, r1
    2cba:	01 05       	cpc	r16, r1
    2cbc:	11 05       	cpc	r17, r1
    2cbe:	91 f0       	breq	.+36     	; 0x2ce4 <HLCD_voidSendStringTypingEffect+0x54>
    2cc0:	80 e0       	ldi	r24, 0x00	; 0
    2cc2:	90 e0       	ldi	r25, 0x00	; 0
    2cc4:	a0 e0       	ldi	r26, 0x00	; 0
    2cc6:	b0 e0       	ldi	r27, 0x00	; 0
    2cc8:	ef ec       	ldi	r30, 0xCF	; 207
    2cca:	f7 e0       	ldi	r31, 0x07	; 7
    2ccc:	31 97       	sbiw	r30, 0x01	; 1
    2cce:	f1 f7       	brne	.-4      	; 0x2ccc <HLCD_voidSendStringTypingEffect+0x3c>
    2cd0:	00 c0       	rjmp	.+0      	; 0x2cd2 <HLCD_voidSendStringTypingEffect+0x42>
    2cd2:	00 00       	nop
    2cd4:	01 96       	adiw	r24, 0x01	; 1
    2cd6:	a1 1d       	adc	r26, r1
    2cd8:	b1 1d       	adc	r27, r1
    2cda:	8e 15       	cp	r24, r14
    2cdc:	9f 05       	cpc	r25, r15
    2cde:	a0 07       	cpc	r26, r16
    2ce0:	b1 07       	cpc	r27, r17
    2ce2:	90 f3       	brcs	.-28     	; 0x2cc8 <HLCD_voidSendStringTypingEffect+0x38>
            DELAY_voidMs(1);
        }
        Local_u8Counter++;
    2ce4:	d3 94       	inc	r13
{
    /* Turn on display with blinking cursor for typing effect */
    HLCD_voidSendCommand(LCD_DISPLAY_ON_BLINK_COMMAND);

    u8 Local_u8Counter = 0;
    while (Copy_pcString[Local_u8Counter] != '\0') {
    2ce6:	fe 01       	movw	r30, r28
    2ce8:	ed 0d       	add	r30, r13
    2cea:	f1 1d       	adc	r31, r1
    2cec:	80 81       	ld	r24, Z
    2cee:	88 23       	and	r24, r24
    2cf0:	01 f7       	brne	.-64     	; 0x2cb2 <HLCD_voidSendStringTypingEffect+0x22>
        }
        Local_u8Counter++;
    }

    /* Revert to standard display (ON, Cursor OFF) */
    HLCD_voidSendCommand(LCD_DISPLAY_ON_COMMAND);
    2cf2:	8c e0       	ldi	r24, 0x0C	; 12
    2cf4:	0e 94 06 16 	call	0x2c0c	; 0x2c0c <HLCD_voidSendCommand>
}
    2cf8:	df 91       	pop	r29
    2cfa:	cf 91       	pop	r28
    2cfc:	1f 91       	pop	r17
    2cfe:	0f 91       	pop	r16
    2d00:	ff 90       	pop	r15
    2d02:	ef 90       	pop	r14
    2d04:	df 90       	pop	r13
    2d06:	08 95       	ret

00002d08 <HLCD_voidClearScreen>:
        Local_u8Address = Copy_u8Col + 0x40;
    }
    HLCD_voidSendCommand(LCD_SET_CURSOR_LOCATION_COMMAND | Local_u8Address);
}

void HLCD_voidClearScreen(void) { HLCD_voidSendCommand(LCD_CLEAR_COMMAND); }
    2d08:	81 e0       	ldi	r24, 0x01	; 1
    2d0a:	0e 94 06 16 	call	0x2c0c	; 0x2c0c <HLCD_voidSendCommand>
    2d0e:	08 95       	ret

00002d10 <HLCD_voidGoToXY>:
}

void HLCD_voidGoToXY(u8 Copy_u8Row, u8 Copy_u8Col)
{
    u8 Local_u8Address = 0;
    if (Copy_u8Row == 0) {
    2d10:	88 23       	and	r24, r24
    2d12:	31 f0       	breq	.+12     	; 0x2d20 <HLCD_voidGoToXY+0x10>
        Local_u8Address = Copy_u8Col;
    } else if (Copy_u8Row == 1) {
    2d14:	81 30       	cpi	r24, 0x01	; 1
    2d16:	49 f0       	breq	.+18     	; 0x2d2a <HLCD_voidGoToXY+0x1a>
    2d18:	80 e8       	ldi	r24, 0x80	; 128
        Local_u8Address = Copy_u8Col + 0x40;
    }
    HLCD_voidSendCommand(LCD_SET_CURSOR_LOCATION_COMMAND | Local_u8Address);
    2d1a:	0e 94 06 16 	call	0x2c0c	; 0x2c0c <HLCD_voidSendCommand>
}
    2d1e:	08 95       	ret
}

void HLCD_voidGoToXY(u8 Copy_u8Row, u8 Copy_u8Col)
{
    u8 Local_u8Address = 0;
    if (Copy_u8Row == 0) {
    2d20:	86 2f       	mov	r24, r22
    2d22:	80 68       	ori	r24, 0x80	; 128
        Local_u8Address = Copy_u8Col;
    } else if (Copy_u8Row == 1) {
        Local_u8Address = Copy_u8Col + 0x40;
    }
    HLCD_voidSendCommand(LCD_SET_CURSOR_LOCATION_COMMAND | Local_u8Address);
    2d24:	0e 94 06 16 	call	0x2c0c	; 0x2c0c <HLCD_voidSendCommand>
}
    2d28:	08 95       	ret
void HLCD_voidGoToXY(u8 Copy_u8Row, u8 Copy_u8Col)
{
    u8 Local_u8Address = 0;
    if (Copy_u8Row == 0) {
        Local_u8Address = Copy_u8Col;
    } else if (Copy_u8Row == 1) {
    2d2a:	86 2f       	mov	r24, r22
    2d2c:	80 5c       	subi	r24, 0xC0	; 192
    2d2e:	80 68       	ori	r24, 0x80	; 128
        Local_u8Address = Copy_u8Col + 0x40;
    }
    HLCD_voidSendCommand(LCD_SET_CURSOR_LOCATION_COMMAND | Local_u8Address);
    2d30:	0e 94 06 16 	call	0x2c0c	; 0x2c0c <HLCD_voidSendCommand>
}
    2d34:	08 95       	ret

00002d36 <HLCD_voidInit>:
 *  Initialization
 * ==================================================================== */
void HLCD_voidInit(void)
{
    /* Configure control pins as output */
    DIO_enumSetPinDirection(HLCD_CTRL_PORT, HLCD_RS_PIN, DIO_OUTPUT);
    2d36:	82 e0       	ldi	r24, 0x02	; 2
    2d38:	60 e0       	ldi	r22, 0x00	; 0
    2d3a:	41 e0       	ldi	r20, 0x01	; 1
    2d3c:	0e 94 d8 0e 	call	0x1db0	; 0x1db0 <DIO_enumSetPinDirection>
    DIO_enumSetPinDirection(HLCD_CTRL_PORT, HLCD_RW_PIN, DIO_OUTPUT);
    2d40:	82 e0       	ldi	r24, 0x02	; 2
    2d42:	61 e0       	ldi	r22, 0x01	; 1
    2d44:	41 e0       	ldi	r20, 0x01	; 1
    2d46:	0e 94 d8 0e 	call	0x1db0	; 0x1db0 <DIO_enumSetPinDirection>
    DIO_enumSetPinDirection(HLCD_CTRL_PORT, HLCD_EN_PIN, DIO_OUTPUT);
    2d4a:	82 e0       	ldi	r24, 0x02	; 2
    2d4c:	62 e0       	ldi	r22, 0x02	; 2
    2d4e:	41 e0       	ldi	r20, 0x01	; 1
    2d50:	0e 94 d8 0e 	call	0x1db0	; 0x1db0 <DIO_enumSetPinDirection>

#if (HLCD_MODE == HLCD_MODE_4BIT)
    /* Configure data pins D4..D7 as output */
    DIO_enumSetPinDirection(HLCD_DATA_PORT, HLCD_D4_PIN, DIO_OUTPUT);
    2d54:	82 e0       	ldi	r24, 0x02	; 2
    2d56:	64 e0       	ldi	r22, 0x04	; 4
    2d58:	41 e0       	ldi	r20, 0x01	; 1
    2d5a:	0e 94 d8 0e 	call	0x1db0	; 0x1db0 <DIO_enumSetPinDirection>
    DIO_enumSetPinDirection(HLCD_DATA_PORT, HLCD_D5_PIN, DIO_OUTPUT);
    2d5e:	82 e0       	ldi	r24, 0x02	; 2
    2d60:	65 e0       	ldi	r22, 0x05	; 5
    2d62:	41 e0       	ldi	r20, 0x01	; 1
    2d64:	0e 94 d8 0e 	call	0x1db0	; 0x1db0 <DIO_enumSetPinDirection>
    DIO_enumSetPinDirection(HLCD_DATA_PORT, HLCD_D6_PIN, DIO_OUTPUT);
    2d68:	82 e0       	ldi	r24, 0x02	; 2
    2d6a:	66 e0       	ldi	r22, 0x06	; 6
    2d6c:	41 e0       	ldi	r20, 0x01	; 1
    2d6e:	0e 94 d8 0e 	call	0x1db0	; 0x1db0 <DIO_enumSetPinDirection>
    DIO_enumSetPinDirection(HLCD_DATA_PORT, HLCD_D7_PIN, DIO_OUTPUT);
    2d72:	82 e0       	ldi	r24, 0x02	; 2
    2d74:	67 e0       	ldi	r22, 0x07	; 7
    2d76:	41 e0       	ldi	r20, 0x01	; 1
    2d78:	0e 94 d8 0e 	call	0x1db0	; 0x1db0 <DIO_enumSetPinDirection>
    2d7c:	81 e3       	ldi	r24, 0x31	; 49
    2d7e:	90 e0       	ldi	r25, 0x00	; 0
    2d80:	ef ec       	ldi	r30, 0xCF	; 207
    2d82:	f7 e0       	ldi	r31, 0x07	; 7
    2d84:	31 97       	sbiw	r30, 0x01	; 1
    2d86:	f1 f7       	brne	.-4      	; 0x2d84 <HLCD_voidInit+0x4e>
    2d88:	00 c0       	rjmp	.+0      	; 0x2d8a <HLCD_voidInit+0x54>
    2d8a:	00 00       	nop
/* -----------------------------------------------------------------
 * Millisecond delay
 * ----------------------------------------------------------------- */
static inline void DELAY_voidMs(u16 Copy_u16Ms)
{
    while (Copy_u16Ms--)
    2d8c:	01 97       	sbiw	r24, 0x01	; 1
    2d8e:	ff ef       	ldi	r31, 0xFF	; 255
    2d90:	8f 3f       	cpi	r24, 0xFF	; 255
    2d92:	9f 07       	cpc	r25, r31
    2d94:	a9 f7       	brne	.-22     	; 0x2d80 <HLCD_voidInit+0x4a>
     * During steps 1-2, the LCD is still in 8-bit mode,
     * so we send only single nibbles via D4..D7.
     */

    /* Function set: force 8-bit mode (attempt 1) */
    HLCD_voidWriteNibble(0x03);
    2d96:	83 e0       	ldi	r24, 0x03	; 3
    2d98:	0e 94 e9 14 	call	0x29d2	; 0x29d2 <HLCD_voidWriteNibble>
    HLCD_voidEnablePulse();
    2d9c:	0e 94 09 15 	call	0x2a12	; 0x2a12 <HLCD_voidEnablePulse>
    {
        __builtin_avr_delay_cycles( DELAY_CYCLES_PER_MS );
    2da0:	8f ec       	ldi	r24, 0xCF	; 207
    2da2:	97 e0       	ldi	r25, 0x07	; 7
    2da4:	01 97       	sbiw	r24, 0x01	; 1
    2da6:	f1 f7       	brne	.-4      	; 0x2da4 <HLCD_voidInit+0x6e>
    2da8:	00 c0       	rjmp	.+0      	; 0x2daa <HLCD_voidInit+0x74>
    2daa:	00 00       	nop
    2dac:	ef ec       	ldi	r30, 0xCF	; 207
    2dae:	f7 e0       	ldi	r31, 0x07	; 7
    2db0:	31 97       	sbiw	r30, 0x01	; 1
    2db2:	f1 f7       	brne	.-4      	; 0x2db0 <HLCD_voidInit+0x7a>
    2db4:	00 c0       	rjmp	.+0      	; 0x2db6 <HLCD_voidInit+0x80>
    2db6:	00 00       	nop
    2db8:	8f ec       	ldi	r24, 0xCF	; 207
    2dba:	97 e0       	ldi	r25, 0x07	; 7
    2dbc:	01 97       	sbiw	r24, 0x01	; 1
    2dbe:	f1 f7       	brne	.-4      	; 0x2dbc <HLCD_voidInit+0x86>
    2dc0:	00 c0       	rjmp	.+0      	; 0x2dc2 <HLCD_voidInit+0x8c>
    2dc2:	00 00       	nop
    2dc4:	ef ec       	ldi	r30, 0xCF	; 207
    2dc6:	f7 e0       	ldi	r31, 0x07	; 7
    2dc8:	31 97       	sbiw	r30, 0x01	; 1
    2dca:	f1 f7       	brne	.-4      	; 0x2dc8 <HLCD_voidInit+0x92>
    2dcc:	00 c0       	rjmp	.+0      	; 0x2dce <HLCD_voidInit+0x98>
    2dce:	00 00       	nop
    2dd0:	8f ec       	ldi	r24, 0xCF	; 207
    2dd2:	97 e0       	ldi	r25, 0x07	; 7
    2dd4:	01 97       	sbiw	r24, 0x01	; 1
    2dd6:	f1 f7       	brne	.-4      	; 0x2dd4 <HLCD_voidInit+0x9e>
    2dd8:	00 c0       	rjmp	.+0      	; 0x2dda <HLCD_voidInit+0xa4>
    2dda:	00 00       	nop
    DELAY_voidMs(5);

    /* Function set: force 8-bit mode (attempt 2) */
    HLCD_voidWriteNibble(0x03);
    2ddc:	83 e0       	ldi	r24, 0x03	; 3
    2dde:	0e 94 e9 14 	call	0x29d2	; 0x29d2 <HLCD_voidWriteNibble>
    HLCD_voidEnablePulse();
    2de2:	0e 94 09 15 	call	0x2a12	; 0x2a12 <HLCD_voidEnablePulse>
    2de6:	ef ec       	ldi	r30, 0xCF	; 207
    2de8:	f7 e0       	ldi	r31, 0x07	; 7
    2dea:	31 97       	sbiw	r30, 0x01	; 1
    2dec:	f1 f7       	brne	.-4      	; 0x2dea <HLCD_voidInit+0xb4>
    2dee:	00 c0       	rjmp	.+0      	; 0x2df0 <HLCD_voidInit+0xba>
    2df0:	00 00       	nop
    DELAY_voidMs(1);

    /* Function set: force 8-bit mode (attempt 3) */
    HLCD_voidWriteNibble(0x03);
    2df2:	83 e0       	ldi	r24, 0x03	; 3
    2df4:	0e 94 e9 14 	call	0x29d2	; 0x29d2 <HLCD_voidWriteNibble>
    HLCD_voidEnablePulse();
    2df8:	0e 94 09 15 	call	0x2a12	; 0x2a12 <HLCD_voidEnablePulse>
    2dfc:	8f ec       	ldi	r24, 0xCF	; 207
    2dfe:	97 e0       	ldi	r25, 0x07	; 7
    2e00:	01 97       	sbiw	r24, 0x01	; 1
    2e02:	f1 f7       	brne	.-4      	; 0x2e00 <HLCD_voidInit+0xca>
    2e04:	00 c0       	rjmp	.+0      	; 0x2e06 <HLCD_voidInit+0xd0>
    2e06:	00 00       	nop
    DELAY_voidMs(1);

    /* Switch to 4-bit mode */
    HLCD_voidWriteNibble(0x02);
    2e08:	82 e0       	ldi	r24, 0x02	; 2
    2e0a:	0e 94 e9 14 	call	0x29d2	; 0x29d2 <HLCD_voidWriteNibble>
    HLCD_voidEnablePulse();
    2e0e:	0e 94 09 15 	call	0x2a12	; 0x2a12 <HLCD_voidEnablePulse>
    2e12:	ef ec       	ldi	r30, 0xCF	; 207
    2e14:	f7 e0       	ldi	r31, 0x07	; 7
    2e16:	31 97       	sbiw	r30, 0x01	; 1
    2e18:	f1 f7       	brne	.-4      	; 0x2e16 <HLCD_voidInit+0xe0>
    2e1a:	00 c0       	rjmp	.+0      	; 0x2e1c <HLCD_voidInit+0xe6>
    2e1c:	00 00       	nop
    DELAY_voidMs(1);

    /* Now in 4-bit mode — send full commands using two nibbles */
    HLCD_voidSendCommand(LCD_4BIT_2LINE_COMMAND);   /* 0x28: 4-bit, 2 lines, 5x8 */
    2e1e:	88 e2       	ldi	r24, 0x28	; 40
    2e20:	0e 94 06 16 	call	0x2c0c	; 0x2c0c <HLCD_voidSendCommand>
    2e24:	8f ec       	ldi	r24, 0xCF	; 207
    2e26:	97 e0       	ldi	r25, 0x07	; 7
    2e28:	01 97       	sbiw	r24, 0x01	; 1
    2e2a:	f1 f7       	brne	.-4      	; 0x2e28 <HLCD_voidInit+0xf2>
    2e2c:	00 c0       	rjmp	.+0      	; 0x2e2e <HLCD_voidInit+0xf8>
    2e2e:	00 00       	nop
    DELAY_voidMs(40);
    HLCD_voidSendCommand(LCD_8BIT_2LINE_COMMAND);   /* 0x38: 8-bit, 2 lines, 5x8 */
    DELAY_voidMs(1);
#endif

    HLCD_voidSendCommand(LCD_DISPLAY_ON_COMMAND);     /* 0x0C: Display ON */
    2e30:	8c e0       	ldi	r24, 0x0C	; 12
    2e32:	0e 94 06 16 	call	0x2c0c	; 0x2c0c <HLCD_voidSendCommand>
    2e36:	ef ec       	ldi	r30, 0xCF	; 207
    2e38:	f7 e0       	ldi	r31, 0x07	; 7
    2e3a:	31 97       	sbiw	r30, 0x01	; 1
    2e3c:	f1 f7       	brne	.-4      	; 0x2e3a <HLCD_voidInit+0x104>
    2e3e:	00 c0       	rjmp	.+0      	; 0x2e40 <HLCD_voidInit+0x10a>
    2e40:	00 00       	nop
    DELAY_voidMs(1);

    HLCD_voidSendCommand(LCD_CLEAR_COMMAND);          /* 0x01: Clear */
    2e42:	81 e0       	ldi	r24, 0x01	; 1
    2e44:	0e 94 06 16 	call	0x2c0c	; 0x2c0c <HLCD_voidSendCommand>
    2e48:	8f ec       	ldi	r24, 0xCF	; 207
    2e4a:	97 e0       	ldi	r25, 0x07	; 7
    2e4c:	01 97       	sbiw	r24, 0x01	; 1
    2e4e:	f1 f7       	brne	.-4      	; 0x2e4c <HLCD_voidInit+0x116>
    2e50:	00 c0       	rjmp	.+0      	; 0x2e52 <HLCD_voidInit+0x11c>
    2e52:	00 00       	nop
    2e54:	ef ec       	ldi	r30, 0xCF	; 207
    2e56:	f7 e0       	ldi	r31, 0x07	; 7
    2e58:	31 97       	sbiw	r30, 0x01	; 1
    2e5a:	f1 f7       	brne	.-4      	; 0x2e58 <HLCD_voidInit+0x122>
    2e5c:	00 c0       	rjmp	.+0      	; 0x2e5e <HLCD_voidInit+0x128>
    2e5e:	00 00       	nop
    DELAY_voidMs(2);

    HLCD_voidSendCommand(LCD_ENTRY_MODE_SET_COMMAND); /* 0x06: Increment, no shift */
    2e60:	86 e0       	ldi	r24, 0x06	; 6
    2e62:	0e 94 06 16 	call	0x2c0c	; 0x2c0c <HLCD_voidSendCommand>
}
    2e66:	08 95       	ret

00002e68 <KPD_I2C_u8ReadI2CByte>:
    MI2C_u8WriteData(Copy_u8Data);
    MI2C_voidStop();
}

static u8 KPD_I2C_u8ReadI2CByte(u8 Copy_u8Address)
{
    2e68:	1f 93       	push	r17
    2e6a:	df 93       	push	r29
    2e6c:	cf 93       	push	r28
    2e6e:	0f 92       	push	r0
    2e70:	cd b7       	in	r28, 0x3d	; 61
    2e72:	de b7       	in	r29, 0x3e	; 62
    2e74:	18 2f       	mov	r17, r24
    u8 local_u8Data = 0xFF;
    2e76:	8f ef       	ldi	r24, 0xFF	; 255
    2e78:	89 83       	std	Y+1, r24	; 0x01
    MI2C_u8Start();
    2e7a:	0e 94 fd 0c 	call	0x19fa	; 0x19fa <MI2C_u8Start>
    MI2C_u8SendAddress((Copy_u8Address << 1) | 0x01U);
    2e7e:	11 0f       	add	r17, r17
    2e80:	81 2f       	mov	r24, r17
    2e82:	81 60       	ori	r24, 0x01	; 1
    2e84:	0e 94 0e 0d 	call	0x1a1c	; 0x1a1c <MI2C_u8SendAddress>
    MI2C_u8ReadDataWithNACK(&local_u8Data);
    2e88:	ce 01       	movw	r24, r28
    2e8a:	01 96       	adiw	r24, 0x01	; 1
    2e8c:	0e 94 42 0d 	call	0x1a84	; 0x1a84 <MI2C_u8ReadDataWithNACK>
    MI2C_voidStop();
    2e90:	0e 94 56 0d 	call	0x1aac	; 0x1aac <MI2C_voidStop>
    return local_u8Data;
}
    2e94:	89 81       	ldd	r24, Y+1	; 0x01
    2e96:	0f 90       	pop	r0
    2e98:	cf 91       	pop	r28
    2e9a:	df 91       	pop	r29
    2e9c:	1f 91       	pop	r17
    2e9e:	08 95       	ret

00002ea0 <KPD_I2C_voidSendI2CByte>:
#include "KPD_I2C_interface.h"

static const u8 Local_u8KPDArr[KPD_I2C_NUM_ROWS][KPD_I2C_NUM_COLS] = KPD_I2C_KEYS;

static void KPD_I2C_voidSendI2CByte(u8 Copy_u8Address, u8 Copy_u8Data)
{
    2ea0:	0f 93       	push	r16
    2ea2:	1f 93       	push	r17
    2ea4:	18 2f       	mov	r17, r24
    2ea6:	06 2f       	mov	r16, r22
    MI2C_u8Start();
    2ea8:	0e 94 fd 0c 	call	0x19fa	; 0x19fa <MI2C_u8Start>
    MI2C_u8SendAddress(Copy_u8Address << 1); 
    2eac:	81 2f       	mov	r24, r17
    2eae:	88 0f       	add	r24, r24
    2eb0:	0e 94 0e 0d 	call	0x1a1c	; 0x1a1c <MI2C_u8SendAddress>
    MI2C_u8WriteData(Copy_u8Data);
    2eb4:	80 2f       	mov	r24, r16
    2eb6:	0e 94 20 0d 	call	0x1a40	; 0x1a40 <MI2C_u8WriteData>
    MI2C_voidStop();
    2eba:	0e 94 56 0d 	call	0x1aac	; 0x1aac <MI2C_voidStop>
}
    2ebe:	1f 91       	pop	r17
    2ec0:	0f 91       	pop	r16
    2ec2:	08 95       	ret

00002ec4 <KPD_I2C_voidInit>:
    return local_u8Data;
}

void KPD_I2C_voidInit(void)
{
    KPD_I2C_voidSendI2CByte(KPD_I2C_PCF_ROWS_ADDR, 0xFF);
    2ec4:	81 e2       	ldi	r24, 0x21	; 33
    2ec6:	6f ef       	ldi	r22, 0xFF	; 255
    2ec8:	0e 94 50 17 	call	0x2ea0	; 0x2ea0 <KPD_I2C_voidSendI2CByte>
    KPD_I2C_voidSendI2CByte(KPD_I2C_PCF_COLS_ADDR, 0xFF);
    2ecc:	82 e2       	ldi	r24, 0x22	; 34
    2ece:	6f ef       	ldi	r22, 0xFF	; 255
    2ed0:	0e 94 50 17 	call	0x2ea0	; 0x2ea0 <KPD_I2C_voidSendI2CByte>
}
    2ed4:	08 95       	ret

00002ed6 <KPD_I2C_u8ScanKey>:

u8 KPD_I2C_u8ScanKey(void)
{
    2ed6:	ef 92       	push	r14
    2ed8:	ff 92       	push	r15
    2eda:	0f 93       	push	r16
    2edc:	1f 93       	push	r17
    2ede:	cf 93       	push	r28
    2ee0:	df 93       	push	r29
    2ee2:	00 e0       	ldi	r16, 0x00	; 0
    2ee4:	10 e0       	ldi	r17, 0x00	; 0
    u8 Local_u8ColIdx;
    u8 Local_u8ColsState;

    for (Local_u8RowIdx = 0; Local_u8RowIdx < KPD_I2C_NUM_ROWS; Local_u8RowIdx++) {
        u8 local_u8RowMask = ~(1U << Local_u8RowIdx);
        KPD_I2C_voidSendI2CByte(KPD_I2C_PCF_ROWS_ADDR, local_u8RowMask);
    2ee6:	91 e0       	ldi	r25, 0x01	; 1
    2ee8:	e9 2e       	mov	r14, r25
    2eea:	f1 2c       	mov	r15, r1
    2eec:	b7 01       	movw	r22, r14
    2eee:	00 2e       	mov	r0, r16
    2ef0:	02 c0       	rjmp	.+4      	; 0x2ef6 <KPD_I2C_u8ScanKey+0x20>
    2ef2:	66 0f       	add	r22, r22
    2ef4:	77 1f       	adc	r23, r23
    2ef6:	0a 94       	dec	r0
    2ef8:	e2 f7       	brpl	.-8      	; 0x2ef2 <KPD_I2C_u8ScanKey+0x1c>
    2efa:	60 95       	com	r22
    2efc:	81 e2       	ldi	r24, 0x21	; 33
    2efe:	0e 94 50 17 	call	0x2ea0	; 0x2ea0 <KPD_I2C_voidSendI2CByte>
 * ----------------------------------------------------------------- */
static inline void DELAY_voidMs(u16 Copy_u16Ms)
{
    while (Copy_u16Ms--)
    {
        __builtin_avr_delay_cycles( DELAY_CYCLES_PER_MS );
    2f02:	8f ec       	ldi	r24, 0xCF	; 207
    2f04:	97 e0       	ldi	r25, 0x07	; 7
    2f06:	01 97       	sbiw	r24, 0x01	; 1
    2f08:	f1 f7       	brne	.-4      	; 0x2f06 <KPD_I2C_u8ScanKey+0x30>
    2f0a:	00 c0       	rjmp	.+0      	; 0x2f0c <KPD_I2C_u8ScanKey+0x36>
    2f0c:	00 00       	nop
        DELAY_voidMs(1);

        Local_u8ColsState = KPD_I2C_u8ReadI2CByte(KPD_I2C_PCF_COLS_ADDR);
    2f0e:	82 e2       	ldi	r24, 0x22	; 34
    2f10:	0e 94 34 17 	call	0x2e68	; 0x2e68 <KPD_I2C_u8ReadI2CByte>

        if (Local_u8ColsState != 0xFF) {
    2f14:	8f 3f       	cpi	r24, 0xFF	; 255
    2f16:	89 f0       	breq	.+34     	; 0x2f3a <KPD_I2C_u8ScanKey+0x64>
    2f18:	28 2f       	mov	r18, r24
    2f1a:	30 e0       	ldi	r19, 0x00	; 0
    2f1c:	c0 e0       	ldi	r28, 0x00	; 0
    2f1e:	d0 e0       	ldi	r29, 0x00	; 0
            for (Local_u8ColIdx = 0; Local_u8ColIdx < KPD_I2C_NUM_COLS; Local_u8ColIdx++) {
                if (GET_BIT(Local_u8ColsState, Local_u8ColIdx) == 0U) {
    2f20:	c9 01       	movw	r24, r18
    2f22:	0c 2e       	mov	r0, r28
    2f24:	02 c0       	rjmp	.+4      	; 0x2f2a <KPD_I2C_u8ScanKey+0x54>
    2f26:	95 95       	asr	r25
    2f28:	87 95       	ror	r24
    2f2a:	0a 94       	dec	r0
    2f2c:	e2 f7       	brpl	.-8      	; 0x2f26 <KPD_I2C_u8ScanKey+0x50>
    2f2e:	80 ff       	sbrs	r24, 0
    2f30:	15 c0       	rjmp	.+42     	; 0x2f5c <KPD_I2C_u8ScanKey+0x86>
                    KPD_I2C_voidSendI2CByte(KPD_I2C_PCF_ROWS_ADDR, 0xFF);
                    return Local_u8KPDArr[Local_u8RowIdx][Local_u8ColIdx];
    2f32:	21 96       	adiw	r28, 0x01	; 1
        DELAY_voidMs(1);

        Local_u8ColsState = KPD_I2C_u8ReadI2CByte(KPD_I2C_PCF_COLS_ADDR);

        if (Local_u8ColsState != 0xFF) {
            for (Local_u8ColIdx = 0; Local_u8ColIdx < KPD_I2C_NUM_COLS; Local_u8ColIdx++) {
    2f34:	c8 30       	cpi	r28, 0x08	; 8
    2f36:	d1 05       	cpc	r29, r1
    2f38:	99 f7       	brne	.-26     	; 0x2f20 <KPD_I2C_u8ScanKey+0x4a>
    2f3a:	0f 5f       	subi	r16, 0xFF	; 255
    2f3c:	1f 4f       	sbci	r17, 0xFF	; 255
{
    u8 Local_u8RowIdx;
    u8 Local_u8ColIdx;
    u8 Local_u8ColsState;

    for (Local_u8RowIdx = 0; Local_u8RowIdx < KPD_I2C_NUM_ROWS; Local_u8RowIdx++) {
    2f3e:	08 30       	cpi	r16, 0x08	; 8
    2f40:	11 05       	cpc	r17, r1
    2f42:	a1 f6       	brne	.-88     	; 0x2eec <KPD_I2C_u8ScanKey+0x16>
                }
            }
        }
    }

    KPD_I2C_voidSendI2CByte(KPD_I2C_PCF_ROWS_ADDR, 0xFF);
    2f44:	81 e2       	ldi	r24, 0x21	; 33
    2f46:	6f ef       	ldi	r22, 0xFF	; 255
    2f48:	0e 94 50 17 	call	0x2ea0	; 0x2ea0 <KPD_I2C_voidSendI2CByte>
    2f4c:	8f ef       	ldi	r24, 0xFF	; 255
    return KPD_I2C_NOT_PRESSED;
}
    2f4e:	df 91       	pop	r29
    2f50:	cf 91       	pop	r28
    2f52:	1f 91       	pop	r17
    2f54:	0f 91       	pop	r16
    2f56:	ff 90       	pop	r15
    2f58:	ef 90       	pop	r14
    2f5a:	08 95       	ret
        Local_u8ColsState = KPD_I2C_u8ReadI2CByte(KPD_I2C_PCF_COLS_ADDR);

        if (Local_u8ColsState != 0xFF) {
            for (Local_u8ColIdx = 0; Local_u8ColIdx < KPD_I2C_NUM_COLS; Local_u8ColIdx++) {
                if (GET_BIT(Local_u8ColsState, Local_u8ColIdx) == 0U) {
                    KPD_I2C_voidSendI2CByte(KPD_I2C_PCF_ROWS_ADDR, 0xFF);
    2f5c:	81 e2       	ldi	r24, 0x21	; 33
    2f5e:	6f ef       	ldi	r22, 0xFF	; 255
    2f60:	0e 94 50 17 	call	0x2ea0	; 0x2ea0 <KPD_I2C_voidSendI2CByte>
                    return Local_u8KPDArr[Local_u8RowIdx][Local_u8ColIdx];
    2f64:	00 0f       	add	r16, r16
    2f66:	11 1f       	adc	r17, r17
    2f68:	00 0f       	add	r16, r16
    2f6a:	11 1f       	adc	r17, r17
    2f6c:	00 0f       	add	r16, r16
    2f6e:	11 1f       	adc	r17, r17
    2f70:	0c 0f       	add	r16, r28
    2f72:	1d 1f       	adc	r17, r29
    2f74:	0d 5e       	subi	r16, 0xED	; 237
    2f76:	1d 4f       	sbci	r17, 0xFD	; 253
    2f78:	f8 01       	movw	r30, r16
    2f7a:	80 81       	ld	r24, Z
        }
    }

    KPD_I2C_voidSendI2CByte(KPD_I2C_PCF_ROWS_ADDR, 0xFF);
    return KPD_I2C_NOT_PRESSED;
}
    2f7c:	df 91       	pop	r29
    2f7e:	cf 91       	pop	r28
    2f80:	1f 91       	pop	r17
    2f82:	0f 91       	pop	r16
    2f84:	ff 90       	pop	r15
    2f86:	ef 90       	pop	r14
    2f88:	08 95       	ret

00002f8a <KPD_I2C_u8GetPressedKey>:

u8 KPD_I2C_u8GetPressedKey(void)
{
    2f8a:	1f 93       	push	r17
    u8 Local_u8PressedKey = KPD_I2C_NOT_PRESSED;
    u8 Local_u8ColsState;

    Local_u8PressedKey = KPD_I2C_u8ScanKey();
    2f8c:	0e 94 6b 17 	call	0x2ed6	; 0x2ed6 <KPD_I2C_u8ScanKey>
    2f90:	18 2f       	mov	r17, r24

    if (Local_u8PressedKey != KPD_I2C_NOT_PRESSED) {
    2f92:	8f 3f       	cpi	r24, 0xFF	; 255
    2f94:	41 f1       	breq	.+80     	; 0x2fe6 <KPD_I2C_u8GetPressedKey+0x5c>
        do {
            KPD_I2C_voidSendI2CByte(KPD_I2C_PCF_ROWS_ADDR, 0x00);
    2f96:	81 e2       	ldi	r24, 0x21	; 33
    2f98:	60 e0       	ldi	r22, 0x00	; 0
    2f9a:	0e 94 50 17 	call	0x2ea0	; 0x2ea0 <KPD_I2C_voidSendI2CByte>
            Local_u8ColsState = KPD_I2C_u8ReadI2CByte(KPD_I2C_PCF_COLS_ADDR);
    2f9e:	82 e2       	ldi	r24, 0x22	; 34
    2fa0:	0e 94 34 17 	call	0x2e68	; 0x2e68 <KPD_I2C_u8ReadI2CByte>
            
            if(Local_u8ColsState != 0xFF) {
    2fa4:	8f 3f       	cpi	r24, 0xFF	; 255
    2fa6:	71 f0       	breq	.+28     	; 0x2fc4 <KPD_I2C_u8GetPressedKey+0x3a>
    2fa8:	89 e0       	ldi	r24, 0x09	; 9
    2faa:	90 e0       	ldi	r25, 0x00	; 0
    2fac:	ef ec       	ldi	r30, 0xCF	; 207
    2fae:	f7 e0       	ldi	r31, 0x07	; 7
    2fb0:	31 97       	sbiw	r30, 0x01	; 1
    2fb2:	f1 f7       	brne	.-4      	; 0x2fb0 <KPD_I2C_u8GetPressedKey+0x26>
    2fb4:	00 c0       	rjmp	.+0      	; 0x2fb6 <KPD_I2C_u8GetPressedKey+0x2c>
    2fb6:	00 00       	nop
/* -----------------------------------------------------------------
 * Millisecond delay
 * ----------------------------------------------------------------- */
static inline void DELAY_voidMs(u16 Copy_u16Ms)
{
    while (Copy_u16Ms--)
    2fb8:	01 97       	sbiw	r24, 0x01	; 1
    2fba:	ff ef       	ldi	r31, 0xFF	; 255
    2fbc:	8f 3f       	cpi	r24, 0xFF	; 255
    2fbe:	9f 07       	cpc	r25, r31
    2fc0:	a9 f7       	brne	.-22     	; 0x2fac <KPD_I2C_u8GetPressedKey+0x22>
    2fc2:	e9 cf       	rjmp	.-46     	; 0x2f96 <KPD_I2C_u8GetPressedKey+0xc>
                DELAY_voidMs(10);
            }
        } while (Local_u8ColsState != 0xFF);

        KPD_I2C_voidSendI2CByte(KPD_I2C_PCF_ROWS_ADDR, 0xFF);
    2fc4:	81 e2       	ldi	r24, 0x21	; 33
    2fc6:	6f ef       	ldi	r22, 0xFF	; 255
    2fc8:	0e 94 50 17 	call	0x2ea0	; 0x2ea0 <KPD_I2C_voidSendI2CByte>
    2fcc:	83 e1       	ldi	r24, 0x13	; 19
    2fce:	90 e0       	ldi	r25, 0x00	; 0
    {
        __builtin_avr_delay_cycles( DELAY_CYCLES_PER_MS );
    2fd0:	ef ec       	ldi	r30, 0xCF	; 207
    2fd2:	f7 e0       	ldi	r31, 0x07	; 7
    2fd4:	31 97       	sbiw	r30, 0x01	; 1
    2fd6:	f1 f7       	brne	.-4      	; 0x2fd4 <KPD_I2C_u8GetPressedKey+0x4a>
    2fd8:	00 c0       	rjmp	.+0      	; 0x2fda <KPD_I2C_u8GetPressedKey+0x50>
    2fda:	00 00       	nop
/* -----------------------------------------------------------------
 * Millisecond delay
 * ----------------------------------------------------------------- */
static inline void DELAY_voidMs(u16 Copy_u16Ms)
{
    while (Copy_u16Ms--)
    2fdc:	01 97       	sbiw	r24, 0x01	; 1
    2fde:	ff ef       	ldi	r31, 0xFF	; 255
    2fe0:	8f 3f       	cpi	r24, 0xFF	; 255
    2fe2:	9f 07       	cpc	r25, r31
    2fe4:	a9 f7       	brne	.-22     	; 0x2fd0 <KPD_I2C_u8GetPressedKey+0x46>
        DELAY_voidMs(20);
        return Local_u8PressedKey;
    }

    return KPD_I2C_NOT_PRESSED;
}
    2fe6:	81 2f       	mov	r24, r17
    2fe8:	1f 91       	pop	r17
    2fea:	08 95       	ret

00002fec <KPD_u8ScanKey>:
        DIO_enumSetPinDirection(KPD_PORT, Local_u8ColArr[Local_u8ColIdx], DIO_INPUT);
        DIO_enumSetPinValue(KPD_PORT, Local_u8ColArr[Local_u8ColIdx], DIO_HIGH);
    }
}

u8 KPD_u8ScanKey(void) {
    2fec:	df 92       	push	r13
    2fee:	ef 92       	push	r14
    2ff0:	ff 92       	push	r15
    2ff2:	0f 93       	push	r16
    2ff4:	1f 93       	push	r17
    2ff6:	df 93       	push	r29
    2ff8:	cf 93       	push	r28
    2ffa:	0f 92       	push	r0
    2ffc:	cd b7       	in	r28, 0x3d	; 61
    2ffe:	de b7       	in	r29, 0x3e	; 62
    3000:	00 e0       	ldi	r16, 0x00	; 0
    3002:	10 e0       	ldi	r17, 0x00	; 0
    3004:	7e 01       	movw	r14, r28
    3006:	08 94       	sec
    3008:	e1 1c       	adc	r14, r1
    300a:	f1 1c       	adc	r15, r1
    u8 Local_u8ColIdx;
    u8 Local_u8PinState;

    for (Local_u8RowIdx = 0; Local_u8RowIdx < KPD_NUM_ROWS; Local_u8RowIdx++) {
        /* Activate current row (Active LOW) */
        DIO_enumSetPinValue(KPD_PORT, Local_u8RowArr[Local_u8RowIdx], DIO_LOW);
    300c:	f8 01       	movw	r30, r16
    300e:	ed 5a       	subi	r30, 0xAD	; 173
    3010:	fd 4f       	sbci	r31, 0xFD	; 253
    3012:	d0 80       	ld	r13, Z
    3014:	81 e0       	ldi	r24, 0x01	; 1
    3016:	6d 2d       	mov	r22, r13
    3018:	40 e0       	ldi	r20, 0x00	; 0
    301a:	0e 94 5a 0f 	call	0x1eb4	; 0x1eb4 <DIO_enumSetPinValue>
 * ----------------------------------------------------------------- */
static inline void DELAY_voidUs(u16 Copy_u16Us)
{
    while (Copy_u16Us--)
    {
        __builtin_avr_delay_cycles( DELAY_CYCLES_PER_US );
    301e:	82 e0       	ldi	r24, 0x02	; 2
    3020:	8a 95       	dec	r24
    3022:	f1 f7       	brne	.-4      	; 0x3020 <KPD_u8ScanKey+0x34>
    3024:	00 c0       	rjmp	.+0      	; 0x3026 <KPD_u8ScanKey+0x3a>
    3026:	e2 e0       	ldi	r30, 0x02	; 2
    3028:	ea 95       	dec	r30
    302a:	f1 f7       	brne	.-4      	; 0x3028 <KPD_u8ScanKey+0x3c>
    302c:	00 c0       	rjmp	.+0      	; 0x302e <KPD_u8ScanKey+0x42>
    302e:	f2 e0       	ldi	r31, 0x02	; 2
    3030:	fa 95       	dec	r31
    3032:	f1 f7       	brne	.-4      	; 0x3030 <KPD_u8ScanKey+0x44>
    3034:	00 c0       	rjmp	.+0      	; 0x3036 <KPD_u8ScanKey+0x4a>
    3036:	82 e0       	ldi	r24, 0x02	; 2
    3038:	8a 95       	dec	r24
    303a:	f1 f7       	brne	.-4      	; 0x3038 <KPD_u8ScanKey+0x4c>
    303c:	00 c0       	rjmp	.+0      	; 0x303e <KPD_u8ScanKey+0x52>
        /* Tiny delay for signal to propagate through keypad matrix */
        DELAY_voidUs(4);

        /* Read columns */
        for (Local_u8ColIdx = 0; Local_u8ColIdx < KPD_NUM_COLS; Local_u8ColIdx++) {
            DIO_enumGetPinValue(KPD_PORT, Local_u8ColArr[Local_u8ColIdx], &Local_u8PinState);
    303e:	81 e0       	ldi	r24, 0x01	; 1
    3040:	64 e0       	ldi	r22, 0x04	; 4
    3042:	a7 01       	movw	r20, r14
    3044:	0e 94 dc 0f 	call	0x1fb8	; 0x1fb8 <DIO_enumGetPinValue>

            if (Local_u8PinState == DIO_LOW) {
    3048:	89 81       	ldd	r24, Y+1	; 0x01
    304a:	88 23       	and	r24, r24
    304c:	69 f1       	breq	.+90     	; 0x30a8 <KPD_u8ScanKey+0xbc>
        /* Tiny delay for signal to propagate through keypad matrix */
        DELAY_voidUs(4);

        /* Read columns */
        for (Local_u8ColIdx = 0; Local_u8ColIdx < KPD_NUM_COLS; Local_u8ColIdx++) {
            DIO_enumGetPinValue(KPD_PORT, Local_u8ColArr[Local_u8ColIdx], &Local_u8PinState);
    304e:	81 e0       	ldi	r24, 0x01	; 1
    3050:	65 e0       	ldi	r22, 0x05	; 5
    3052:	a7 01       	movw	r20, r14
    3054:	0e 94 dc 0f 	call	0x1fb8	; 0x1fb8 <DIO_enumGetPinValue>

            if (Local_u8PinState == DIO_LOW) {
    3058:	89 81       	ldd	r24, Y+1	; 0x01
    305a:	88 23       	and	r24, r24
    305c:	b9 f1       	breq	.+110    	; 0x30cc <KPD_u8ScanKey+0xe0>
        /* Tiny delay for signal to propagate through keypad matrix */
        DELAY_voidUs(4);

        /* Read columns */
        for (Local_u8ColIdx = 0; Local_u8ColIdx < KPD_NUM_COLS; Local_u8ColIdx++) {
            DIO_enumGetPinValue(KPD_PORT, Local_u8ColArr[Local_u8ColIdx], &Local_u8PinState);
    305e:	81 e0       	ldi	r24, 0x01	; 1
    3060:	66 e0       	ldi	r22, 0x06	; 6
    3062:	a7 01       	movw	r20, r14
    3064:	0e 94 dc 0f 	call	0x1fb8	; 0x1fb8 <DIO_enumGetPinValue>

            if (Local_u8PinState == DIO_LOW) {
    3068:	89 81       	ldd	r24, Y+1	; 0x01
    306a:	88 23       	and	r24, r24
    306c:	99 f1       	breq	.+102    	; 0x30d4 <KPD_u8ScanKey+0xe8>
        /* Tiny delay for signal to propagate through keypad matrix */
        DELAY_voidUs(4);

        /* Read columns */
        for (Local_u8ColIdx = 0; Local_u8ColIdx < KPD_NUM_COLS; Local_u8ColIdx++) {
            DIO_enumGetPinValue(KPD_PORT, Local_u8ColArr[Local_u8ColIdx], &Local_u8PinState);
    306e:	81 e0       	ldi	r24, 0x01	; 1
    3070:	67 e0       	ldi	r22, 0x07	; 7
    3072:	a7 01       	movw	r20, r14
    3074:	0e 94 dc 0f 	call	0x1fb8	; 0x1fb8 <DIO_enumGetPinValue>

            if (Local_u8PinState == DIO_LOW) {
    3078:	89 81       	ldd	r24, Y+1	; 0x01
    307a:	88 23       	and	r24, r24
    307c:	79 f1       	breq	.+94     	; 0x30dc <KPD_u8ScanKey+0xf0>
                DIO_enumSetPinValue(KPD_PORT, Local_u8RowArr[Local_u8RowIdx], DIO_HIGH);
                return Local_u8KPDArr[Local_u8RowIdx][Local_u8ColIdx];
            }
        }

        DIO_enumSetPinValue(KPD_PORT, Local_u8RowArr[Local_u8RowIdx], DIO_HIGH);
    307e:	81 e0       	ldi	r24, 0x01	; 1
    3080:	6d 2d       	mov	r22, r13
    3082:	41 e0       	ldi	r20, 0x01	; 1
    3084:	0e 94 5a 0f 	call	0x1eb4	; 0x1eb4 <DIO_enumSetPinValue>
    3088:	0f 5f       	subi	r16, 0xFF	; 255
    308a:	1f 4f       	sbci	r17, 0xFF	; 255
u8 KPD_u8ScanKey(void) {
    u8 Local_u8RowIdx;
    u8 Local_u8ColIdx;
    u8 Local_u8PinState;

    for (Local_u8RowIdx = 0; Local_u8RowIdx < KPD_NUM_ROWS; Local_u8RowIdx++) {
    308c:	04 30       	cpi	r16, 0x04	; 4
    308e:	11 05       	cpc	r17, r1
    3090:	09 f0       	breq	.+2      	; 0x3094 <KPD_u8ScanKey+0xa8>
    3092:	bc cf       	rjmp	.-136    	; 0x300c <KPD_u8ScanKey+0x20>
    3094:	8f ef       	ldi	r24, 0xFF	; 255

        DIO_enumSetPinValue(KPD_PORT, Local_u8RowArr[Local_u8RowIdx], DIO_HIGH);
    }

    return KPD_NOT_PRESSED;
}
    3096:	0f 90       	pop	r0
    3098:	cf 91       	pop	r28
    309a:	df 91       	pop	r29
    309c:	1f 91       	pop	r17
    309e:	0f 91       	pop	r16
    30a0:	ff 90       	pop	r15
    30a2:	ef 90       	pop	r14
    30a4:	df 90       	pop	r13
    30a6:	08 95       	ret

        /* Read columns */
        for (Local_u8ColIdx = 0; Local_u8ColIdx < KPD_NUM_COLS; Local_u8ColIdx++) {
            DIO_enumGetPinValue(KPD_PORT, Local_u8ColArr[Local_u8ColIdx], &Local_u8PinState);

            if (Local_u8PinState == DIO_LOW) {
    30a8:	ee 24       	eor	r14, r14
    30aa:	ff 24       	eor	r15, r15
                DIO_enumSetPinValue(KPD_PORT, Local_u8RowArr[Local_u8RowIdx], DIO_HIGH);
    30ac:	81 e0       	ldi	r24, 0x01	; 1
    30ae:	6d 2d       	mov	r22, r13
    30b0:	41 e0       	ldi	r20, 0x01	; 1
    30b2:	0e 94 5a 0f 	call	0x1eb4	; 0x1eb4 <DIO_enumSetPinValue>
                return Local_u8KPDArr[Local_u8RowIdx][Local_u8ColIdx];
    30b6:	00 0f       	add	r16, r16
    30b8:	11 1f       	adc	r17, r17
    30ba:	00 0f       	add	r16, r16
    30bc:	11 1f       	adc	r17, r17
    30be:	0e 0d       	add	r16, r14
    30c0:	1f 1d       	adc	r17, r15
    30c2:	05 5a       	subi	r16, 0xA5	; 165
    30c4:	1d 4f       	sbci	r17, 0xFD	; 253
    30c6:	f8 01       	movw	r30, r16
    30c8:	80 81       	ld	r24, Z
    30ca:	e5 cf       	rjmp	.-54     	; 0x3096 <KPD_u8ScanKey+0xaa>

        /* Read columns */
        for (Local_u8ColIdx = 0; Local_u8ColIdx < KPD_NUM_COLS; Local_u8ColIdx++) {
            DIO_enumGetPinValue(KPD_PORT, Local_u8ColArr[Local_u8ColIdx], &Local_u8PinState);

            if (Local_u8PinState == DIO_LOW) {
    30cc:	31 e0       	ldi	r19, 0x01	; 1
    30ce:	e3 2e       	mov	r14, r19
    30d0:	f1 2c       	mov	r15, r1
    30d2:	ec cf       	rjmp	.-40     	; 0x30ac <KPD_u8ScanKey+0xc0>
    30d4:	22 e0       	ldi	r18, 0x02	; 2
    30d6:	e2 2e       	mov	r14, r18
    30d8:	f1 2c       	mov	r15, r1
    30da:	e8 cf       	rjmp	.-48     	; 0x30ac <KPD_u8ScanKey+0xc0>
    30dc:	93 e0       	ldi	r25, 0x03	; 3
    30de:	e9 2e       	mov	r14, r25
    30e0:	f1 2c       	mov	r15, r1
    30e2:	e4 cf       	rjmp	.-56     	; 0x30ac <KPD_u8ScanKey+0xc0>

000030e4 <KPD_u8GetPressedKey>:
    return KPD_NOT_PRESSED;
}

u8 KPD_u8GetPressedKey(void) {
    static u8 s_u8LastKey = KPD_NOT_PRESSED;
    u8 Local_u8CurrentKey = KPD_u8ScanKey();
    30e4:	0e 94 f6 17 	call	0x2fec	; 0x2fec <KPD_u8ScanKey>
    30e8:	98 2f       	mov	r25, r24
    u8 Local_u8ValidKey = KPD_NOT_PRESSED;

    /* True non-blocking edge detection. 
       Debounce is naturally handled because this function is only 
       called every 20ms by the main super loop tick! */
    if (Local_u8CurrentKey != s_u8LastKey) {
    30ea:	80 91 d4 01 	lds	r24, 0x01D4
    30ee:	98 17       	cp	r25, r24
    30f0:	21 f0       	breq	.+8      	; 0x30fa <KPD_u8GetPressedKey+0x16>
        s_u8LastKey = Local_u8CurrentKey;
    30f2:	90 93 d4 01 	sts	0x01D4, r25
    30f6:	89 2f       	mov	r24, r25
        Local_u8ValidKey = Local_u8CurrentKey;
    }

    return Local_u8ValidKey;
}
    30f8:	08 95       	ret
    u8 Local_u8ValidKey = KPD_NOT_PRESSED;

    /* True non-blocking edge detection. 
       Debounce is naturally handled because this function is only 
       called every 20ms by the main super loop tick! */
    if (Local_u8CurrentKey != s_u8LastKey) {
    30fa:	8f ef       	ldi	r24, 0xFF	; 255
    30fc:	08 95       	ret

000030fe <KPD_voidInit>:

static u8 Local_u8KPDArr[KPD_NUM_ROWS][KPD_NUM_COLS] = KPD_KEYS;
static u8 Local_u8RowArr[KPD_NUM_ROWS] = {KPD_R0_PIN, KPD_R1_PIN, KPD_R2_PIN, KPD_R3_PIN};
static u8 Local_u8ColArr[KPD_NUM_COLS] = {KPD_C0_PIN, KPD_C1_PIN, KPD_C2_PIN, KPD_C3_PIN};

void KPD_voidInit(void) {
    30fe:	1f 93       	push	r17
    3100:	cf 93       	push	r28
    3102:	df 93       	push	r29
    3104:	c3 e5       	ldi	r28, 0x53	; 83
    3106:	d2 e0       	ldi	r29, 0x02	; 2
    u8 Local_u8RowIdx;
    u8 Local_u8ColIdx;

    for (Local_u8RowIdx = 0; Local_u8RowIdx < KPD_NUM_ROWS; Local_u8RowIdx++) {
        DIO_enumSetPinDirection(KPD_PORT, Local_u8RowArr[Local_u8RowIdx], DIO_OUTPUT);
    3108:	19 91       	ld	r17, Y+
    310a:	81 e0       	ldi	r24, 0x01	; 1
    310c:	61 2f       	mov	r22, r17
    310e:	41 e0       	ldi	r20, 0x01	; 1
    3110:	0e 94 d8 0e 	call	0x1db0	; 0x1db0 <DIO_enumSetPinDirection>
        DIO_enumSetPinValue(KPD_PORT, Local_u8RowArr[Local_u8RowIdx], DIO_HIGH);
    3114:	81 e0       	ldi	r24, 0x01	; 1
    3116:	61 2f       	mov	r22, r17
    3118:	41 e0       	ldi	r20, 0x01	; 1
    311a:	0e 94 5a 0f 	call	0x1eb4	; 0x1eb4 <DIO_enumSetPinValue>

void KPD_voidInit(void) {
    u8 Local_u8RowIdx;
    u8 Local_u8ColIdx;

    for (Local_u8RowIdx = 0; Local_u8RowIdx < KPD_NUM_ROWS; Local_u8RowIdx++) {
    311e:	82 e0       	ldi	r24, 0x02	; 2
    3120:	c7 35       	cpi	r28, 0x57	; 87
    3122:	d8 07       	cpc	r29, r24
    3124:	89 f7       	brne	.-30     	; 0x3108 <KPD_voidInit+0xa>
    3126:	c7 e5       	ldi	r28, 0x57	; 87
    3128:	d2 e0       	ldi	r29, 0x02	; 2
        DIO_enumSetPinDirection(KPD_PORT, Local_u8RowArr[Local_u8RowIdx], DIO_OUTPUT);
        DIO_enumSetPinValue(KPD_PORT, Local_u8RowArr[Local_u8RowIdx], DIO_HIGH);
    }

    for (Local_u8ColIdx = 0; Local_u8ColIdx < KPD_NUM_COLS; Local_u8ColIdx++) {
        DIO_enumSetPinDirection(KPD_PORT, Local_u8ColArr[Local_u8ColIdx], DIO_INPUT);
    312a:	19 91       	ld	r17, Y+
    312c:	81 e0       	ldi	r24, 0x01	; 1
    312e:	61 2f       	mov	r22, r17
    3130:	40 e0       	ldi	r20, 0x00	; 0
    3132:	0e 94 d8 0e 	call	0x1db0	; 0x1db0 <DIO_enumSetPinDirection>
        DIO_enumSetPinValue(KPD_PORT, Local_u8ColArr[Local_u8ColIdx], DIO_HIGH);
    3136:	81 e0       	ldi	r24, 0x01	; 1
    3138:	61 2f       	mov	r22, r17
    313a:	41 e0       	ldi	r20, 0x01	; 1
    313c:	0e 94 5a 0f 	call	0x1eb4	; 0x1eb4 <DIO_enumSetPinValue>
    for (Local_u8RowIdx = 0; Local_u8RowIdx < KPD_NUM_ROWS; Local_u8RowIdx++) {
        DIO_enumSetPinDirection(KPD_PORT, Local_u8RowArr[Local_u8RowIdx], DIO_OUTPUT);
        DIO_enumSetPinValue(KPD_PORT, Local_u8RowArr[Local_u8RowIdx], DIO_HIGH);
    }

    for (Local_u8ColIdx = 0; Local_u8ColIdx < KPD_NUM_COLS; Local_u8ColIdx++) {
    3140:	82 e0       	ldi	r24, 0x02	; 2
    3142:	cb 35       	cpi	r28, 0x5B	; 91
    3144:	d8 07       	cpc	r29, r24
    3146:	89 f7       	brne	.-30     	; 0x312a <KPD_voidInit+0x2c>
        DIO_enumSetPinDirection(KPD_PORT, Local_u8ColArr[Local_u8ColIdx], DIO_INPUT);
        DIO_enumSetPinValue(KPD_PORT, Local_u8ColArr[Local_u8ColIdx], DIO_HIGH);
    }
}
    3148:	df 91       	pop	r29
    314a:	cf 91       	pop	r28
    314c:	1f 91       	pop	r17
    314e:	08 95       	ret

00003150 <HEEPROM_u8ReadByte>:
	DELAY_voidMs(5);

	return HEEPROM_OK;
}

u8 HEEPROM_u8ReadByte(u16 Copy_u16Address, u8 *Copy_pu8Data) {
    3150:	0f 93       	push	r16
    3152:	1f 93       	push	r17
    3154:	cf 93       	push	r28
    3156:	df 93       	push	r29
    3158:	8c 01       	movw	r16, r24
    315a:	eb 01       	movw	r28, r22
	u8 Local_u8Error;

	if (Copy_pu8Data == NULL) {
    315c:	61 15       	cp	r22, r1
    315e:	71 05       	cpc	r23, r1
    3160:	21 f0       	breq	.+8      	; 0x316a <HEEPROM_u8ReadByte+0x1a>
		return HEEPROM_ERROR;
	}

	Local_u8Error = MI2C_u8Start();
    3162:	0e 94 fd 0c 	call	0x19fa	; 0x19fa <MI2C_u8Start>

	if (Local_u8Error != MI2C_OK) {
    3166:	88 23       	and	r24, r24
    3168:	39 f0       	breq	.+14     	; 0x3178 <HEEPROM_u8ReadByte+0x28>
		return HEEPROM_ERROR;
	}

	Local_u8Error = MI2C_u8ReadDataWithNACK(Copy_pu8Data);

	MI2C_voidStop();
    316a:	11 e0       	ldi	r17, 0x01	; 1
	if (Local_u8Error != MI2C_OK) {
		return HEEPROM_ERROR;
	}

	return HEEPROM_OK;
}
    316c:	81 2f       	mov	r24, r17
    316e:	df 91       	pop	r29
    3170:	cf 91       	pop	r28
    3172:	1f 91       	pop	r17
    3174:	0f 91       	pop	r16
    3176:	08 95       	ret

	if (Local_u8Error != MI2C_OK) {
		return HEEPROM_ERROR;
	}

	Local_u8Error = MI2C_u8SendAddress((HEEPROM_ADDRESS << 1) |
    3178:	80 ea       	ldi	r24, 0xA0	; 160
    317a:	0e 94 0e 0d 	call	0x1a1c	; 0x1a1c <MI2C_u8SendAddress>
	HEEPROM_WRITE_ADDRESS);

	if (Local_u8Error != MI2C_OK) {
    317e:	88 23       	and	r24, r24
    3180:	e1 f4       	brne	.+56     	; 0x31ba <HEEPROM_u8ReadByte+0x6a>
		MI2C_voidStop();
		return HEEPROM_ERROR;
	}

	Local_u8Error = MI2C_u8WriteData((u8) (Copy_u16Address >> 8));
    3182:	81 2f       	mov	r24, r17
    3184:	0e 94 20 0d 	call	0x1a40	; 0x1a40 <MI2C_u8WriteData>

	if (Local_u8Error != MI2C_OK) {
    3188:	88 23       	and	r24, r24
    318a:	b9 f4       	brne	.+46     	; 0x31ba <HEEPROM_u8ReadByte+0x6a>
		MI2C_voidStop();
		return HEEPROM_ERROR;
	}

	Local_u8Error = MI2C_u8WriteData((u8) Copy_u16Address);
    318c:	80 2f       	mov	r24, r16
    318e:	0e 94 20 0d 	call	0x1a40	; 0x1a40 <MI2C_u8WriteData>

	if (Local_u8Error != MI2C_OK) {
    3192:	88 23       	and	r24, r24
    3194:	91 f4       	brne	.+36     	; 0x31ba <HEEPROM_u8ReadByte+0x6a>
		MI2C_voidStop();
		return HEEPROM_ERROR;
	}

	Local_u8Error = MI2C_u8Start();
    3196:	0e 94 fd 0c 	call	0x19fa	; 0x19fa <MI2C_u8Start>

	if (Local_u8Error != MI2C_OK) {
    319a:	88 23       	and	r24, r24
    319c:	71 f4       	brne	.+28     	; 0x31ba <HEEPROM_u8ReadByte+0x6a>
		MI2C_voidStop();
		return HEEPROM_ERROR;
	}

	Local_u8Error = MI2C_u8SendAddress((HEEPROM_ADDRESS << 1) |
    319e:	81 ea       	ldi	r24, 0xA1	; 161
    31a0:	0e 94 0e 0d 	call	0x1a1c	; 0x1a1c <MI2C_u8SendAddress>
	HEEPROM_READ_ADDRESS);

	if (Local_u8Error != MI2C_OK) {
    31a4:	88 23       	and	r24, r24
    31a6:	49 f4       	brne	.+18     	; 0x31ba <HEEPROM_u8ReadByte+0x6a>
		MI2C_voidStop();
		return HEEPROM_ERROR;
	}

	Local_u8Error = MI2C_u8ReadDataWithNACK(Copy_pu8Data);
    31a8:	ce 01       	movw	r24, r28
    31aa:	0e 94 42 0d 	call	0x1a84	; 0x1a84 <MI2C_u8ReadDataWithNACK>
    31ae:	18 2f       	mov	r17, r24

	MI2C_voidStop();
    31b0:	0e 94 56 0d 	call	0x1aac	; 0x1aac <MI2C_voidStop>
    31b4:	11 23       	and	r17, r17
    31b6:	d1 f2       	breq	.-76     	; 0x316c <HEEPROM_u8ReadByte+0x1c>
    31b8:	d8 cf       	rjmp	.-80     	; 0x316a <HEEPROM_u8ReadByte+0x1a>

	Local_u8Error = MI2C_u8SendAddress((HEEPROM_ADDRESS << 1) |
	HEEPROM_READ_ADDRESS);

	if (Local_u8Error != MI2C_OK) {
		MI2C_voidStop();
    31ba:	0e 94 56 0d 	call	0x1aac	; 0x1aac <MI2C_voidStop>
    31be:	11 e0       	ldi	r17, 0x01	; 1
	if (Local_u8Error != MI2C_OK) {
		return HEEPROM_ERROR;
	}

	return HEEPROM_OK;
}
    31c0:	81 2f       	mov	r24, r17
    31c2:	df 91       	pop	r29
    31c4:	cf 91       	pop	r28
    31c6:	1f 91       	pop	r17
    31c8:	0f 91       	pop	r16
    31ca:	08 95       	ret

000031cc <HEEPROM_u8WriteByte>:

void HEEPROM_voidInit(void) {
	MI2C_voidInit();
}

u8 HEEPROM_u8WriteByte(u16 Copy_u16Address, u8 Copy_u8Data) {
    31cc:	ff 92       	push	r15
    31ce:	0f 93       	push	r16
    31d0:	1f 93       	push	r17
    31d2:	8c 01       	movw	r16, r24
    31d4:	f6 2e       	mov	r15, r22
	u8 Local_u8Error;

	Local_u8Error = MI2C_u8Start();
    31d6:	0e 94 fd 0c 	call	0x19fa	; 0x19fa <MI2C_u8Start>

	if (Local_u8Error != MI2C_OK) {
    31da:	88 23       	and	r24, r24
    31dc:	29 f0       	breq	.+10     	; 0x31e8 <HEEPROM_u8WriteByte+0x1c>
 * ----------------------------------------------------------------- */
static inline void DELAY_voidMs(u16 Copy_u16Ms)
{
    while (Copy_u16Ms--)
    {
        __builtin_avr_delay_cycles( DELAY_CYCLES_PER_MS );
    31de:	81 e0       	ldi	r24, 0x01	; 1
	}

	DELAY_voidMs(5);

	return HEEPROM_OK;
}
    31e0:	1f 91       	pop	r17
    31e2:	0f 91       	pop	r16
    31e4:	ff 90       	pop	r15
    31e6:	08 95       	ret

	if (Local_u8Error != MI2C_OK) {
		return HEEPROM_ERROR;
	}

	Local_u8Error = MI2C_u8SendAddress((HEEPROM_ADDRESS << 1) |
    31e8:	80 ea       	ldi	r24, 0xA0	; 160
    31ea:	0e 94 0e 0d 	call	0x1a1c	; 0x1a1c <MI2C_u8SendAddress>
	HEEPROM_WRITE_ADDRESS);

	if (Local_u8Error != MI2C_OK) {
    31ee:	88 23       	and	r24, r24
    31f0:	91 f5       	brne	.+100    	; 0x3256 <HEEPROM_u8WriteByte+0x8a>
		MI2C_voidStop();
		return HEEPROM_ERROR;
	}

	Local_u8Error = MI2C_u8WriteData((u8) (Copy_u16Address >> 8));
    31f2:	81 2f       	mov	r24, r17
    31f4:	0e 94 20 0d 	call	0x1a40	; 0x1a40 <MI2C_u8WriteData>

	if (Local_u8Error != MI2C_OK) {
    31f8:	88 23       	and	r24, r24
    31fa:	69 f5       	brne	.+90     	; 0x3256 <HEEPROM_u8WriteByte+0x8a>
		MI2C_voidStop();
		return HEEPROM_ERROR;
	}

	Local_u8Error = MI2C_u8WriteData((u8) Copy_u16Address);
    31fc:	80 2f       	mov	r24, r16
    31fe:	0e 94 20 0d 	call	0x1a40	; 0x1a40 <MI2C_u8WriteData>

	if (Local_u8Error != MI2C_OK) {
    3202:	88 23       	and	r24, r24
    3204:	41 f5       	brne	.+80     	; 0x3256 <HEEPROM_u8WriteByte+0x8a>
		MI2C_voidStop();
		return HEEPROM_ERROR;
	}

	Local_u8Error = MI2C_u8WriteData(Copy_u8Data);
    3206:	8f 2d       	mov	r24, r15
    3208:	0e 94 20 0d 	call	0x1a40	; 0x1a40 <MI2C_u8WriteData>
    320c:	18 2f       	mov	r17, r24

	MI2C_voidStop();
    320e:	0e 94 56 0d 	call	0x1aac	; 0x1aac <MI2C_voidStop>

	if (Local_u8Error != MI2C_OK) {
    3212:	11 23       	and	r17, r17
    3214:	21 f7       	brne	.-56     	; 0x31de <HEEPROM_u8WriteByte+0x12>
    3216:	8f ec       	ldi	r24, 0xCF	; 207
    3218:	97 e0       	ldi	r25, 0x07	; 7
    321a:	01 97       	sbiw	r24, 0x01	; 1
    321c:	f1 f7       	brne	.-4      	; 0x321a <HEEPROM_u8WriteByte+0x4e>
    321e:	00 c0       	rjmp	.+0      	; 0x3220 <HEEPROM_u8WriteByte+0x54>
    3220:	00 00       	nop
    3222:	8f ec       	ldi	r24, 0xCF	; 207
    3224:	97 e0       	ldi	r25, 0x07	; 7
    3226:	01 97       	sbiw	r24, 0x01	; 1
    3228:	f1 f7       	brne	.-4      	; 0x3226 <HEEPROM_u8WriteByte+0x5a>
    322a:	00 c0       	rjmp	.+0      	; 0x322c <HEEPROM_u8WriteByte+0x60>
    322c:	00 00       	nop
    322e:	8f ec       	ldi	r24, 0xCF	; 207
    3230:	97 e0       	ldi	r25, 0x07	; 7
    3232:	01 97       	sbiw	r24, 0x01	; 1
    3234:	f1 f7       	brne	.-4      	; 0x3232 <HEEPROM_u8WriteByte+0x66>
    3236:	00 c0       	rjmp	.+0      	; 0x3238 <HEEPROM_u8WriteByte+0x6c>
    3238:	00 00       	nop
    323a:	8f ec       	ldi	r24, 0xCF	; 207
    323c:	97 e0       	ldi	r25, 0x07	; 7
    323e:	01 97       	sbiw	r24, 0x01	; 1
    3240:	f1 f7       	brne	.-4      	; 0x323e <HEEPROM_u8WriteByte+0x72>
    3242:	00 c0       	rjmp	.+0      	; 0x3244 <HEEPROM_u8WriteByte+0x78>
    3244:	00 00       	nop
    3246:	8f ec       	ldi	r24, 0xCF	; 207
    3248:	97 e0       	ldi	r25, 0x07	; 7
    324a:	01 97       	sbiw	r24, 0x01	; 1
    324c:	f1 f7       	brne	.-4      	; 0x324a <HEEPROM_u8WriteByte+0x7e>
    324e:	00 c0       	rjmp	.+0      	; 0x3250 <HEEPROM_u8WriteByte+0x84>
    3250:	00 00       	nop
    3252:	80 e0       	ldi	r24, 0x00	; 0
    3254:	c5 cf       	rjmp	.-118    	; 0x31e0 <HEEPROM_u8WriteByte+0x14>
	}

	Local_u8Error = MI2C_u8WriteData((u8) Copy_u16Address);

	if (Local_u8Error != MI2C_OK) {
		MI2C_voidStop();
    3256:	0e 94 56 0d 	call	0x1aac	; 0x1aac <MI2C_voidStop>
    325a:	81 e0       	ldi	r24, 0x01	; 1
	}

	DELAY_voidMs(5);

	return HEEPROM_OK;
}
    325c:	1f 91       	pop	r17
    325e:	0f 91       	pop	r16
    3260:	ff 90       	pop	r15
    3262:	08 95       	ret

00003264 <HEEPROM_voidInit>:
#include "../../MCAL/I2C/MI2C_interface.h"

#include "HEEPROM_interface.h"

void HEEPROM_voidInit(void) {
	MI2C_voidInit();
    3264:	0e 94 f6 0c 	call	0x19ec	; 0x19ec <MI2C_voidInit>
}
    3268:	08 95       	ret

0000326a <HDCMOTOR_enumGetDirection>:
    Copy_pstMotor->State = HDCMOTOR_STATE_RUNNING;
  }
}

STD_err_e HDCMOTOR_enumGetDirection(const HDCMOTOR_t *Copy_pstMotor,
                                    u8 *Copy_pu8Direction) {
    326a:	fc 01       	movw	r30, r24
    326c:	db 01       	movw	r26, r22
  if (Copy_pstMotor == NULL || Copy_pu8Direction == NULL) {
    326e:	00 97       	sbiw	r24, 0x00	; 0
    3270:	39 f0       	breq	.+14     	; 0x3280 <HDCMOTOR_enumGetDirection+0x16>
    3272:	61 15       	cp	r22, r1
    3274:	71 05       	cpc	r23, r1
    3276:	21 f0       	breq	.+8      	; 0x3280 <HDCMOTOR_enumGetDirection+0x16>
    return PARAM_ERR;
  }

  *Copy_pu8Direction = Copy_pstMotor->ActiveDirection;
    3278:	83 81       	ldd	r24, Z+3	; 0x03
    327a:	8c 93       	st	X, r24
    327c:	80 e0       	ldi	r24, 0x00	; 0
    327e:	08 95       	ret
  return OK;
    3280:	84 e0       	ldi	r24, 0x04	; 4
}
    3282:	08 95       	ret

00003284 <HDCMOTOR_enumGetState>:

HDCMOTOR_State_e HDCMOTOR_enumGetState(const HDCMOTOR_t *Copy_pstMotor) {
    3284:	fc 01       	movw	r30, r24
  if (Copy_pstMotor == NULL) {
    3286:	00 97       	sbiw	r24, 0x00	; 0
    3288:	11 f0       	breq	.+4      	; 0x328e <HDCMOTOR_enumGetState+0xa>
    return HDCMOTOR_STATE_STOPPED;
  }

  return Copy_pstMotor->State;
    328a:	85 81       	ldd	r24, Z+5	; 0x05
}
    328c:	08 95       	ret
  *Copy_pu8Direction = Copy_pstMotor->ActiveDirection;
  return OK;
}

HDCMOTOR_State_e HDCMOTOR_enumGetState(const HDCMOTOR_t *Copy_pstMotor) {
  if (Copy_pstMotor == NULL) {
    328e:	80 e0       	ldi	r24, 0x00	; 0
    3290:	08 95       	ret

00003292 <HDCMOTOR_voidSetRelayPins>:

#include "HDCMOTOR_interface.h"

static void HDCMOTOR_voidSetRelayPins(u8 Copy_u8Port, u8 Copy_u8CwPin,
                                      u8 Copy_u8CcwPin, u8 Copy_u8CwState,
                                      u8 Copy_u8CcwState) {
    3292:	ef 92       	push	r14
    3294:	ff 92       	push	r15
    3296:	0f 93       	push	r16
    3298:	1f 93       	push	r17
    329a:	18 2f       	mov	r17, r24
    329c:	f6 2e       	mov	r15, r22
    329e:	e4 2e       	mov	r14, r20
  if (Copy_u8CwState == HDCMOTOR_RELAY_ACTIVE_LEVEL) {
    32a0:	21 30       	cpi	r18, 0x01	; 1
    32a2:	e1 f0       	breq	.+56     	; 0x32dc <HDCMOTOR_voidSetRelayPins+0x4a>
    DIO_enumSetPinValue(Copy_u8Port, Copy_u8CcwPin,
                        HDCMOTOR_RELAY_INACTIVE_LEVEL);
    DIO_enumSetPinValue(Copy_u8Port, Copy_u8CwPin, HDCMOTOR_RELAY_ACTIVE_LEVEL);
  } else if (Copy_u8CcwState == HDCMOTOR_RELAY_ACTIVE_LEVEL) {
    32a4:	01 30       	cpi	r16, 0x01	; 1
    32a6:	69 f0       	breq	.+26     	; 0x32c2 <HDCMOTOR_voidSetRelayPins+0x30>
    DIO_enumSetPinValue(Copy_u8Port, Copy_u8CwPin,
                        HDCMOTOR_RELAY_INACTIVE_LEVEL);
    DIO_enumSetPinValue(Copy_u8Port, Copy_u8CcwPin,
                        HDCMOTOR_RELAY_ACTIVE_LEVEL);
  } else {
    DIO_enumSetPinValue(Copy_u8Port, Copy_u8CwPin,
    32a8:	40 e0       	ldi	r20, 0x00	; 0
    32aa:	0e 94 5a 0f 	call	0x1eb4	; 0x1eb4 <DIO_enumSetPinValue>
                        HDCMOTOR_RELAY_INACTIVE_LEVEL);
    DIO_enumSetPinValue(Copy_u8Port, Copy_u8CcwPin,
    32ae:	81 2f       	mov	r24, r17
    32b0:	6e 2d       	mov	r22, r14
    32b2:	40 e0       	ldi	r20, 0x00	; 0
    32b4:	0e 94 5a 0f 	call	0x1eb4	; 0x1eb4 <DIO_enumSetPinValue>
                        HDCMOTOR_RELAY_INACTIVE_LEVEL);
  }
}
    32b8:	1f 91       	pop	r17
    32ba:	0f 91       	pop	r16
    32bc:	ff 90       	pop	r15
    32be:	ef 90       	pop	r14
    32c0:	08 95       	ret
  if (Copy_u8CwState == HDCMOTOR_RELAY_ACTIVE_LEVEL) {
    DIO_enumSetPinValue(Copy_u8Port, Copy_u8CcwPin,
                        HDCMOTOR_RELAY_INACTIVE_LEVEL);
    DIO_enumSetPinValue(Copy_u8Port, Copy_u8CwPin, HDCMOTOR_RELAY_ACTIVE_LEVEL);
  } else if (Copy_u8CcwState == HDCMOTOR_RELAY_ACTIVE_LEVEL) {
    DIO_enumSetPinValue(Copy_u8Port, Copy_u8CwPin,
    32c2:	40 e0       	ldi	r20, 0x00	; 0
    32c4:	0e 94 5a 0f 	call	0x1eb4	; 0x1eb4 <DIO_enumSetPinValue>
                        HDCMOTOR_RELAY_INACTIVE_LEVEL);
    DIO_enumSetPinValue(Copy_u8Port, Copy_u8CcwPin,
    32c8:	81 2f       	mov	r24, r17
    32ca:	6e 2d       	mov	r22, r14
    32cc:	41 e0       	ldi	r20, 0x01	; 1
    32ce:	0e 94 5a 0f 	call	0x1eb4	; 0x1eb4 <DIO_enumSetPinValue>
    DIO_enumSetPinValue(Copy_u8Port, Copy_u8CwPin,
                        HDCMOTOR_RELAY_INACTIVE_LEVEL);
    DIO_enumSetPinValue(Copy_u8Port, Copy_u8CcwPin,
                        HDCMOTOR_RELAY_INACTIVE_LEVEL);
  }
}
    32d2:	1f 91       	pop	r17
    32d4:	0f 91       	pop	r16
    32d6:	ff 90       	pop	r15
    32d8:	ef 90       	pop	r14
    32da:	08 95       	ret

static void HDCMOTOR_voidSetRelayPins(u8 Copy_u8Port, u8 Copy_u8CwPin,
                                      u8 Copy_u8CcwPin, u8 Copy_u8CwState,
                                      u8 Copy_u8CcwState) {
  if (Copy_u8CwState == HDCMOTOR_RELAY_ACTIVE_LEVEL) {
    DIO_enumSetPinValue(Copy_u8Port, Copy_u8CcwPin,
    32dc:	64 2f       	mov	r22, r20
    32de:	40 e0       	ldi	r20, 0x00	; 0
    32e0:	0e 94 5a 0f 	call	0x1eb4	; 0x1eb4 <DIO_enumSetPinValue>
                        HDCMOTOR_RELAY_INACTIVE_LEVEL);
    DIO_enumSetPinValue(Copy_u8Port, Copy_u8CwPin, HDCMOTOR_RELAY_ACTIVE_LEVEL);
    32e4:	81 2f       	mov	r24, r17
    32e6:	6f 2d       	mov	r22, r15
    32e8:	41 e0       	ldi	r20, 0x01	; 1
    32ea:	0e 94 5a 0f 	call	0x1eb4	; 0x1eb4 <DIO_enumSetPinValue>
    DIO_enumSetPinValue(Copy_u8Port, Copy_u8CwPin,
                        HDCMOTOR_RELAY_INACTIVE_LEVEL);
    DIO_enumSetPinValue(Copy_u8Port, Copy_u8CcwPin,
                        HDCMOTOR_RELAY_INACTIVE_LEVEL);
  }
}
    32ee:	1f 91       	pop	r17
    32f0:	0f 91       	pop	r16
    32f2:	ff 90       	pop	r15
    32f4:	ef 90       	pop	r14
    32f6:	08 95       	ret

000032f8 <HDCMOTOR_voidUpdate>:
  Copy_pstMotor->SwitchDeadlineMs = 0U;

  return OK;
}

void HDCMOTOR_voidUpdate(HDCMOTOR_t *Copy_pstMotor) {
    32f8:	0f 93       	push	r16
    32fa:	cf 93       	push	r28
    32fc:	df 93       	push	r29
    32fe:	ec 01       	movw	r28, r24
  if (Copy_pstMotor == NULL) {
    3300:	00 97       	sbiw	r24, 0x00	; 0
    3302:	19 f0       	breq	.+6      	; 0x330a <HDCMOTOR_voidUpdate+0x12>
    return;
  }

  if (Copy_pstMotor->State != HDCMOTOR_STATE_SWITCHING) {
    3304:	8d 81       	ldd	r24, Y+5	; 0x05
    3306:	81 30       	cpi	r24, 0x01	; 1
    3308:	21 f0       	breq	.+8      	; 0x3312 <HDCMOTOR_voidUpdate+0x1a>
    HDCMOTOR_voidEnergizeDirection(Copy_pstMotor,
                                   Copy_pstMotor->RequestedDirection);
    Copy_pstMotor->ActiveDirection = Copy_pstMotor->RequestedDirection;
    Copy_pstMotor->State = HDCMOTOR_STATE_RUNNING;
  }
}
    330a:	df 91       	pop	r29
    330c:	cf 91       	pop	r28
    330e:	0f 91       	pop	r16
    3310:	08 95       	ret

  if (Copy_pstMotor->State != HDCMOTOR_STATE_SWITCHING) {
    return;
  }

  if (MTIMER_u32GetMillis() >= Copy_pstMotor->SwitchDeadlineMs) {
    3312:	0e 94 47 0b 	call	0x168e	; 0x168e <MTIMER_u32GetMillis>
    3316:	2e 81       	ldd	r18, Y+6	; 0x06
    3318:	3f 81       	ldd	r19, Y+7	; 0x07
    331a:	48 85       	ldd	r20, Y+8	; 0x08
    331c:	59 85       	ldd	r21, Y+9	; 0x09
    331e:	62 17       	cp	r22, r18
    3320:	73 07       	cpc	r23, r19
    3322:	84 07       	cpc	r24, r20
    3324:	95 07       	cpc	r25, r21
    3326:	88 f3       	brcs	.-30     	; 0x330a <HDCMOTOR_voidUpdate+0x12>
    HDCMOTOR_voidEnergizeDirection(Copy_pstMotor,
    3328:	8c 81       	ldd	r24, Y+4	; 0x04
                            HDCMOTOR_RELAY_INACTIVE_LEVEL);
}

static void HDCMOTOR_voidEnergizeDirection(HDCMOTOR_t *Copy_pstMotor,
                                           u8 Copy_u8Direction) {
  if (Copy_u8Direction == HDCMOTOR_CW) {
    332a:	81 30       	cpi	r24, 0x01	; 1
    332c:	31 f0       	breq	.+12     	; 0x333a <HDCMOTOR_voidUpdate+0x42>
    HDCMOTOR_voidSetRelayPins(Copy_pstMotor->Port, Copy_pstMotor->RelayCwPin,
                              Copy_pstMotor->RelayCcwPin,
                              HDCMOTOR_RELAY_ACTIVE_LEVEL,
                              HDCMOTOR_RELAY_INACTIVE_LEVEL);
  } else if (Copy_u8Direction == HDCMOTOR_CCW) {
    332e:	82 30       	cpi	r24, 0x02	; 2
    3330:	69 f0       	breq	.+26     	; 0x334c <HDCMOTOR_voidUpdate+0x54>
  }

  if (MTIMER_u32GetMillis() >= Copy_pstMotor->SwitchDeadlineMs) {
    HDCMOTOR_voidEnergizeDirection(Copy_pstMotor,
                                   Copy_pstMotor->RequestedDirection);
    Copy_pstMotor->ActiveDirection = Copy_pstMotor->RequestedDirection;
    3332:	8b 83       	std	Y+3, r24	; 0x03
    Copy_pstMotor->State = HDCMOTOR_STATE_RUNNING;
    3334:	82 e0       	ldi	r24, 0x02	; 2
    3336:	8d 83       	std	Y+5, r24	; 0x05
    3338:	e8 cf       	rjmp	.-48     	; 0x330a <HDCMOTOR_voidUpdate+0x12>
}

static void HDCMOTOR_voidEnergizeDirection(HDCMOTOR_t *Copy_pstMotor,
                                           u8 Copy_u8Direction) {
  if (Copy_u8Direction == HDCMOTOR_CW) {
    HDCMOTOR_voidSetRelayPins(Copy_pstMotor->Port, Copy_pstMotor->RelayCwPin,
    333a:	88 81       	ld	r24, Y
    333c:	69 81       	ldd	r22, Y+1	; 0x01
    333e:	4a 81       	ldd	r20, Y+2	; 0x02
    3340:	21 e0       	ldi	r18, 0x01	; 1
    3342:	00 e0       	ldi	r16, 0x00	; 0
    3344:	0e 94 49 19 	call	0x3292	; 0x3292 <HDCMOTOR_voidSetRelayPins>
    3348:	8c 81       	ldd	r24, Y+4	; 0x04
    334a:	f3 cf       	rjmp	.-26     	; 0x3332 <HDCMOTOR_voidUpdate+0x3a>
                              Copy_pstMotor->RelayCcwPin,
                              HDCMOTOR_RELAY_ACTIVE_LEVEL,
                              HDCMOTOR_RELAY_INACTIVE_LEVEL);
  } else if (Copy_u8Direction == HDCMOTOR_CCW) {
    HDCMOTOR_voidSetRelayPins(Copy_pstMotor->Port, Copy_pstMotor->RelayCwPin,
    334c:	88 81       	ld	r24, Y
    334e:	69 81       	ldd	r22, Y+1	; 0x01
    3350:	4a 81       	ldd	r20, Y+2	; 0x02
    3352:	20 e0       	ldi	r18, 0x00	; 0
    3354:	01 e0       	ldi	r16, 0x01	; 1
    3356:	0e 94 49 19 	call	0x3292	; 0x3292 <HDCMOTOR_voidSetRelayPins>
    335a:	8c 81       	ldd	r24, Y+4	; 0x04
    335c:	ea cf       	rjmp	.-44     	; 0x3332 <HDCMOTOR_voidUpdate+0x3a>

0000335e <HDCMOTOR_voidDeenergizeRelays>:
    DIO_enumSetPinValue(Copy_u8Port, Copy_u8CcwPin,
                        HDCMOTOR_RELAY_INACTIVE_LEVEL);
  }
}

static void HDCMOTOR_voidDeenergizeRelays(HDCMOTOR_t *Copy_pstMotor) {
    335e:	0f 93       	push	r16
    3360:	fc 01       	movw	r30, r24
  HDCMOTOR_voidSetRelayPins(Copy_pstMotor->Port, Copy_pstMotor->RelayCwPin,
    3362:	80 81       	ld	r24, Z
    3364:	61 81       	ldd	r22, Z+1	; 0x01
    3366:	42 81       	ldd	r20, Z+2	; 0x02
    3368:	20 e0       	ldi	r18, 0x00	; 0
    336a:	00 e0       	ldi	r16, 0x00	; 0
    336c:	0e 94 49 19 	call	0x3292	; 0x3292 <HDCMOTOR_voidSetRelayPins>
                            Copy_pstMotor->RelayCcwPin,
                            HDCMOTOR_RELAY_INACTIVE_LEVEL,
                            HDCMOTOR_RELAY_INACTIVE_LEVEL);
}
    3370:	0f 91       	pop	r16
    3372:	08 95       	ret

00003374 <HDCMOTOR_enumRequestStop>:

  Copy_pstMotor->State = HDCMOTOR_STATE_SWITCHING;
  return OK;
}

STD_err_e HDCMOTOR_enumRequestStop(HDCMOTOR_t *Copy_pstMotor) {
    3374:	cf 93       	push	r28
    3376:	df 93       	push	r29
    3378:	ec 01       	movw	r28, r24
  if (Copy_pstMotor == NULL) {
    337a:	00 97       	sbiw	r24, 0x00	; 0
    337c:	69 f0       	breq	.+26     	; 0x3398 <HDCMOTOR_enumRequestStop+0x24>
    return PARAM_ERR;
  }

  HDCMOTOR_voidDeenergizeRelays(Copy_pstMotor);
    337e:	0e 94 af 19 	call	0x335e	; 0x335e <HDCMOTOR_voidDeenergizeRelays>
  Copy_pstMotor->ActiveDirection = HDCMOTOR_STOP;
    3382:	1b 82       	std	Y+3, r1	; 0x03
  Copy_pstMotor->RequestedDirection = HDCMOTOR_STOP;
    3384:	1c 82       	std	Y+4, r1	; 0x04
  Copy_pstMotor->State = HDCMOTOR_STATE_STOPPED;
    3386:	1d 82       	std	Y+5, r1	; 0x05
  Copy_pstMotor->SwitchDeadlineMs = 0U;
    3388:	1e 82       	std	Y+6, r1	; 0x06
    338a:	1f 82       	std	Y+7, r1	; 0x07
    338c:	18 86       	std	Y+8, r1	; 0x08
    338e:	19 86       	std	Y+9, r1	; 0x09
    3390:	80 e0       	ldi	r24, 0x00	; 0

  return OK;
}
    3392:	df 91       	pop	r29
    3394:	cf 91       	pop	r28
    3396:	08 95       	ret
  Copy_pstMotor->State = HDCMOTOR_STATE_SWITCHING;
  return OK;
}

STD_err_e HDCMOTOR_enumRequestStop(HDCMOTOR_t *Copy_pstMotor) {
  if (Copy_pstMotor == NULL) {
    3398:	84 e0       	ldi	r24, 0x04	; 4
  Copy_pstMotor->RequestedDirection = HDCMOTOR_STOP;
  Copy_pstMotor->State = HDCMOTOR_STATE_STOPPED;
  Copy_pstMotor->SwitchDeadlineMs = 0U;

  return OK;
}
    339a:	df 91       	pop	r29
    339c:	cf 91       	pop	r28
    339e:	08 95       	ret

000033a0 <HDCMOTOR_voidStop>:
    }
  }
}

void HDCMOTOR_voidStop(HDCMOTOR_t *Copy_pstMotor) {
  (void)HDCMOTOR_enumRequestStop(Copy_pstMotor);
    33a0:	0e 94 ba 19 	call	0x3374	; 0x3374 <HDCMOTOR_enumRequestStop>
}
    33a4:	08 95       	ret

000033a6 <HDCMOTOR_enumRequestRun>:

  return OK;
}

STD_err_e HDCMOTOR_enumRequestRun(HDCMOTOR_t *Copy_pstMotor,
                                  u8 Copy_u8Direction) {
    33a6:	df 92       	push	r13
    33a8:	ef 92       	push	r14
    33aa:	ff 92       	push	r15
    33ac:	0f 93       	push	r16
    33ae:	1f 93       	push	r17
    33b0:	cf 93       	push	r28
    33b2:	df 93       	push	r29
    33b4:	ec 01       	movw	r28, r24
    33b6:	d6 2e       	mov	r13, r22
  u32 local_u32Now;

  if (Copy_pstMotor == NULL) {
    33b8:	00 97       	sbiw	r24, 0x00	; 0
    33ba:	21 f0       	breq	.+8      	; 0x33c4 <HDCMOTOR_enumRequestRun+0x1e>
    return PARAM_ERR;
  }

  if (Copy_u8Direction != HDCMOTOR_CW &&
    33bc:	86 2f       	mov	r24, r22
    33be:	81 50       	subi	r24, 0x01	; 1
    33c0:	82 30       	cpi	r24, 0x02	; 2
    33c2:	48 f0       	brcs	.+18     	; 0x33d6 <HDCMOTOR_enumRequestRun+0x30>
  } else {
    Copy_pstMotor->SwitchDeadlineMs = local_u32Now;
  }

  Copy_pstMotor->State = HDCMOTOR_STATE_SWITCHING;
  return OK;
    33c4:	84 e0       	ldi	r24, 0x04	; 4
}
    33c6:	df 91       	pop	r29
    33c8:	cf 91       	pop	r28
    33ca:	1f 91       	pop	r17
    33cc:	0f 91       	pop	r16
    33ce:	ff 90       	pop	r15
    33d0:	ef 90       	pop	r14
    33d2:	df 90       	pop	r13
    33d4:	08 95       	ret
  if (Copy_u8Direction != HDCMOTOR_CW &&
      Copy_u8Direction != HDCMOTOR_CCW) {
    return PARAM_ERR;
  }

  if (Copy_pstMotor->State == HDCMOTOR_STATE_SWITCHING) {
    33d6:	8d 81       	ldd	r24, Y+5	; 0x05
    33d8:	81 30       	cpi	r24, 0x01	; 1
    33da:	61 f1       	breq	.+88     	; 0x3434 <HDCMOTOR_enumRequestRun+0x8e>
    return BUSY_STATE;
  }

  if (Copy_pstMotor->State == HDCMOTOR_STATE_RUNNING &&
    33dc:	82 30       	cpi	r24, 0x02	; 2
    33de:	19 f4       	brne	.+6      	; 0x33e6 <HDCMOTOR_enumRequestRun+0x40>
    33e0:	8b 81       	ldd	r24, Y+3	; 0x03
    33e2:	86 17       	cp	r24, r22
    33e4:	89 f0       	breq	.+34     	; 0x3408 <HDCMOTOR_enumRequestRun+0x62>
      Copy_pstMotor->ActiveDirection == Copy_u8Direction) {
    return OK;
  }

  local_u32Now = MTIMER_u32GetMillis();
    33e6:	0e 94 47 0b 	call	0x168e	; 0x168e <MTIMER_u32GetMillis>
    33ea:	7b 01       	movw	r14, r22
    33ec:	8c 01       	movw	r16, r24
  Copy_pstMotor->RequestedDirection = Copy_u8Direction;
    33ee:	dc 82       	std	Y+4, r13	; 0x04
  HDCMOTOR_voidDeenergizeRelays(Copy_pstMotor);
    33f0:	ce 01       	movw	r24, r28
    33f2:	0e 94 af 19 	call	0x335e	; 0x335e <HDCMOTOR_voidDeenergizeRelays>

  if (Copy_pstMotor->ActiveDirection != HDCMOTOR_STOP) {
    33f6:	8b 81       	ldd	r24, Y+3	; 0x03
    33f8:	88 23       	and	r24, r24
    33fa:	79 f4       	brne	.+30     	; 0x341a <HDCMOTOR_enumRequestRun+0x74>
    Copy_pstMotor->SwitchDeadlineMs =
        local_u32Now + HDCMOTOR_RELAY_SWITCH_DELAY_MS;
  } else {
    Copy_pstMotor->SwitchDeadlineMs = local_u32Now;
    33fc:	ee 82       	std	Y+6, r14	; 0x06
    33fe:	ff 82       	std	Y+7, r15	; 0x07
    3400:	08 87       	std	Y+8, r16	; 0x08
    3402:	19 87       	std	Y+9, r17	; 0x09
  }

  Copy_pstMotor->State = HDCMOTOR_STATE_SWITCHING;
    3404:	81 e0       	ldi	r24, 0x01	; 1
    3406:	8d 83       	std	Y+5, r24	; 0x05
    3408:	80 e0       	ldi	r24, 0x00	; 0
  return OK;
}
    340a:	df 91       	pop	r29
    340c:	cf 91       	pop	r28
    340e:	1f 91       	pop	r17
    3410:	0f 91       	pop	r16
    3412:	ff 90       	pop	r15
    3414:	ef 90       	pop	r14
    3416:	df 90       	pop	r13
    3418:	08 95       	ret
  local_u32Now = MTIMER_u32GetMillis();
  Copy_pstMotor->RequestedDirection = Copy_u8Direction;
  HDCMOTOR_voidDeenergizeRelays(Copy_pstMotor);

  if (Copy_pstMotor->ActiveDirection != HDCMOTOR_STOP) {
    Copy_pstMotor->SwitchDeadlineMs =
    341a:	82 e3       	ldi	r24, 0x32	; 50
    341c:	90 e0       	ldi	r25, 0x00	; 0
    341e:	a0 e0       	ldi	r26, 0x00	; 0
    3420:	b0 e0       	ldi	r27, 0x00	; 0
    3422:	e8 0e       	add	r14, r24
    3424:	f9 1e       	adc	r15, r25
    3426:	0a 1f       	adc	r16, r26
    3428:	1b 1f       	adc	r17, r27
    342a:	ee 82       	std	Y+6, r14	; 0x06
    342c:	ff 82       	std	Y+7, r15	; 0x07
    342e:	08 87       	std	Y+8, r16	; 0x08
    3430:	19 87       	std	Y+9, r17	; 0x09
    3432:	e8 cf       	rjmp	.-48     	; 0x3404 <HDCMOTOR_enumRequestRun+0x5e>
  if (Copy_u8Direction != HDCMOTOR_CW &&
      Copy_u8Direction != HDCMOTOR_CCW) {
    return PARAM_ERR;
  }

  if (Copy_pstMotor->State == HDCMOTOR_STATE_SWITCHING) {
    3434:	83 e0       	ldi	r24, 0x03	; 3
    Copy_pstMotor->SwitchDeadlineMs = local_u32Now;
  }

  Copy_pstMotor->State = HDCMOTOR_STATE_SWITCHING;
  return OK;
}
    3436:	df 91       	pop	r29
    3438:	cf 91       	pop	r28
    343a:	1f 91       	pop	r17
    343c:	0f 91       	pop	r16
    343e:	ff 90       	pop	r15
    3440:	ef 90       	pop	r14
    3442:	df 90       	pop	r13
    3444:	08 95       	ret

00003446 <HDCMOTOR_voidRun>:

void HDCMOTOR_voidInit(HDCMOTOR_t *Copy_pstMotor) {
  (void)HDCMOTOR_enumInit(Copy_pstMotor);
}

void HDCMOTOR_voidRun(HDCMOTOR_t *Copy_pstMotor, u8 Copy_u8Direction) {
    3446:	cf 93       	push	r28
    3448:	df 93       	push	r29
    344a:	ec 01       	movw	r28, r24
  if (HDCMOTOR_enumRequestRun(Copy_pstMotor, Copy_u8Direction) == OK) {
    344c:	0e 94 d3 19 	call	0x33a6	; 0x33a6 <HDCMOTOR_enumRequestRun>
    3450:	88 23       	and	r24, r24
    3452:	11 f4       	brne	.+4      	; 0x3458 <HDCMOTOR_voidRun+0x12>
    while (Copy_pstMotor != NULL &&
    3454:	20 97       	sbiw	r28, 0x00	; 0
    3456:	19 f4       	brne	.+6      	; 0x345e <HDCMOTOR_voidRun+0x18>
           Copy_pstMotor->State == HDCMOTOR_STATE_SWITCHING) {
      HDCMOTOR_voidUpdate(Copy_pstMotor);
    }
  }
}
    3458:	df 91       	pop	r29
    345a:	cf 91       	pop	r28
    345c:	08 95       	ret
  (void)HDCMOTOR_enumInit(Copy_pstMotor);
}

void HDCMOTOR_voidRun(HDCMOTOR_t *Copy_pstMotor, u8 Copy_u8Direction) {
  if (HDCMOTOR_enumRequestRun(Copy_pstMotor, Copy_u8Direction) == OK) {
    while (Copy_pstMotor != NULL &&
    345e:	8d 81       	ldd	r24, Y+5	; 0x05
    3460:	81 30       	cpi	r24, 0x01	; 1
    3462:	d1 f7       	brne	.-12     	; 0x3458 <HDCMOTOR_voidRun+0x12>
           Copy_pstMotor->State == HDCMOTOR_STATE_SWITCHING) {
      HDCMOTOR_voidUpdate(Copy_pstMotor);
    3464:	ce 01       	movw	r24, r28
    3466:	0e 94 7c 19 	call	0x32f8	; 0x32f8 <HDCMOTOR_voidUpdate>
  (void)HDCMOTOR_enumInit(Copy_pstMotor);
}

void HDCMOTOR_voidRun(HDCMOTOR_t *Copy_pstMotor, u8 Copy_u8Direction) {
  if (HDCMOTOR_enumRequestRun(Copy_pstMotor, Copy_u8Direction) == OK) {
    while (Copy_pstMotor != NULL &&
    346a:	8d 81       	ldd	r24, Y+5	; 0x05
    346c:	81 30       	cpi	r24, 0x01	; 1
    346e:	d1 f3       	breq	.-12     	; 0x3464 <HDCMOTOR_voidRun+0x1e>
           Copy_pstMotor->State == HDCMOTOR_STATE_SWITCHING) {
      HDCMOTOR_voidUpdate(Copy_pstMotor);
    }
  }
}
    3470:	df 91       	pop	r29
    3472:	cf 91       	pop	r28
    3474:	08 95       	ret

00003476 <HDCMOTOR_enumInit>:
                              HDCMOTOR_RELAY_INACTIVE_LEVEL,
                              HDCMOTOR_RELAY_ACTIVE_LEVEL);
  }
}

STD_err_e HDCMOTOR_enumInit(HDCMOTOR_t *Copy_pstMotor) {
    3476:	cf 93       	push	r28
    3478:	df 93       	push	r29
    347a:	ec 01       	movw	r28, r24
  if (Copy_pstMotor == NULL) {
    347c:	00 97       	sbiw	r24, 0x00	; 0
    347e:	c1 f0       	breq	.+48     	; 0x34b0 <HDCMOTOR_enumInit+0x3a>
    return PARAM_ERR;
  }

  Copy_pstMotor->ActiveDirection = HDCMOTOR_STOP;
    3480:	1b 82       	std	Y+3, r1	; 0x03
  Copy_pstMotor->RequestedDirection = HDCMOTOR_STOP;
    3482:	1c 82       	std	Y+4, r1	; 0x04
  Copy_pstMotor->State = HDCMOTOR_STATE_STOPPED;
    3484:	1d 82       	std	Y+5, r1	; 0x05
  Copy_pstMotor->SwitchDeadlineMs = 0U;
    3486:	1e 82       	std	Y+6, r1	; 0x06
    3488:	1f 82       	std	Y+7, r1	; 0x07
    348a:	18 86       	std	Y+8, r1	; 0x08
    348c:	19 86       	std	Y+9, r1	; 0x09

  DIO_enumSetPinDirection(Copy_pstMotor->Port, Copy_pstMotor->RelayCwPin,
    348e:	88 81       	ld	r24, Y
    3490:	69 81       	ldd	r22, Y+1	; 0x01
    3492:	41 e0       	ldi	r20, 0x01	; 1
    3494:	0e 94 d8 0e 	call	0x1db0	; 0x1db0 <DIO_enumSetPinDirection>
                          DIO_OUTPUT);
  DIO_enumSetPinDirection(Copy_pstMotor->Port, Copy_pstMotor->RelayCcwPin,
    3498:	88 81       	ld	r24, Y
    349a:	6a 81       	ldd	r22, Y+2	; 0x02
    349c:	41 e0       	ldi	r20, 0x01	; 1
    349e:	0e 94 d8 0e 	call	0x1db0	; 0x1db0 <DIO_enumSetPinDirection>
                          DIO_OUTPUT);
  HDCMOTOR_voidDeenergizeRelays(Copy_pstMotor);
    34a2:	ce 01       	movw	r24, r28
    34a4:	0e 94 af 19 	call	0x335e	; 0x335e <HDCMOTOR_voidDeenergizeRelays>
    34a8:	80 e0       	ldi	r24, 0x00	; 0

  return OK;
}
    34aa:	df 91       	pop	r29
    34ac:	cf 91       	pop	r28
    34ae:	08 95       	ret
                              HDCMOTOR_RELAY_ACTIVE_LEVEL);
  }
}

STD_err_e HDCMOTOR_enumInit(HDCMOTOR_t *Copy_pstMotor) {
  if (Copy_pstMotor == NULL) {
    34b0:	84 e0       	ldi	r24, 0x04	; 4
  DIO_enumSetPinDirection(Copy_pstMotor->Port, Copy_pstMotor->RelayCcwPin,
                          DIO_OUTPUT);
  HDCMOTOR_voidDeenergizeRelays(Copy_pstMotor);

  return OK;
}
    34b2:	df 91       	pop	r29
    34b4:	cf 91       	pop	r28
    34b6:	08 95       	ret

000034b8 <HDCMOTOR_voidInit>:

  return Copy_pstMotor->State;
}

void HDCMOTOR_voidInit(HDCMOTOR_t *Copy_pstMotor) {
  (void)HDCMOTOR_enumInit(Copy_pstMotor);
    34b8:	0e 94 3b 1a 	call	0x3476	; 0x3476 <HDCMOTOR_enumInit>
}
    34bc:	08 95       	ret

000034be <HBUZZER_voidCompareCallback>:

static const u16 s_au16ToneHz[HBUZZER_NUM_TONES] = {HBUZZER_TONE_SECTION0_HZ,
                                                    HBUZZER_TONE_SECTION1_HZ,
                                                    HBUZZER_TONE_SECTION2_HZ};

static void HBUZZER_voidCompareCallback(void) { TOG_BIT(PORTB, HBUZZER_PIN); }
    34be:	88 b3       	in	r24, 0x18	; 24
    34c0:	92 e0       	ldi	r25, 0x02	; 2
    34c2:	89 27       	eor	r24, r25
    34c4:	88 bb       	out	0x18, r24	; 24
    34c6:	08 95       	ret

000034c8 <HBUZZER_voidStop>:
  MTIMER_voidSetCompareIntState(HBUZZER_TIMER_ID, TRUE);
#endif
}

void HBUZZER_voidStop(void) {
  MTIMER_voidSetCompareIntState(HBUZZER_TIMER_ID, FALSE);
    34c8:	81 e0       	ldi	r24, 0x01	; 1
    34ca:	60 e0       	ldi	r22, 0x00	; 0
    34cc:	0e 94 d2 0b 	call	0x17a4	; 0x17a4 <MTIMER_voidSetCompareIntState>
  DIO_enumSetPinValue(HBUZZER_PORT, HBUZZER_PIN, DIO_LOW);
    34d0:	81 e0       	ldi	r24, 0x01	; 1
    34d2:	61 e0       	ldi	r22, 0x01	; 1
    34d4:	40 e0       	ldi	r20, 0x00	; 0
    34d6:	0e 94 5a 0f 	call	0x1eb4	; 0x1eb4 <DIO_enumSetPinValue>
}
    34da:	08 95       	ret

000034dc <HBUZZER_voidSetSection>:

  if (local_u8Section >= HBUZZER_NUM_TONES) {
    local_u8Section = HBUZZER_NUM_TONES - 1U;
  }

  MTIMER_voidSetCompareIntState(HBUZZER_TIMER_ID, FALSE);
    34dc:	81 e0       	ldi	r24, 0x01	; 1
    34de:	60 e0       	ldi	r22, 0x00	; 0
    34e0:	0e 94 d2 0b 	call	0x17a4	; 0x17a4 <MTIMER_voidSetCompareIntState>
  DIO_enumSetPinValue(HBUZZER_PORT, HBUZZER_PIN, DIO_HIGH);
    34e4:	81 e0       	ldi	r24, 0x01	; 1
    34e6:	61 e0       	ldi	r22, 0x01	; 1
    34e8:	41 e0       	ldi	r20, 0x01	; 1
    34ea:	0e 94 5a 0f 	call	0x1eb4	; 0x1eb4 <DIO_enumSetPinValue>
      HBUZZER_PRIVATE_FREQ_TO_OCR(s_au16ToneHz[local_u8Section]));

  MTIMER_voidResetTimer1();
  MTIMER_voidSetCompareIntState(HBUZZER_TIMER_ID, TRUE);
#endif
}
    34ee:	08 95       	ret

000034f0 <HBUZZER_voidInit>:
                                                    HBUZZER_TONE_SECTION2_HZ};

static void HBUZZER_voidCompareCallback(void) { TOG_BIT(PORTB, HBUZZER_PIN); }

void HBUZZER_voidInit(void) {
  DIO_enumSetPinDirection(HBUZZER_PORT, HBUZZER_PIN, DIO_OUTPUT);
    34f0:	81 e0       	ldi	r24, 0x01	; 1
    34f2:	61 e0       	ldi	r22, 0x01	; 1
    34f4:	41 e0       	ldi	r20, 0x01	; 1
    34f6:	0e 94 d8 0e 	call	0x1db0	; 0x1db0 <DIO_enumSetPinDirection>
  DIO_enumSetPinValue(HBUZZER_PORT, HBUZZER_PIN, DIO_LOW);
    34fa:	81 e0       	ldi	r24, 0x01	; 1
    34fc:	61 e0       	ldi	r22, 0x01	; 1
    34fe:	40 e0       	ldi	r20, 0x00	; 0
    3500:	0e 94 5a 0f 	call	0x1eb4	; 0x1eb4 <DIO_enumSetPinValue>
  MTIMER_u8SetCompareCallback(HBUZZER_TIMER_ID, HBUZZER_voidCompareCallback);
    3504:	81 e0       	ldi	r24, 0x01	; 1
    3506:	6f e5       	ldi	r22, 0x5F	; 95
    3508:	7a e1       	ldi	r23, 0x1A	; 26
    350a:	0e 94 62 0b 	call	0x16c4	; 0x16c4 <MTIMER_u8SetCompareCallback>
}
    350e:	08 95       	ret

00003510 <APP_voidSaveSettings>:
static u32 s_u32Multiplier = 1UL;

/* ====================================================================
 *  EEPROM Helpers (Internal)
 * ==================================================================== */
static void APP_voidSaveSettings(void) {
    3510:	ef 92       	push	r14
    3512:	ff 92       	push	r15
    3514:	0f 93       	push	r16
    3516:	1f 93       	push	r17
  u32 local_u32Freq = DDS_u32GetFrequency();
    3518:	0e 94 f6 09 	call	0x13ec	; 0x13ec <DDS_u32GetFrequency>
    351c:	7b 01       	movw	r14, r22
    351e:	8c 01       	movw	r16, r24
  u8 local_u8Wave = DDS_u8GetWaveform();
    3520:	0e 94 77 09 	call	0x12ee	; 0x12ee <DDS_u8GetWaveform>
    3524:	68 2f       	mov	r22, r24

  MEEPROM_u8WriteByte(EEPROM_ADDR_WAVEFORM, local_u8Wave);
    3526:	80 e1       	ldi	r24, 0x10	; 16
    3528:	90 e0       	ldi	r25, 0x00	; 0
    352a:	0e 94 0a 0e 	call	0x1c14	; 0x1c14 <MEEPROM_u8WriteByte>
  MEEPROM_u8WriteByte(EEPROM_ADDR_FREQ_B0, (u8)((local_u32Freq >> 0) & 0xFF));
    352e:	81 e1       	ldi	r24, 0x11	; 17
    3530:	90 e0       	ldi	r25, 0x00	; 0
    3532:	6e 2d       	mov	r22, r14
    3534:	0e 94 0a 0e 	call	0x1c14	; 0x1c14 <MEEPROM_u8WriteByte>
  MEEPROM_u8WriteByte(EEPROM_ADDR_FREQ_B1, (u8)((local_u32Freq >> 8) & 0xFF));
    3538:	55 27       	eor	r21, r21
    353a:	41 2f       	mov	r20, r17
    353c:	30 2f       	mov	r19, r16
    353e:	2f 2d       	mov	r18, r15
    3540:	82 e1       	ldi	r24, 0x12	; 18
    3542:	90 e0       	ldi	r25, 0x00	; 0
    3544:	62 2f       	mov	r22, r18
    3546:	0e 94 0a 0e 	call	0x1c14	; 0x1c14 <MEEPROM_u8WriteByte>
  MEEPROM_u8WriteByte(EEPROM_ADDR_FREQ_B2, (u8)((local_u32Freq >> 16) & 0xFF));
    354a:	98 01       	movw	r18, r16
    354c:	44 27       	eor	r20, r20
    354e:	55 27       	eor	r21, r21
    3550:	83 e1       	ldi	r24, 0x13	; 19
    3552:	90 e0       	ldi	r25, 0x00	; 0
    3554:	62 2f       	mov	r22, r18
    3556:	0e 94 0a 0e 	call	0x1c14	; 0x1c14 <MEEPROM_u8WriteByte>
  MEEPROM_u8WriteByte(EEPROM_ADDR_FREQ_B3, (u8)((local_u32Freq >> 24) & 0xFF));
    355a:	e1 2e       	mov	r14, r17
    355c:	ff 24       	eor	r15, r15
    355e:	00 27       	eor	r16, r16
    3560:	11 27       	eor	r17, r17
    3562:	84 e1       	ldi	r24, 0x14	; 20
    3564:	90 e0       	ldi	r25, 0x00	; 0
    3566:	6e 2d       	mov	r22, r14
    3568:	0e 94 0a 0e 	call	0x1c14	; 0x1c14 <MEEPROM_u8WriteByte>
  MEEPROM_u8WriteByte(EEPROM_ADDR_MULT, (u8)s_u32Multiplier);
    356c:	85 e1       	ldi	r24, 0x15	; 21
    356e:	90 e0       	ldi	r25, 0x00	; 0
    3570:	60 91 d6 01 	lds	r22, 0x01D6
    3574:	0e 94 0a 0e 	call	0x1c14	; 0x1c14 <MEEPROM_u8WriteByte>

  /* Write valid flag */
  MEEPROM_u8WriteByte(EEPROM_VALID_FLAG_ADDR, EEPROM_VALID_FLAG_VAL);
    3578:	86 e1       	ldi	r24, 0x16	; 22
    357a:	90 e0       	ldi	r25, 0x00	; 0
    357c:	6a ea       	ldi	r22, 0xAA	; 170
    357e:	0e 94 0a 0e 	call	0x1c14	; 0x1c14 <MEEPROM_u8WriteByte>
}
    3582:	1f 91       	pop	r17
    3584:	0f 91       	pop	r16
    3586:	ff 90       	pop	r15
    3588:	ef 90       	pop	r14
    358a:	08 95       	ret

0000358c <APP_voidUpdateDisplay>:
/* ====================================================================
 *  Private: Update LCD display
 * ==================================================================== */
static void APP_voidUpdateDisplay(void) {
  /* Row 0: Waveform name & Multiplier */
  HLCD_voidGoToXY(0, 0);
    358c:	80 e0       	ldi	r24, 0x00	; 0
    358e:	60 e0       	ldi	r22, 0x00	; 0
    3590:	0e 94 88 16 	call	0x2d10	; 0x2d10 <HLCD_voidGoToXY>
  HLCD_voidSendString("W:");
    3594:	86 e7       	ldi	r24, 0x76	; 118
    3596:	90 e0       	ldi	r25, 0x00	; 0
    3598:	0e 94 9b 15 	call	0x2b36	; 0x2b36 <HLCD_voidSendString>
  HLCD_voidSendString(DDS_pcGetWaveformName());
    359c:	0e 94 83 09 	call	0x1306	; 0x1306 <DDS_pcGetWaveformName>
    35a0:	0e 94 9b 15 	call	0x2b36	; 0x2b36 <HLCD_voidSendString>

  /* Pad slightly, then show multiplier */
  if (s_u32Multiplier == 1UL)
    35a4:	80 91 d6 01 	lds	r24, 0x01D6
    35a8:	90 91 d7 01 	lds	r25, 0x01D7
    35ac:	a0 91 d8 01 	lds	r26, 0x01D8
    35b0:	b0 91 d9 01 	lds	r27, 0x01D9
    35b4:	81 30       	cpi	r24, 0x01	; 1
    35b6:	91 05       	cpc	r25, r1
    35b8:	a1 05       	cpc	r26, r1
    35ba:	b1 05       	cpc	r27, r1
    35bc:	a9 f1       	breq	.+106    	; 0x3628 <APP_voidUpdateDisplay+0x9c>
    HLCD_voidSendString(" x1   ");
  else if (s_u32Multiplier == 10UL)
    35be:	0a 97       	sbiw	r24, 0x0a	; 10
    35c0:	a1 05       	cpc	r26, r1
    35c2:	b1 05       	cpc	r27, r1
    35c4:	61 f1       	breq	.+88     	; 0x361e <APP_voidUpdateDisplay+0x92>
    HLCD_voidSendString(" x10  ");
  else
    HLCD_voidSendString(" x100 ");
    35c6:	87 e8       	ldi	r24, 0x87	; 135
    35c8:	90 e0       	ldi	r25, 0x00	; 0
    35ca:	0e 94 9b 15 	call	0x2b36	; 0x2b36 <HLCD_voidSendString>

  /* Row 1: Frequency */
  HLCD_voidGoToXY(1, 0);
    35ce:	81 e0       	ldi	r24, 0x01	; 1
    35d0:	60 e0       	ldi	r22, 0x00	; 0
    35d2:	0e 94 88 16 	call	0x2d10	; 0x2d10 <HLCD_voidGoToXY>

  if (s_u8IsTyping) {
    35d6:	80 91 db 02 	lds	r24, 0x02DB
    35da:	88 23       	and	r24, r24
    35dc:	69 f4       	brne	.+26     	; 0x35f8 <APP_voidUpdateDisplay+0x6c>
    HLCD_voidSendString("Set: ");
    HLCD_voidSendNumber(s_u32TypedFreq);
    HLCD_voidSendString(" Hz_      ");
  } else {
    HLCD_voidSendString("FREQ: ");
    35de:	8f e9       	ldi	r24, 0x9F	; 159
    35e0:	90 e0       	ldi	r25, 0x00	; 0
    35e2:	0e 94 9b 15 	call	0x2b36	; 0x2b36 <HLCD_voidSendString>
    HLCD_voidSendFrequency(DDS_u32GetFrequency());
    35e6:	0e 94 f6 09 	call	0x13ec	; 0x13ec <DDS_u32GetFrequency>
    35ea:	0e 94 b0 15 	call	0x2b60	; 0x2b60 <HLCD_voidSendFrequency>
    HLCD_voidSendString("     ");
    35ee:	86 ea       	ldi	r24, 0xA6	; 166
    35f0:	90 e0       	ldi	r25, 0x00	; 0
    35f2:	0e 94 9b 15 	call	0x2b36	; 0x2b36 <HLCD_voidSendString>
    35f6:	08 95       	ret

  /* Row 1: Frequency */
  HLCD_voidGoToXY(1, 0);

  if (s_u8IsTyping) {
    HLCD_voidSendString("Set: ");
    35f8:	8e e8       	ldi	r24, 0x8E	; 142
    35fa:	90 e0       	ldi	r25, 0x00	; 0
    35fc:	0e 94 9b 15 	call	0x2b36	; 0x2b36 <HLCD_voidSendString>
    HLCD_voidSendNumber(s_u32TypedFreq);
    3600:	60 91 dc 02 	lds	r22, 0x02DC
    3604:	70 91 dd 02 	lds	r23, 0x02DD
    3608:	80 91 de 02 	lds	r24, 0x02DE
    360c:	90 91 df 02 	lds	r25, 0x02DF
    3610:	0e 94 3b 15 	call	0x2a76	; 0x2a76 <HLCD_voidSendNumber>
    HLCD_voidSendString(" Hz_      ");
    3614:	84 e9       	ldi	r24, 0x94	; 148
    3616:	90 e0       	ldi	r25, 0x00	; 0
    3618:	0e 94 9b 15 	call	0x2b36	; 0x2b36 <HLCD_voidSendString>
    361c:	08 95       	ret

  /* Pad slightly, then show multiplier */
  if (s_u32Multiplier == 1UL)
    HLCD_voidSendString(" x1   ");
  else if (s_u32Multiplier == 10UL)
    HLCD_voidSendString(" x10  ");
    361e:	80 e8       	ldi	r24, 0x80	; 128
    3620:	90 e0       	ldi	r25, 0x00	; 0
    3622:	0e 94 9b 15 	call	0x2b36	; 0x2b36 <HLCD_voidSendString>
    3626:	d3 cf       	rjmp	.-90     	; 0x35ce <APP_voidUpdateDisplay+0x42>
  HLCD_voidSendString("W:");
  HLCD_voidSendString(DDS_pcGetWaveformName());

  /* Pad slightly, then show multiplier */
  if (s_u32Multiplier == 1UL)
    HLCD_voidSendString(" x1   ");
    3628:	89 e7       	ldi	r24, 0x79	; 121
    362a:	90 e0       	ldi	r25, 0x00	; 0
    362c:	0e 94 9b 15 	call	0x2b36	; 0x2b36 <HLCD_voidSendString>
    3630:	ce cf       	rjmp	.-100    	; 0x35ce <APP_voidUpdateDisplay+0x42>

00003632 <main>:
}

/* ====================================================================
 *  Main Entry Point
 * ==================================================================== */
int main(void) {
    3632:	4f 92       	push	r4
    3634:	5f 92       	push	r5
    3636:	6f 92       	push	r6
    3638:	7f 92       	push	r7
    363a:	8f 92       	push	r8
    363c:	9f 92       	push	r9
    363e:	af 92       	push	r10
    3640:	bf 92       	push	r11
    3642:	cf 92       	push	r12
    3644:	df 92       	push	r13
    3646:	ef 92       	push	r14
    3648:	ff 92       	push	r15
    364a:	0f 93       	push	r16
    364c:	1f 93       	push	r17
    364e:	df 93       	push	r29
    3650:	cf 93       	push	r28
    3652:	cd b7       	in	r28, 0x3d	; 61
    3654:	de b7       	in	r29, 0x3e	; 62
    3656:	2c 97       	sbiw	r28, 0x0c	; 12
    3658:	0f b6       	in	r0, 0x3f	; 63
    365a:	f8 94       	cli
    365c:	de bf       	out	0x3e, r29	; 62
    365e:	0f be       	out	0x3f, r0	; 63
    3660:	cd bf       	out	0x3d, r28	; 61
  u8 local_u8Key;
  u32 local_u32LastLoopMs = 0U;
    3662:	19 86       	std	Y+9, r1	; 0x09
    3664:	1a 86       	std	Y+10, r1	; 0x0a
    3666:	1b 86       	std	Y+11, r1	; 0x0b
    3668:	1c 86       	std	Y+12, r1	; 0x0c

  /* ---- Initialize DIO (configures all port directions/values) ---- */
  DIO_voidInit();
    366a:	0e 94 cc 0e 	call	0x1d98	; 0x1d98 <DIO_voidInit>

  /* ---- Initialize Timer2 for system tick (1 ms) ---- */
  MTIMER_voidInit();
    366e:	0e 94 37 0b 	call	0x166e	; 0x166e <MTIMER_voidInit>

  /* ---- Initialize Peripherals ---- */
  HLCD_voidInit();
    3672:	0e 94 9b 16 	call	0x2d36	; 0x2d36 <HLCD_voidInit>
  KPD_voidInit();
    3676:	0e 94 7f 18 	call	0x30fe	; 0x30fe <KPD_voidInit>
  MEEPROM_voidInit();
    367a:	0e 94 04 0e 	call	0x1c08	; 0x1c08 <MEEPROM_voidInit>
  ADC_voidInit();
    367e:	0e 94 fa 10 	call	0x21f4	; 0x21f4 <ADC_voidInit>

/* ====================================================================
 *  Private: Splash screen on boot
 * ==================================================================== */
static void APP_voidSplashScreen(void) {
  HLCD_voidGoToXY(0, 0);
    3682:	80 e0       	ldi	r24, 0x00	; 0
    3684:	60 e0       	ldi	r22, 0x00	; 0
    3686:	0e 94 88 16 	call	0x2d10	; 0x2d10 <HLCD_voidGoToXY>
  HLCD_voidSendString("  Function Gen  ");
    368a:	8c ea       	ldi	r24, 0xAC	; 172
    368c:	90 e0       	ldi	r25, 0x00	; 0
    368e:	0e 94 9b 15 	call	0x2b36	; 0x2b36 <HLCD_voidSendString>
  HLCD_voidGoToXY(1, 0);
    3692:	81 e0       	ldi	r24, 0x01	; 1
    3694:	60 e0       	ldi	r22, 0x00	; 0
    3696:	0e 94 88 16 	call	0x2d10	; 0x2d10 <HLCD_voidGoToXY>
  HLCD_voidSendString("  ADC Edition!  ");
    369a:	8d eb       	ldi	r24, 0xBD	; 189
    369c:	90 e0       	ldi	r25, 0x00	; 0
    369e:	0e 94 9b 15 	call	0x2b36	; 0x2b36 <HLCD_voidSendString>
    36a2:	8b ed       	ldi	r24, 0xDB	; 219
    36a4:	95 e0       	ldi	r25, 0x05	; 5
 * ----------------------------------------------------------------- */
static inline void DELAY_voidMs(u16 Copy_u16Ms)
{
    while (Copy_u16Ms--)
    {
        __builtin_avr_delay_cycles( DELAY_CYCLES_PER_MS );
    36a6:	af ec       	ldi	r26, 0xCF	; 207
    36a8:	b7 e0       	ldi	r27, 0x07	; 7
    36aa:	11 97       	sbiw	r26, 0x01	; 1
    36ac:	f1 f7       	brne	.-4      	; 0x36aa <main+0x78>
    36ae:	00 c0       	rjmp	.+0      	; 0x36b0 <main+0x7e>
    36b0:	00 00       	nop
/* -----------------------------------------------------------------
 * Millisecond delay
 * ----------------------------------------------------------------- */
static inline void DELAY_voidMs(u16 Copy_u16Ms)
{
    while (Copy_u16Ms--)
    36b2:	01 97       	sbiw	r24, 0x01	; 1
    36b4:	bf ef       	ldi	r27, 0xFF	; 255
    36b6:	8f 3f       	cpi	r24, 0xFF	; 255
    36b8:	9b 07       	cpc	r25, r27
    36ba:	a9 f7       	brne	.-22     	; 0x36a6 <main+0x74>
  DELAY_voidMs(1500);
  HLCD_voidClearScreen();
    36bc:	0e 94 84 16 	call	0x2d08	; 0x2d08 <HLCD_voidClearScreen>

  /* ---- Show splash screen ---- */
  APP_voidSplashScreen();

  /* ---- Initialize DDS engine ---- */
  DDS_voidInit();
    36c0:	0e 94 3c 09 	call	0x1278	; 0x1278 <DDS_voidInit>
  /* Write valid flag */
  MEEPROM_u8WriteByte(EEPROM_VALID_FLAG_ADDR, EEPROM_VALID_FLAG_VAL);
}

static void APP_voidLoadSettings(void) {
  u8 local_u8Valid = 0;
    36c4:	19 82       	std	Y+1, r1	; 0x01
  MEEPROM_u8ReadByte(EEPROM_VALID_FLAG_ADDR, &local_u8Valid);
    36c6:	86 e1       	ldi	r24, 0x16	; 22
    36c8:	90 e0       	ldi	r25, 0x00	; 0
    36ca:	be 01       	movw	r22, r28
    36cc:	6f 5f       	subi	r22, 0xFF	; 255
    36ce:	7f 4f       	sbci	r23, 0xFF	; 255
    36d0:	0e 94 2c 0e 	call	0x1c58	; 0x1c58 <MEEPROM_u8ReadByte>

  if (local_u8Valid == EEPROM_VALID_FLAG_VAL) {
    36d4:	89 81       	ldd	r24, Y+1	; 0x01
    36d6:	8a 3a       	cpi	r24, 0xAA	; 170
    36d8:	09 f4       	brne	.+2      	; 0x36dc <main+0xaa>
    36da:	2c c1       	rjmp	.+600    	; 0x3934 <main+0x302>
    36dc:	a7 e0       	ldi	r26, 0x07	; 7
    36de:	ca 2e       	mov	r12, r26
    36e0:	d1 2c       	mov	r13, r1
    36e2:	cc 0e       	add	r12, r28
    36e4:	dd 1e       	adc	r13, r29

  /* ---- Load saved settings from EEPROM ---- */
  APP_voidLoadSettings();

  /* ---- Enable global interrupts — waveform generation starts! ---- */
  sei();
    36e6:	78 94       	sei

  /* ---- Initial display ---- */
  APP_voidUpdateDisplay();
    36e8:	0e 94 c6 1a 	call	0x358c	; 0x358c <APP_voidUpdateDisplay>
    36ec:	59 e0       	ldi	r21, 0x09	; 9
    36ee:	e5 2e       	mov	r14, r21
    36f0:	f1 2c       	mov	r15, r1
    36f2:	ec 0e       	add	r14, r28
    36f4:	fd 1e       	adc	r15, r29
            u32 local_u32NewFreq = (u32)local_u16AdcVal * s_u32Multiplier;
            if (local_u32NewFreq == 0) {
              local_u32NewFreq = 1; /* Minimum 1 Hz */
            }
            DDS_voidSetFrequency(local_u32NewFreq);
            s_u8DisplayDirty = 1U;
    36f6:	01 e0       	ldi	r16, 0x01	; 1
          (s16)s_u16LastAdc) > ADC_HYSTERESIS || (s_u8DisplayDirty &&
          local_u8Key != KPD_NOT_PRESSED)) {
            s_u16LastAdc = local_u16AdcVal;

            u32 local_u32NewFreq = (u32)local_u16AdcVal * s_u32Multiplier;
            if (local_u32NewFreq == 0) {
    36f8:	41 e0       	ldi	r20, 0x01	; 1
    36fa:	84 2e       	mov	r8, r20
    36fc:	91 2c       	mov	r9, r1
    36fe:	a1 2c       	mov	r10, r1
    3700:	b1 2c       	mov	r11, r1
          s_u8DisplayDirty = 1U;
        } else if (local_u8Key == '-') {
          s_u32Multiplier = 10UL;
          s_u8DisplayDirty = 1U;
        } else if (local_u8Key == '*') {
          s_u32Multiplier = 100UL;
    3702:	34 e6       	ldi	r19, 0x64	; 100
    3704:	43 2e       	mov	r4, r19
    3706:	51 2c       	mov	r5, r1
    3708:	61 2c       	mov	r6, r1
    370a:	71 2c       	mov	r7, r1
  /* ====================================================================
   *  Super Loop (Non-Blocking Architecture)
   * ==================================================================== */
  while (1) {
    /* ---- Non-blocking 50 Hz UI tick (20 ms) ---- */
    if (MTIMER_u8IsIntervalElapsed(&local_u32LastLoopMs, UI_UPDATE_PERIOD_MS) ==
    370c:	c7 01       	movw	r24, r14
    370e:	64 e1       	ldi	r22, 0x14	; 20
    3710:	70 e0       	ldi	r23, 0x00	; 0
    3712:	0e 94 70 0b 	call	0x16e0	; 0x16e0 <MTIMER_u8IsIntervalElapsed>
    3716:	88 23       	and	r24, r24
    3718:	c9 f7       	brne	.-14     	; 0x370c <main+0xda>
        OK) {

      /* ========================================================
       *  Keypad Shortcuts & Override (4x4)
       * ======================================================== */
      local_u8Key = KPD_u8GetPressedKey();
    371a:	0e 94 72 18 	call	0x30e4	; 0x30e4 <KPD_u8GetPressedKey>
    371e:	18 2f       	mov	r17, r24

      if (local_u8Key != KPD_NOT_PRESSED) {
    3720:	8f 3f       	cpi	r24, 0xFF	; 255
    3722:	61 f1       	breq	.+88     	; 0x377c <main+0x14a>

        /* Numeric entry (Exact override) */
        if (local_u8Key >= '0' && local_u8Key <= '9') {
    3724:	80 53       	subi	r24, 0x30	; 48
    3726:	8a 30       	cpi	r24, 0x0A	; 10
    3728:	08 f0       	brcs	.+2      	; 0x372c <main+0xfa>
    372a:	47 c0       	rjmp	.+142    	; 0x37ba <main+0x188>
          if (!s_u8IsTyping) {
    372c:	80 91 db 02 	lds	r24, 0x02DB
    3730:	88 23       	and	r24, r24
    3732:	09 f0       	breq	.+2      	; 0x3736 <main+0x104>
    3734:	9a c0       	rjmp	.+308    	; 0x386a <main+0x238>
            s_u32TypedFreq = 0;
            s_u8IsTyping = 1U;
    3736:	00 93 db 02 	sts	0x02DB, r16
    373a:	20 e0       	ldi	r18, 0x00	; 0
    373c:	30 e0       	ldi	r19, 0x00	; 0
    373e:	40 e0       	ldi	r20, 0x00	; 0
    3740:	50 e0       	ldi	r21, 0x00	; 0
          }
          if (s_u32TypedFreq < 1000000UL) {
            s_u32TypedFreq = (s_u32TypedFreq * 10) + (local_u8Key - '0');
    3742:	81 2f       	mov	r24, r17
    3744:	90 e0       	ldi	r25, 0x00	; 0
    3746:	c0 97       	sbiw	r24, 0x30	; 48
    3748:	aa 27       	eor	r26, r26
    374a:	97 fd       	sbrc	r25, 7
    374c:	a0 95       	com	r26
    374e:	ba 2f       	mov	r27, r26
    3750:	82 0f       	add	r24, r18
    3752:	93 1f       	adc	r25, r19
    3754:	a4 1f       	adc	r26, r20
    3756:	b5 1f       	adc	r27, r21
    3758:	80 93 dc 02 	sts	0x02DC, r24
    375c:	90 93 dd 02 	sts	0x02DD, r25
    3760:	a0 93 de 02 	sts	0x02DE, r26
    3764:	b0 93 df 02 	sts	0x02DF, r27
          }
          s_u8DisplayDirty = 1U;
    3768:	00 93 d5 01 	sts	0x01D5, r16
          s_u32Multiplier = 100UL;
          s_u8DisplayDirty = 1U;
        }

        /* Save settings immediately on multiplier change */
        if (local_u8Key == '+' || local_u8Key == '-' || local_u8Key == '*') {
    376c:	1b 32       	cpi	r17, 0x2B	; 43
    376e:	01 f1       	breq	.+64     	; 0x37b0 <main+0x17e>
    3770:	1d 32       	cpi	r17, 0x2D	; 45
    3772:	f1 f0       	breq	.+60     	; 0x37b0 <main+0x17e>
    3774:	1a 32       	cpi	r17, 0x2A	; 42
    3776:	e1 f0       	breq	.+56     	; 0x37b0 <main+0x17e>
          /* Force an ADC re-read to apply the new multiplier instantly */
          s_u8DisplayDirty = 1U;
        }

        /* Waveform Cycle (Using /) */
        else if (local_u8Key == '/') {
    3778:	1f 32       	cpi	r17, 0x2F	; 47
    377a:	c1 f0       	breq	.+48     	; 0x37ac <main+0x17a>
    377c:	80 91 db 02 	lds	r24, 0x02DB
      }

      /* ========================================================
       *  Potentiometer Sweeping (ADC0)
       * ======================================================== */
      if (!s_u8IsTyping) {
    3780:	88 23       	and	r24, r24
    3782:	c1 f1       	breq	.+112    	; 0x37f4 <main+0x1c2>
      }

      /* ========================================================
       *  LCD Refresh (10 Hz)
       * ======================================================== */
      s_u8LcdDivCounter++;
    3784:	80 91 e0 02 	lds	r24, 0x02E0
    3788:	8f 5f       	subi	r24, 0xFF	; 255
    378a:	80 93 e0 02 	sts	0x02E0, r24
      if (s_u8LcdDivCounter >= LCD_REFRESH_DIV) {
    378e:	85 30       	cpi	r24, 0x05	; 5
    3790:	08 f4       	brcc	.+2      	; 0x3794 <main+0x162>
    3792:	bc cf       	rjmp	.-136    	; 0x370c <main+0xda>
        s_u8LcdDivCounter = 0U;
    3794:	10 92 e0 02 	sts	0x02E0, r1

        if (s_u8DisplayDirty) {
    3798:	80 91 d5 01 	lds	r24, 0x01D5
    379c:	88 23       	and	r24, r24
    379e:	09 f4       	brne	.+2      	; 0x37a2 <main+0x170>
    37a0:	b5 cf       	rjmp	.-150    	; 0x370c <main+0xda>
          APP_voidUpdateDisplay();
    37a2:	0e 94 c6 1a 	call	0x358c	; 0x358c <APP_voidUpdateDisplay>
          s_u8DisplayDirty = 0U;
    37a6:	10 92 d5 01 	sts	0x01D5, r1
    37aa:	b0 cf       	rjmp	.-160    	; 0x370c <main+0xda>
          s_u8DisplayDirty = 1U;
        }

        /* Waveform Cycle (Using /) */
        else if (local_u8Key == '/') {
          DDS_voidCycleWaveform();
    37ac:	0e 94 7a 09 	call	0x12f4	; 0x12f4 <DDS_voidCycleWaveform>
          APP_voidSaveSettings();
    37b0:	0e 94 88 1a 	call	0x3510	; 0x3510 <APP_voidSaveSettings>
          s_u8DisplayDirty = 1U;
    37b4:	00 93 d5 01 	sts	0x01D5, r16
    37b8:	e1 cf       	rjmp	.-62     	; 0x377c <main+0x14a>
            s_u32TypedFreq = (s_u32TypedFreq * 10) + (local_u8Key - '0');
          }
          s_u8DisplayDirty = 1U;
        }
        /* Enter exact frequency */
        else if (local_u8Key == '=') { /* Using '=' as Enter in 4x4 */
    37ba:	1d 33       	cpi	r17, 0x3D	; 61
    37bc:	09 f4       	brne	.+2      	; 0x37c0 <main+0x18e>
    37be:	6f c0       	rjmp	.+222    	; 0x389e <main+0x26c>
            APP_voidSaveSettings();
            s_u8DisplayDirty = 1U;
          }
        }
        /* Clear typed frequency */
        else if (local_u8Key == 'C') {
    37c0:	13 34       	cpi	r17, 0x43	; 67
    37c2:	09 f4       	brne	.+2      	; 0x37c6 <main+0x194>
    37c4:	84 c0       	rjmp	.+264    	; 0x38ce <main+0x29c>
          s_u32TypedFreq = 0;
          s_u8DisplayDirty = 1U;
        }

        /* Multiplier Toggle (Using +, -, *) */
        else if (local_u8Key == '+') {
    37c6:	1b 32       	cpi	r17, 0x2B	; 43
    37c8:	09 f4       	brne	.+2      	; 0x37cc <main+0x19a>
    37ca:	8e c0       	rjmp	.+284    	; 0x38e8 <main+0x2b6>
          s_u32Multiplier = 1UL;
          s_u8DisplayDirty = 1U;
        } else if (local_u8Key == '-') {
    37cc:	1d 32       	cpi	r17, 0x2D	; 45
    37ce:	09 f4       	brne	.+2      	; 0x37d2 <main+0x1a0>
    37d0:	9a c0       	rjmp	.+308    	; 0x3906 <main+0x2d4>
          s_u32Multiplier = 10UL;
          s_u8DisplayDirty = 1U;
        } else if (local_u8Key == '*') {
    37d2:	1a 32       	cpi	r17, 0x2A	; 42
    37d4:	69 f6       	brne	.-102    	; 0x3770 <main+0x13e>
          s_u32Multiplier = 100UL;
    37d6:	40 92 d6 01 	sts	0x01D6, r4
    37da:	50 92 d7 01 	sts	0x01D7, r5
    37de:	60 92 d8 01 	sts	0x01D8, r6
    37e2:	70 92 d9 01 	sts	0x01D9, r7
          s_u8DisplayDirty = 1U;
    37e6:	00 93 d5 01 	sts	0x01D5, r16
        }

        /* Waveform Cycle (Using /) */
        else if (local_u8Key == '/') {
          DDS_voidCycleWaveform();
          APP_voidSaveSettings();
    37ea:	0e 94 88 1a 	call	0x3510	; 0x3510 <APP_voidSaveSettings>
          s_u8DisplayDirty = 1U;
    37ee:	00 93 d5 01 	sts	0x01D5, r16
    37f2:	c4 cf       	rjmp	.-120    	; 0x377c <main+0x14a>

      /* ========================================================
       *  Potentiometer Sweeping (ADC0)
       * ======================================================== */
      if (!s_u8IsTyping) {
        u16 local_u16AdcVal = 0;
    37f4:	18 86       	std	Y+8, r1	; 0x08
    37f6:	1f 82       	std	Y+7, r1	; 0x07
        if (ADC_enumReadChannel(ADC_CHANNEL_0, &local_u16AdcVal) == ADC_OK) {
    37f8:	b6 01       	movw	r22, r12
    37fa:	0e 94 cd 10 	call	0x219a	; 0x219a <ADC_enumReadChannel>
    37fe:	88 23       	and	r24, r24
    3800:	09 f6       	brne	.-126    	; 0x3784 <main+0x152>
          static u16 s_u16LastAdc = 0xFFFF;

          /* If ADC moved past hysteresis, OR the multiplier was just changed
          (making display dirty) */ if (abs((s16)local_u16AdcVal -
    3802:	6f 81       	ldd	r22, Y+7	; 0x07
    3804:	78 85       	ldd	r23, Y+8	; 0x08
    3806:	80 91 da 01 	lds	r24, 0x01DA
    380a:	90 91 db 01 	lds	r25, 0x01DB
    380e:	db 01       	movw	r26, r22
    3810:	a8 1b       	sub	r26, r24
    3812:	b9 0b       	sbc	r27, r25
    3814:	cd 01       	movw	r24, r26
    3816:	b7 fd       	sbrc	r27, 7
    3818:	89 c0       	rjmp	.+274    	; 0x392c <main+0x2fa>
    381a:	04 97       	sbiw	r24, 0x04	; 4
    381c:	44 f4       	brge	.+16     	; 0x382e <main+0x1fc>
    381e:	80 91 d5 01 	lds	r24, 0x01D5
    3822:	88 23       	and	r24, r24
    3824:	09 f4       	brne	.+2      	; 0x3828 <main+0x1f6>
    3826:	ae cf       	rjmp	.-164    	; 0x3784 <main+0x152>
    3828:	1f 3f       	cpi	r17, 0xFF	; 255
    382a:	09 f4       	brne	.+2      	; 0x382e <main+0x1fc>
    382c:	ab cf       	rjmp	.-170    	; 0x3784 <main+0x152>
          (s16)s_u16LastAdc) > ADC_HYSTERESIS || (s_u8DisplayDirty &&
          local_u8Key != KPD_NOT_PRESSED)) {
            s_u16LastAdc = local_u16AdcVal;
    382e:	70 93 db 01 	sts	0x01DB, r23
    3832:	60 93 da 01 	sts	0x01DA, r22

            u32 local_u32NewFreq = (u32)local_u16AdcVal * s_u32Multiplier;
    3836:	80 e0       	ldi	r24, 0x00	; 0
    3838:	90 e0       	ldi	r25, 0x00	; 0
    383a:	20 91 d6 01 	lds	r18, 0x01D6
    383e:	30 91 d7 01 	lds	r19, 0x01D7
    3842:	40 91 d8 01 	lds	r20, 0x01D8
    3846:	50 91 d9 01 	lds	r21, 0x01D9
    384a:	0e 94 10 1d 	call	0x3a20	; 0x3a20 <__mulsi3>
            if (local_u32NewFreq == 0) {
    384e:	61 15       	cp	r22, r1
    3850:	71 05       	cpc	r23, r1
    3852:	81 05       	cpc	r24, r1
    3854:	91 05       	cpc	r25, r1
    3856:	21 f4       	brne	.+8      	; 0x3860 <main+0x22e>
    3858:	61 e0       	ldi	r22, 0x01	; 1
    385a:	70 e0       	ldi	r23, 0x00	; 0
    385c:	80 e0       	ldi	r24, 0x00	; 0
    385e:	90 e0       	ldi	r25, 0x00	; 0
              local_u32NewFreq = 1; /* Minimum 1 Hz */
            }
            DDS_voidSetFrequency(local_u32NewFreq);
    3860:	0e 94 8d 09 	call	0x131a	; 0x131a <DDS_voidSetFrequency>
            s_u8DisplayDirty = 1U;
    3864:	00 93 d5 01 	sts	0x01D5, r16
    3868:	8d cf       	rjmp	.-230    	; 0x3784 <main+0x152>
        if (local_u8Key >= '0' && local_u8Key <= '9') {
          if (!s_u8IsTyping) {
            s_u32TypedFreq = 0;
            s_u8IsTyping = 1U;
          }
          if (s_u32TypedFreq < 1000000UL) {
    386a:	60 91 dc 02 	lds	r22, 0x02DC
    386e:	70 91 dd 02 	lds	r23, 0x02DD
    3872:	80 91 de 02 	lds	r24, 0x02DE
    3876:	90 91 df 02 	lds	r25, 0x02DF
    387a:	60 34       	cpi	r22, 0x40	; 64
    387c:	e2 e4       	ldi	r30, 0x42	; 66
    387e:	7e 07       	cpc	r23, r30
    3880:	ef e0       	ldi	r30, 0x0F	; 15
    3882:	8e 07       	cpc	r24, r30
    3884:	e0 e0       	ldi	r30, 0x00	; 0
    3886:	9e 07       	cpc	r25, r30
    3888:	08 f0       	brcs	.+2      	; 0x388c <main+0x25a>
    388a:	6e cf       	rjmp	.-292    	; 0x3768 <main+0x136>
    388c:	2a e0       	ldi	r18, 0x0A	; 10
    388e:	30 e0       	ldi	r19, 0x00	; 0
    3890:	40 e0       	ldi	r20, 0x00	; 0
    3892:	50 e0       	ldi	r21, 0x00	; 0
    3894:	0e 94 10 1d 	call	0x3a20	; 0x3a20 <__mulsi3>
    3898:	9b 01       	movw	r18, r22
    389a:	ac 01       	movw	r20, r24
    389c:	52 cf       	rjmp	.-348    	; 0x3742 <main+0x110>
          }
          s_u8DisplayDirty = 1U;
        }
        /* Enter exact frequency */
        else if (local_u8Key == '=') { /* Using '=' as Enter in 4x4 */
          if (s_u8IsTyping) {
    389e:	80 91 db 02 	lds	r24, 0x02DB
    38a2:	88 23       	and	r24, r24
    38a4:	09 f4       	brne	.+2      	; 0x38a8 <main+0x276>
    38a6:	6c cf       	rjmp	.-296    	; 0x3780 <main+0x14e>
            DDS_voidSetFrequency(s_u32TypedFreq);
    38a8:	60 91 dc 02 	lds	r22, 0x02DC
    38ac:	70 91 dd 02 	lds	r23, 0x02DD
    38b0:	80 91 de 02 	lds	r24, 0x02DE
    38b4:	90 91 df 02 	lds	r25, 0x02DF
    38b8:	0e 94 8d 09 	call	0x131a	; 0x131a <DDS_voidSetFrequency>
            s_u8IsTyping = 0U;
    38bc:	10 92 db 02 	sts	0x02DB, r1
            APP_voidSaveSettings();
    38c0:	0e 94 88 1a 	call	0x3510	; 0x3510 <APP_voidSaveSettings>
            s_u8DisplayDirty = 1U;
    38c4:	00 93 d5 01 	sts	0x01D5, r16
    38c8:	80 91 db 02 	lds	r24, 0x02DB
    38cc:	59 cf       	rjmp	.-334    	; 0x3780 <main+0x14e>
          }
        }
        /* Clear typed frequency */
        else if (local_u8Key == 'C') {
          s_u8IsTyping = 0U;
    38ce:	10 92 db 02 	sts	0x02DB, r1
          s_u32TypedFreq = 0;
    38d2:	10 92 dc 02 	sts	0x02DC, r1
    38d6:	10 92 dd 02 	sts	0x02DD, r1
    38da:	10 92 de 02 	sts	0x02DE, r1
    38de:	10 92 df 02 	sts	0x02DF, r1
          s_u8DisplayDirty = 1U;
    38e2:	00 93 d5 01 	sts	0x01D5, r16
    38e6:	4a cf       	rjmp	.-364    	; 0x377c <main+0x14a>
        }

        /* Multiplier Toggle (Using +, -, *) */
        else if (local_u8Key == '+') {
          s_u32Multiplier = 1UL;
    38e8:	80 92 d6 01 	sts	0x01D6, r8
    38ec:	90 92 d7 01 	sts	0x01D7, r9
    38f0:	a0 92 d8 01 	sts	0x01D8, r10
    38f4:	b0 92 d9 01 	sts	0x01D9, r11
          s_u8DisplayDirty = 1U;
    38f8:	00 93 d5 01 	sts	0x01D5, r16
        }

        /* Waveform Cycle (Using /) */
        else if (local_u8Key == '/') {
          DDS_voidCycleWaveform();
          APP_voidSaveSettings();
    38fc:	0e 94 88 1a 	call	0x3510	; 0x3510 <APP_voidSaveSettings>
          s_u8DisplayDirty = 1U;
    3900:	00 93 d5 01 	sts	0x01D5, r16
    3904:	3b cf       	rjmp	.-394    	; 0x377c <main+0x14a>
        /* Multiplier Toggle (Using +, -, *) */
        else if (local_u8Key == '+') {
          s_u32Multiplier = 1UL;
          s_u8DisplayDirty = 1U;
        } else if (local_u8Key == '-') {
          s_u32Multiplier = 10UL;
    3906:	8a e0       	ldi	r24, 0x0A	; 10
    3908:	90 e0       	ldi	r25, 0x00	; 0
    390a:	a0 e0       	ldi	r26, 0x00	; 0
    390c:	b0 e0       	ldi	r27, 0x00	; 0
    390e:	80 93 d6 01 	sts	0x01D6, r24
    3912:	90 93 d7 01 	sts	0x01D7, r25
    3916:	a0 93 d8 01 	sts	0x01D8, r26
    391a:	b0 93 d9 01 	sts	0x01D9, r27
          s_u8DisplayDirty = 1U;
    391e:	00 93 d5 01 	sts	0x01D5, r16
        }

        /* Waveform Cycle (Using /) */
        else if (local_u8Key == '/') {
          DDS_voidCycleWaveform();
          APP_voidSaveSettings();
    3922:	0e 94 88 1a 	call	0x3510	; 0x3510 <APP_voidSaveSettings>
          s_u8DisplayDirty = 1U;
    3926:	00 93 d5 01 	sts	0x01D5, r16
    392a:	28 cf       	rjmp	.-432    	; 0x377c <main+0x14a>
        u16 local_u16AdcVal = 0;
        if (ADC_enumReadChannel(ADC_CHANNEL_0, &local_u16AdcVal) == ADC_OK) {
          static u16 s_u16LastAdc = 0xFFFF;

          /* If ADC moved past hysteresis, OR the multiplier was just changed
          (making display dirty) */ if (abs((s16)local_u16AdcVal -
    392c:	90 95       	com	r25
    392e:	81 95       	neg	r24
    3930:	9f 4f       	sbci	r25, 0xFF	; 255
    3932:	73 cf       	rjmp	.-282    	; 0x381a <main+0x1e8>
static void APP_voidLoadSettings(void) {
  u8 local_u8Valid = 0;
  MEEPROM_u8ReadByte(EEPROM_VALID_FLAG_ADDR, &local_u8Valid);

  if (local_u8Valid == EEPROM_VALID_FLAG_VAL) {
    u8 local_u8Wave = 0;
    3934:	1a 82       	std	Y+2, r1	; 0x02
    u8 b0 = 0, b1 = 0, b2 = 0, b3 = 0, m = 1;
    3936:	1b 82       	std	Y+3, r1	; 0x03
    3938:	1c 82       	std	Y+4, r1	; 0x04
    393a:	1d 82       	std	Y+5, r1	; 0x05
    393c:	1e 82       	std	Y+6, r1	; 0x06
    393e:	81 e0       	ldi	r24, 0x01	; 1
    3940:	8f 83       	std	Y+7, r24	; 0x07

    MEEPROM_u8ReadByte(EEPROM_ADDR_WAVEFORM, &local_u8Wave);
    3942:	80 e1       	ldi	r24, 0x10	; 16
    3944:	90 e0       	ldi	r25, 0x00	; 0
    3946:	be 01       	movw	r22, r28
    3948:	6e 5f       	subi	r22, 0xFE	; 254
    394a:	7f 4f       	sbci	r23, 0xFF	; 255
    394c:	0e 94 2c 0e 	call	0x1c58	; 0x1c58 <MEEPROM_u8ReadByte>
    MEEPROM_u8ReadByte(EEPROM_ADDR_FREQ_B0, &b0);
    3950:	81 e1       	ldi	r24, 0x11	; 17
    3952:	90 e0       	ldi	r25, 0x00	; 0
    3954:	be 01       	movw	r22, r28
    3956:	6d 5f       	subi	r22, 0xFD	; 253
    3958:	7f 4f       	sbci	r23, 0xFF	; 255
    395a:	0e 94 2c 0e 	call	0x1c58	; 0x1c58 <MEEPROM_u8ReadByte>
    MEEPROM_u8ReadByte(EEPROM_ADDR_FREQ_B1, &b1);
    395e:	82 e1       	ldi	r24, 0x12	; 18
    3960:	90 e0       	ldi	r25, 0x00	; 0
    3962:	be 01       	movw	r22, r28
    3964:	6c 5f       	subi	r22, 0xFC	; 252
    3966:	7f 4f       	sbci	r23, 0xFF	; 255
    3968:	0e 94 2c 0e 	call	0x1c58	; 0x1c58 <MEEPROM_u8ReadByte>
    MEEPROM_u8ReadByte(EEPROM_ADDR_FREQ_B2, &b2);
    396c:	83 e1       	ldi	r24, 0x13	; 19
    396e:	90 e0       	ldi	r25, 0x00	; 0
    3970:	be 01       	movw	r22, r28
    3972:	6b 5f       	subi	r22, 0xFB	; 251
    3974:	7f 4f       	sbci	r23, 0xFF	; 255
    3976:	0e 94 2c 0e 	call	0x1c58	; 0x1c58 <MEEPROM_u8ReadByte>
    MEEPROM_u8ReadByte(EEPROM_ADDR_FREQ_B3, &b3);
    397a:	84 e1       	ldi	r24, 0x14	; 20
    397c:	90 e0       	ldi	r25, 0x00	; 0
    397e:	be 01       	movw	r22, r28
    3980:	6a 5f       	subi	r22, 0xFA	; 250
    3982:	7f 4f       	sbci	r23, 0xFF	; 255
    3984:	0e 94 2c 0e 	call	0x1c58	; 0x1c58 <MEEPROM_u8ReadByte>
    MEEPROM_u8ReadByte(EEPROM_ADDR_MULT, &m);
    3988:	f7 e0       	ldi	r31, 0x07	; 7
    398a:	cf 2e       	mov	r12, r31
    398c:	d1 2c       	mov	r13, r1
    398e:	cc 0e       	add	r12, r28
    3990:	dd 1e       	adc	r13, r29
    3992:	85 e1       	ldi	r24, 0x15	; 21
    3994:	90 e0       	ldi	r25, 0x00	; 0
    3996:	b6 01       	movw	r22, r12
    3998:	0e 94 2c 0e 	call	0x1c58	; 0x1c58 <MEEPROM_u8ReadByte>

    u32 local_u32Freq =
        ((u32)b3 << 24) | ((u32)b2 << 16) | ((u32)b1 << 8) | (u32)b0;
    399c:	ee 80       	ldd	r14, Y+6	; 0x06
    399e:	ff 24       	eor	r15, r15
    39a0:	00 e0       	ldi	r16, 0x00	; 0
    39a2:	10 e0       	ldi	r17, 0x00	; 0
    39a4:	1e 2d       	mov	r17, r14
    39a6:	00 27       	eor	r16, r16
    39a8:	ff 24       	eor	r15, r15
    39aa:	ee 24       	eor	r14, r14
    39ac:	8d 81       	ldd	r24, Y+5	; 0x05
    39ae:	90 e0       	ldi	r25, 0x00	; 0
    39b0:	a0 e0       	ldi	r26, 0x00	; 0
    39b2:	b0 e0       	ldi	r27, 0x00	; 0
    39b4:	dc 01       	movw	r26, r24
    39b6:	99 27       	eor	r25, r25
    39b8:	88 27       	eor	r24, r24
    39ba:	e8 2a       	or	r14, r24
    39bc:	f9 2a       	or	r15, r25
    39be:	0a 2b       	or	r16, r26
    39c0:	1b 2b       	or	r17, r27
    39c2:	8b 81       	ldd	r24, Y+3	; 0x03
    39c4:	90 e0       	ldi	r25, 0x00	; 0
    39c6:	a0 e0       	ldi	r26, 0x00	; 0
    39c8:	b0 e0       	ldi	r27, 0x00	; 0
    39ca:	e8 2a       	or	r14, r24
    39cc:	f9 2a       	or	r15, r25
    39ce:	0a 2b       	or	r16, r26
    39d0:	1b 2b       	or	r17, r27
    39d2:	8c 81       	ldd	r24, Y+4	; 0x04
    39d4:	90 e0       	ldi	r25, 0x00	; 0
    39d6:	a0 e0       	ldi	r26, 0x00	; 0
    39d8:	b0 e0       	ldi	r27, 0x00	; 0
    39da:	ba 2f       	mov	r27, r26
    39dc:	a9 2f       	mov	r26, r25
    39de:	98 2f       	mov	r25, r24
    39e0:	88 27       	eor	r24, r24
    39e2:	e8 2a       	or	r14, r24
    39e4:	f9 2a       	or	r15, r25
    39e6:	0a 2b       	or	r16, r26
    39e8:	1b 2b       	or	r17, r27

    DDS_voidSetWaveform(local_u8Wave);
    39ea:	8a 81       	ldd	r24, Y+2	; 0x02
    39ec:	0e 94 6f 09 	call	0x12de	; 0x12de <DDS_voidSetWaveform>
    DDS_voidSetFrequency(local_u32Freq);
    39f0:	c8 01       	movw	r24, r16
    39f2:	b7 01       	movw	r22, r14
    39f4:	0e 94 8d 09 	call	0x131a	; 0x131a <DDS_voidSetFrequency>
    s_u32Multiplier = (m > 0) ? m : 1;
    39f8:	8f 81       	ldd	r24, Y+7	; 0x07
    39fa:	88 23       	and	r24, r24
    39fc:	69 f4       	brne	.+26     	; 0x3a18 <main+0x3e6>
    39fe:	81 e0       	ldi	r24, 0x01	; 1
    3a00:	90 e0       	ldi	r25, 0x00	; 0
    3a02:	a0 e0       	ldi	r26, 0x00	; 0
    3a04:	b0 e0       	ldi	r27, 0x00	; 0
    3a06:	80 93 d6 01 	sts	0x01D6, r24
    3a0a:	90 93 d7 01 	sts	0x01D7, r25
    3a0e:	a0 93 d8 01 	sts	0x01D8, r26
    3a12:	b0 93 d9 01 	sts	0x01D9, r27
    3a16:	67 ce       	rjmp	.-818    	; 0x36e6 <main+0xb4>
    3a18:	90 e0       	ldi	r25, 0x00	; 0
    3a1a:	a0 e0       	ldi	r26, 0x00	; 0
    3a1c:	b0 e0       	ldi	r27, 0x00	; 0
    3a1e:	f3 cf       	rjmp	.-26     	; 0x3a06 <main+0x3d4>

00003a20 <__mulsi3>:
    3a20:	62 9f       	mul	r22, r18
    3a22:	d0 01       	movw	r26, r0
    3a24:	73 9f       	mul	r23, r19
    3a26:	f0 01       	movw	r30, r0
    3a28:	82 9f       	mul	r24, r18
    3a2a:	e0 0d       	add	r30, r0
    3a2c:	f1 1d       	adc	r31, r1
    3a2e:	64 9f       	mul	r22, r20
    3a30:	e0 0d       	add	r30, r0
    3a32:	f1 1d       	adc	r31, r1
    3a34:	92 9f       	mul	r25, r18
    3a36:	f0 0d       	add	r31, r0
    3a38:	83 9f       	mul	r24, r19
    3a3a:	f0 0d       	add	r31, r0
    3a3c:	74 9f       	mul	r23, r20
    3a3e:	f0 0d       	add	r31, r0
    3a40:	65 9f       	mul	r22, r21
    3a42:	f0 0d       	add	r31, r0
    3a44:	99 27       	eor	r25, r25
    3a46:	72 9f       	mul	r23, r18
    3a48:	b0 0d       	add	r27, r0
    3a4a:	e1 1d       	adc	r30, r1
    3a4c:	f9 1f       	adc	r31, r25
    3a4e:	63 9f       	mul	r22, r19
    3a50:	b0 0d       	add	r27, r0
    3a52:	e1 1d       	adc	r30, r1
    3a54:	f9 1f       	adc	r31, r25
    3a56:	bd 01       	movw	r22, r26
    3a58:	cf 01       	movw	r24, r30
    3a5a:	11 24       	eor	r1, r1
    3a5c:	08 95       	ret

00003a5e <__udivmodsi4>:
    3a5e:	a1 e2       	ldi	r26, 0x21	; 33
    3a60:	1a 2e       	mov	r1, r26
    3a62:	aa 1b       	sub	r26, r26
    3a64:	bb 1b       	sub	r27, r27
    3a66:	fd 01       	movw	r30, r26
    3a68:	0d c0       	rjmp	.+26     	; 0x3a84 <__udivmodsi4_ep>

00003a6a <__udivmodsi4_loop>:
    3a6a:	aa 1f       	adc	r26, r26
    3a6c:	bb 1f       	adc	r27, r27
    3a6e:	ee 1f       	adc	r30, r30
    3a70:	ff 1f       	adc	r31, r31
    3a72:	a2 17       	cp	r26, r18
    3a74:	b3 07       	cpc	r27, r19
    3a76:	e4 07       	cpc	r30, r20
    3a78:	f5 07       	cpc	r31, r21
    3a7a:	20 f0       	brcs	.+8      	; 0x3a84 <__udivmodsi4_ep>
    3a7c:	a2 1b       	sub	r26, r18
    3a7e:	b3 0b       	sbc	r27, r19
    3a80:	e4 0b       	sbc	r30, r20
    3a82:	f5 0b       	sbc	r31, r21

00003a84 <__udivmodsi4_ep>:
    3a84:	66 1f       	adc	r22, r22
    3a86:	77 1f       	adc	r23, r23
    3a88:	88 1f       	adc	r24, r24
    3a8a:	99 1f       	adc	r25, r25
    3a8c:	1a 94       	dec	r1
    3a8e:	69 f7       	brne	.-38     	; 0x3a6a <__udivmodsi4_loop>
    3a90:	60 95       	com	r22
    3a92:	70 95       	com	r23
    3a94:	80 95       	com	r24
    3a96:	90 95       	com	r25
    3a98:	9b 01       	movw	r18, r22
    3a9a:	ac 01       	movw	r20, r24
    3a9c:	bd 01       	movw	r22, r26
    3a9e:	cf 01       	movw	r24, r30
    3aa0:	08 95       	ret

00003aa2 <__prologue_saves__>:
    3aa2:	2f 92       	push	r2
    3aa4:	3f 92       	push	r3
    3aa6:	4f 92       	push	r4
    3aa8:	5f 92       	push	r5
    3aaa:	6f 92       	push	r6
    3aac:	7f 92       	push	r7
    3aae:	8f 92       	push	r8
    3ab0:	9f 92       	push	r9
    3ab2:	af 92       	push	r10
    3ab4:	bf 92       	push	r11
    3ab6:	cf 92       	push	r12
    3ab8:	df 92       	push	r13
    3aba:	ef 92       	push	r14
    3abc:	ff 92       	push	r15
    3abe:	0f 93       	push	r16
    3ac0:	1f 93       	push	r17
    3ac2:	cf 93       	push	r28
    3ac4:	df 93       	push	r29
    3ac6:	cd b7       	in	r28, 0x3d	; 61
    3ac8:	de b7       	in	r29, 0x3e	; 62
    3aca:	ca 1b       	sub	r28, r26
    3acc:	db 0b       	sbc	r29, r27
    3ace:	0f b6       	in	r0, 0x3f	; 63
    3ad0:	f8 94       	cli
    3ad2:	de bf       	out	0x3e, r29	; 62
    3ad4:	0f be       	out	0x3f, r0	; 63
    3ad6:	cd bf       	out	0x3d, r28	; 61
    3ad8:	09 94       	ijmp

00003ada <__epilogue_restores__>:
    3ada:	2a 88       	ldd	r2, Y+18	; 0x12
    3adc:	39 88       	ldd	r3, Y+17	; 0x11
    3ade:	48 88       	ldd	r4, Y+16	; 0x10
    3ae0:	5f 84       	ldd	r5, Y+15	; 0x0f
    3ae2:	6e 84       	ldd	r6, Y+14	; 0x0e
    3ae4:	7d 84       	ldd	r7, Y+13	; 0x0d
    3ae6:	8c 84       	ldd	r8, Y+12	; 0x0c
    3ae8:	9b 84       	ldd	r9, Y+11	; 0x0b
    3aea:	aa 84       	ldd	r10, Y+10	; 0x0a
    3aec:	b9 84       	ldd	r11, Y+9	; 0x09
    3aee:	c8 84       	ldd	r12, Y+8	; 0x08
    3af0:	df 80       	ldd	r13, Y+7	; 0x07
    3af2:	ee 80       	ldd	r14, Y+6	; 0x06
    3af4:	fd 80       	ldd	r15, Y+5	; 0x05
    3af6:	0c 81       	ldd	r16, Y+4	; 0x04
    3af8:	1b 81       	ldd	r17, Y+3	; 0x03
    3afa:	aa 81       	ldd	r26, Y+2	; 0x02
    3afc:	b9 81       	ldd	r27, Y+1	; 0x01
    3afe:	ce 0f       	add	r28, r30
    3b00:	d1 1d       	adc	r29, r1
    3b02:	0f b6       	in	r0, 0x3f	; 63
    3b04:	f8 94       	cli
    3b06:	de bf       	out	0x3e, r29	; 62
    3b08:	0f be       	out	0x3f, r0	; 63
    3b0a:	cd bf       	out	0x3d, r28	; 61
    3b0c:	ed 01       	movw	r28, r26
    3b0e:	08 95       	ret

00003b10 <_exit>:
    3b10:	f8 94       	cli

00003b12 <__stop_program>:
    3b12:	ff cf       	rjmp	.-2      	; 0x3b12 <__stop_program>
